{
	"suite": "async-waterfall",
	"iterations": 10,
	"targets": [
		{
			"name": "octane-tsrx",
			"ops": {
				"init": {
					"score": 19.299999997019768,
					"median": 19.299999997019768,
					"min": 18.700000002980232,
					"mean": 19.199999998509885,
					"p95": 19.799999997019768,
					"sd": 0.36209268203404765,
					"rme": 1.3489974217879266,
					"scoreRme": 2.53246234645572,
					"warmupRatio": 0.9896373058522979,
					"samples": 10
				},
				"update": {
					"score": 18.05999999344349,
					"median": 18.19999998807907,
					"min": 17.399999991059303,
					"mean": 18.119999995827676,
					"p95": 18.400000005960464,
					"sd": 0.27808871710015165,
					"rme": 1.0977862223944046,
					"scoreRme": 2.599469549811646,
					"warmupRatio": 1.0066445185388668,
					"samples": 10
				}
			},
			"meta": {
				"levels": 10,
				"delayMs": 16
			}
		},
		{
			"name": "react",
			"ops": {
				"init": {
					"score": 303.8200000017881,
					"median": 304,
					"min": 303.09999999403954,
					"mean": 303.85,
					"p95": 304.59999999403954,
					"sd": 0.43525216221100377,
					"rme": 0.1024647057345348,
					"scoreRme": 0.14561964310600312,
					"warmupRatio": 1.0001974853413975,
					"samples": 10
				},
				"update": {
					"score": 175.42000000178814,
					"median": 175.3999999910593,
					"min": 172.59999999403954,
					"mean": 175.33999999910594,
					"p95": 177.5,
					"sd": 1.3234634724540155,
					"rme": 0.5399127179737715,
					"scoreRme": 1.300531524199331,
					"warmupRatio": 0.9990879032871806,
					"samples": 10
				}
			},
			"meta": {
				"levels": 10,
				"delayMs": 16
			}
		},
		{
			"name": "solid",
			"ops": {
				"init": {
					"score": 18.259999996423723,
					"median": 18.5,
					"min": 18,
					"mean": 18.37999999821186,
					"p95": 18.799999997019768,
					"sd": 0.2973961075103974,
					"rme": 1.1573970564546192,
					"scoreRme": 1.8369406142154525,
					"warmupRatio": 1.0131434832214283,
					"samples": 10
				},
				"update": {
					"score": 17.68000000119209,
					"median": 17.700000002980232,
					"min": 17.400000005960464,
					"mean": 17.68000000119209,
					"p95": 17.900000005960464,
					"sd": 0.1316561181736065,
					"rme": 0.532661595776804,
					"scoreRme": 1.350681838848884,
					"warmupRatio": 1,
					"samples": 10
				}
			},
			"meta": {
				"levels": 10,
				"delayMs": 16
			}
		},
		{
			"name": "ripple",
			"ops": {
				"init": {
					"score": 18.360000002384187,
					"median": 18.69999998807907,
					"min": 17.799999997019768,
					"mean": 18.579999999701975,
					"p95": 20.099999994039536,
					"sd": 0.6828046708248584,
					"rme": 2.6287142187180863,
					"scoreRme": 2.8925929479200914,
					"warmupRatio": 1.0239651413169086,
					"samples": 10
				},
				"update": {
					"score": 17.240000000596048,
					"median": 17.200000002980232,
					"min": 17.099999994039536,
					"mean": 17.199999998509885,
					"p95": 17.299999997019768,
					"sd": 0.08164965930944741,
					"rme": 0.33956156823351147,
					"scoreRme": 0.39441897450303526,
					"warmupRatio": 0.9953596285284477,
					"samples": 10
				}
			},
			"meta": {
				"levels": 10,
				"delayMs": 16
			}
		}
	],
	"harnessExit": 0
}
