{
  "suite": "async-waterfall",
  "iterations": 10,
  "targets": [
    {
      "name": "octane-tsrx",
      "ops": {
        "init": {
          "score": 20.10000000298023,
          "median": 20,
          "min": 19.400000005960464,
          "mean": 20.10000000298023,
          "p95": 21.80000001192093,
          "sd": 0.663324960217673,
          "rme": 2.360602608842281,
          "scoreRme": 2.360602608842281,
          "warmupRatio": 1,
          "samples": 10
        },
        "update": {
          "score": 18.129999996721743,
          "median": 18.299999997019768,
          "min": 17.400000005960464,
          "mean": 18.129999996721743,
          "p95": 18.400000005960464,
          "sd": 0.37727089952882614,
          "rme": 1.488497481364086,
          "scoreRme": 1.488497481364086,
          "warmupRatio": 1,
          "samples": 10
        }
      },
      "meta": {
        "levels": 10,
        "delayMs": 16
      }
    },
    {
      "name": "react",
      "ops": {
        "init": {
          "score": 303.9399999991059,
          "median": 304.1000000089407,
          "min": 302.59999999403954,
          "mean": 303.9399999991059,
          "p95": 305.29999999701977,
          "sd": 0.6963396363132122,
          "rme": 0.16387996321251364,
          "scoreRme": 0.16387996321251364,
          "warmupRatio": 1,
          "samples": 10
        },
        "update": {
          "score": 172.39000000059605,
          "median": 172.5,
          "min": 171.09999999403954,
          "mean": 172.39000000059605,
          "p95": 173.5,
          "sd": 0.7752418979973991,
          "rme": 0.3216753388217028,
          "scoreRme": 0.3216753388217028,
          "warmupRatio": 1,
          "samples": 10
        }
      },
      "meta": {
        "levels": 10,
        "delayMs": 16
      }
    },
    {
      "name": "solid",
      "ops": {
        "init": {
          "score": 18.960000003874303,
          "median": 18.899999991059303,
          "min": 18.299999997019768,
          "mean": 18.960000003874303,
          "p95": 19.600000008940697,
          "sd": 0.5601587098684054,
          "rme": 2.1133204746815513,
          "scoreRme": 2.1133204746815513,
          "warmupRatio": 1,
          "samples": 10
        },
        "update": {
          "score": 17.509999999403952,
          "median": 17.700000002980232,
          "min": 16.799999997019768,
          "mean": 17.509999999403952,
          "p95": 17.899999991059303,
          "sd": 0.38137179277607197,
          "rme": 1.5579554073419983,
          "scoreRme": 1.5579554073419983,
          "warmupRatio": 1,
          "samples": 10
        }
      },
      "meta": {
        "levels": 10,
        "delayMs": 16
      }
    },
    {
      "name": "ripple",
      "ops": {
        "init": {
          "score": 18.919999998807906,
          "median": 18.900000005960464,
          "min": 18.299999997019768,
          "mean": 18.919999998807906,
          "p95": 20,
          "sd": 0.47328638375342336,
          "rme": 1.7893507461277813,
          "scoreRme": 1.7893507461277813,
          "warmupRatio": 1,
          "samples": 10
        },
        "update": {
          "score": 16.950000001490118,
          "median": 17.19999998807907,
          "min": 16.400000005960464,
          "mean": 16.950000001490118,
          "p95": 17.30000001192093,
          "sd": 0.3566822406545265,
          "rme": 1.5052352638960966,
          "scoreRme": 1.5052352638960966,
          "warmupRatio": 1,
          "samples": 10
        }
      },
      "meta": {
        "levels": 10,
        "delayMs": 16
      }
    }
  ],
  "harnessExit": 0
}
