{
  "suite": "async-waterfall",
  "iterations": 10,
  "targets": [
    {
      "name": "octane-tsrx",
      "ops": {
        "init": {
          "median": 20.19999998807907,
          "min": 18.600000023841858,
          "samples": 10
        },
        "update": {
          "median": 19,
          "min": 17.299999952316284,
          "samples": 10
        }
      },
      "meta": {
        "levels": 10,
        "delayMs": 16
      }
    },
    {
      "name": "react",
      "ops": {
        "init": {
          "median": 307.30000001192093,
          "min": 305.30000001192093,
          "samples": 10
        },
        "update": {
          "median": 189.80000001192093,
          "min": 187.0999999642372,
          "samples": 10
        }
      },
      "meta": {
        "levels": 10,
        "delayMs": 16
      }
    },
    {
      "name": "solid",
      "ops": {
        "init": {
          "median": 18.899999976158142,
          "min": 18.19999998807907,
          "samples": 10
        },
        "update": {
          "median": 18.600000023841858,
          "min": 17,
          "samples": 10
        }
      },
      "meta": {
        "levels": 10,
        "delayMs": 16
      }
    },
    {
      "name": "ripple",
      "ops": {
        "init": {
          "median": 18.599999964237213,
          "min": 17.69999998807907,
          "samples": 10
        },
        "update": {
          "median": 17.399999976158142,
          "min": 16.5,
          "samples": 10
        }
      },
      "meta": {
        "levels": 10,
        "delayMs": 16
      }
    }
  ],
  "harnessExit": 0
}
