{
  "suite": "async-waterfall",
  "iterations": 10,
  "targets": [
    {
      "name": "octane-tsrx",
      "ops": {
        "init": {
          "score": 19.11000000089407,
          "median": 19.099999994039536,
          "min": 18.600000008940697,
          "mean": 19.11000000089407,
          "p95": 19.799999997019768,
          "sd": 0.3634709187449314,
          "rme": 1.3605095112657855,
          "scoreRme": 1.3605095112657855,
          "warmupRatio": 1,
          "samples": 10
        },
        "update": {
          "score": 17.97999999523163,
          "median": 18.099999994039536,
          "min": 17.100000008940697,
          "mean": 17.949999998509885,
          "p95": 18.200000002980232,
          "sd": 0.347211107643046,
          "rme": 1.3836356967934524,
          "scoreRme": 1.6484743571221798,
          "warmupRatio": 0.9966629592069298,
          "samples": 10
        }
      },
      "meta": {
        "levels": 10,
        "delayMs": 16
      }
    },
    {
      "name": "react",
      "ops": {
        "init": {
          "score": 303.9999999985099,
          "median": 304,
          "min": 303.19999998807907,
          "mean": 303.9999999985099,
          "p95": 304.70000000298023,
          "sd": 0.4594682957001682,
          "rme": 0.10811216551971452,
          "scoreRme": 0.10811216551971452,
          "warmupRatio": 1,
          "samples": 10
        },
        "update": {
          "score": 175.45999999940395,
          "median": 175.5,
          "min": 174.30000001192093,
          "mean": 175.49000000059604,
          "p95": 176.90000000596046,
          "sd": 0.7651434132685406,
          "rme": 0.3118768007813469,
          "scoreRme": 0.4262944198253625,
          "warmupRatio": 1.000341958294679,
          "samples": 10
        }
      },
      "meta": {
        "levels": 10,
        "delayMs": 16
      }
    },
    {
      "name": "solid",
      "ops": {
        "init": {
          "score": 18.509999997913837,
          "median": 18.599999994039536,
          "min": 18,
          "mean": 18.509999997913837,
          "p95": 19.200000002980232,
          "sd": 0.36651512053171104,
          "rme": 1.416374430693827,
          "scoreRme": 1.416374430693827,
          "warmupRatio": 1,
          "samples": 10
        },
        "update": {
          "score": 17.68000000119209,
          "median": 17.700000002980232,
          "min": 17.599999994039536,
          "mean": 17.650000001490117,
          "p95": 17.700000002980232,
          "sd": 0.05270462924019357,
          "rme": 0.2135977400587246,
          "scoreRme": 0.31402717737630836,
          "warmupRatio": 0.9966063348755708,
          "samples": 10
        }
      },
      "meta": {
        "levels": 10,
        "delayMs": 16
      }
    },
    {
      "name": "ripple",
      "ops": {
        "init": {
          "score": 18.609999999403954,
          "median": 18.599999994039536,
          "min": 18.200000002980232,
          "mean": 18.609999999403954,
          "p95": 19,
          "sd": 0.22827858067689002,
          "rme": 0.8774278017491939,
          "scoreRme": 0.8774278017491939,
          "warmupRatio": 1,
          "samples": 10
        },
        "update": {
          "score": 17.12000000178814,
          "median": 17.100000008940697,
          "min": 17.099999994039536,
          "mean": 17.14000000208616,
          "p95": 17.200000002980232,
          "sd": 0.05163977551270598,
          "rme": 0.2155093557390117,
          "scoreRme": 0.3242990098137164,
          "warmupRatio": 1.0023364486327027,
          "samples": 10
        }
      },
      "meta": {
        "levels": 10,
        "delayMs": 16
      }
    }
  ],
  "harnessExit": 0
}
