{
  "suite": "async-waterfall",
  "iterations": 10,
  "targets": [
    {
      "name": "octane-tsrx",
      "ops": {
        "init": {
          "score": 19.8,
          "median": 19.900000005960464,
          "min": 18.899999991059303,
          "mean": 19.8,
          "p95": 20.80000001192093,
          "sd": 0.5333333375553291,
          "rme": 1.9267534340542285,
          "scoreRme": 1.9267534340542285,
          "warmupRatio": 1,
          "samples": 10
        },
        "update": {
          "score": 18.97000000178814,
          "median": 19.200000002980232,
          "min": 17.600000008940697,
          "mean": 18.97000000178814,
          "p95": 19.400000005960464,
          "sd": 0.5696977745120565,
          "rme": 2.1481756654093513,
          "scoreRme": 2.1481756654093513,
          "warmupRatio": 1,
          "samples": 10
        }
      },
      "meta": {
        "levels": 10,
        "delayMs": 16
      }
    },
    {
      "name": "react",
      "ops": {
        "init": {
          "score": 304.4,
          "median": 304.6000000089407,
          "min": 303,
          "mean": 304.4,
          "p95": 305.3999999910593,
          "sd": 0.8219218633963108,
          "rme": 0.1931427832642587,
          "scoreRme": 0.1931427832642587,
          "warmupRatio": 1,
          "samples": 10
        },
        "update": {
          "score": 181.8600000038743,
          "median": 182.6000000089407,
          "min": 179.70000000298023,
          "mean": 181.8600000038743,
          "p95": 183.8999999910593,
          "sd": 1.7030691235793451,
          "rme": 0.669865620603677,
          "scoreRme": 0.669865620603677,
          "warmupRatio": 1,
          "samples": 10
        }
      },
      "meta": {
        "levels": 10,
        "delayMs": 16
      }
    },
    {
      "name": "solid",
      "ops": {
        "init": {
          "score": 18.88999999910593,
          "median": 19,
          "min": 18,
          "mean": 18.88999999910593,
          "p95": 19.899999991059303,
          "sd": 0.5858517066650519,
          "rme": 2.2184433450104137,
          "scoreRme": 2.2184433450104137,
          "warmupRatio": 1,
          "samples": 10
        },
        "update": {
          "score": 18.69000000357628,
          "median": 18.700000002980232,
          "min": 18.599999994039536,
          "mean": 18.69000000357628,
          "p95": 18.80000001192093,
          "sd": 0.0875595059218386,
          "rme": 0.33510939321365685,
          "scoreRme": 0.33510939321365685,
          "warmupRatio": 1,
          "samples": 10
        }
      },
      "meta": {
        "levels": 10,
        "delayMs": 16
      }
    },
    {
      "name": "ripple",
      "ops": {
        "init": {
          "score": 19.320000000298023,
          "median": 19.599999994039536,
          "min": 17.799999997019768,
          "mean": 19.320000000298023,
          "p95": 21,
          "sd": 0.9964381008751338,
          "rme": 3.6892306138997424,
          "scoreRme": 3.6892306138997424,
          "warmupRatio": 1,
          "samples": 10
        },
        "update": {
          "score": 17.61999999731779,
          "median": 18.19999998807907,
          "min": 16.19999998807907,
          "mean": 17.61999999731779,
          "p95": 18.200000002980232,
          "sd": 0.7969385869455533,
          "rme": 3.2352776086845827,
          "scoreRme": 3.2352776086845827,
          "warmupRatio": 1,
          "samples": 10
        }
      },
      "meta": {
        "levels": 10,
        "delayMs": 16
      }
    },
    {
      "name": "preact",
      "ops": {
        "init": {
          "score": 178.9199999988079,
          "median": 179.6000000089407,
          "min": 173,
          "mean": 178.9199999988079,
          "p95": 184.09999999403954,
          "sd": 3.633425076987666,
          "rme": 1.4526129793764906,
          "scoreRme": 1.4526129793764906,
          "warmupRatio": 1,
          "samples": 10
        },
        "update": {
          "score": 181.54999999701977,
          "median": 181.79999999701977,
          "min": 178.20000000298023,
          "mean": 181.54999999701977,
          "p95": 186.09999999403954,
          "sd": 2.0817994344268986,
          "rme": 0.8202292142311348,
          "scoreRme": 0.8202292142311348,
          "warmupRatio": 1,
          "samples": 10
        }
      },
      "meta": {
        "levels": 10,
        "delayMs": 16
      }
    },
    {
      "name": "svelte",
      "ops": {
        "init": {
          "score": 18.87999999821186,
          "median": 19.299999997019768,
          "min": 17.600000008940697,
          "mean": 18.87999999821186,
          "p95": 20.099999994039536,
          "sd": 0.7161626102401283,
          "rme": 2.713327734872418,
          "scoreRme": 2.713327734872418,
          "warmupRatio": 1,
          "samples": 10
        },
        "update": {
          "score": 18.679999999701977,
          "median": 18.900000005960464,
          "min": 16.899999991059303,
          "mean": 18.679999999701977,
          "p95": 19.299999997019768,
          "sd": 0.7161626147714201,
          "rme": 2.7423783701543525,
          "scoreRme": 2.7423783701543525,
          "warmupRatio": 1,
          "samples": 10
        }
      },
      "meta": {
        "levels": 10,
        "delayMs": 16
      }
    }
  ],
  "harnessExit": 0
}
