{
  "suite": "async-waterfall",
  "iterations": 10,
  "targets": [
    {
      "name": "octane-tsrx",
      "ops": {
        "init": {
          "score": 19.25,
          "median": 19.30000001192093,
          "min": 18.599999994039536,
          "mean": 19.25,
          "p95": 19.900000005960464,
          "sd": 0.4527692610024818,
          "rme": 1.6824369630178242,
          "scoreRme": 1.6824369630178242,
          "warmupRatio": 1,
          "samples": 10
        },
        "update": {
          "score": 18.43000000119209,
          "median": 18.5,
          "min": 18.200000017881393,
          "mean": 18.43000000119209,
          "p95": 18.599999994039536,
          "sd": 0.11595017767428319,
          "rme": 0.4500271172364846,
          "scoreRme": 0.4500271172364846,
          "warmupRatio": 1,
          "samples": 10
        }
      },
      "meta": {
        "levels": 10,
        "delayMs": 16
      }
    },
    {
      "name": "react",
      "ops": {
        "init": {
          "score": 303.95,
          "median": 303.89999997615814,
          "min": 303.2999999821186,
          "mean": 303.95,
          "p95": 304.69999998807907,
          "sd": 0.45030853693889916,
          "rme": 0.1059743187117869,
          "scoreRme": 0.1059743187117869,
          "warmupRatio": 1,
          "samples": 10
        },
        "update": {
          "score": 177.26000000238417,
          "median": 177.40000000596046,
          "min": 175.80000001192093,
          "mean": 177.26000000238417,
          "p95": 178.60000002384186,
          "sd": 0.7890923060966114,
          "rme": 0.318426838157835,
          "scoreRme": 0.318426838157835,
          "warmupRatio": 1,
          "samples": 10
        }
      },
      "meta": {
        "levels": 10,
        "delayMs": 16
      }
    },
    {
      "name": "solid",
      "ops": {
        "init": {
          "score": 18.469999998807907,
          "median": 18.400000005960464,
          "min": 18,
          "mean": 18.469999998807907,
          "p95": 19.099999994039536,
          "sd": 0.34657049860283734,
          "rme": 1.3422001911567378,
          "scoreRme": 1.3422001911567378,
          "warmupRatio": 1,
          "samples": 10
        },
        "update": {
          "score": 17.759999999403952,
          "median": 17.80000001192093,
          "min": 17.400000005960464,
          "mean": 17.759999999403952,
          "p95": 17.900000005960464,
          "sd": 0.1505545325653091,
          "rme": 0.6063780526658757,
          "scoreRme": 0.6063780526658757,
          "warmupRatio": 1,
          "samples": 10
        }
      },
      "meta": {
        "levels": 10,
        "delayMs": 16
      }
    },
    {
      "name": "ripple",
      "ops": {
        "init": {
          "score": 18.390000000596046,
          "median": 18.400000005960464,
          "min": 18,
          "mean": 18.390000000596046,
          "p95": 19,
          "sd": 0.32472210118913614,
          "rme": 1.26305633038389,
          "scoreRme": 1.26305633038389,
          "warmupRatio": 1,
          "samples": 10
        },
        "update": {
          "score": 17.219999998807907,
          "median": 17.200000017881393,
          "min": 17.099999994039536,
          "mean": 17.219999998807907,
          "p95": 17.30000001192093,
          "sd": 0.06324555048078759,
          "rme": 0.2627177587436164,
          "scoreRme": 0.2627177587436164,
          "warmupRatio": 1,
          "samples": 10
        }
      },
      "meta": {
        "levels": 10,
        "delayMs": 16
      }
    },
    {
      "name": "preact",
      "ops": {
        "init": {
          "score": 175.45999999940395,
          "median": 175.89999997615814,
          "min": 173.39999997615814,
          "mean": 175.45999999940395,
          "p95": 176.80000001192093,
          "sd": 1.087504795570567,
          "rme": 0.44334892147942534,
          "scoreRme": 0.44334892147942534,
          "warmupRatio": 1,
          "samples": 10
        },
        "update": {
          "score": 176.94999999701977,
          "median": 176.90000000596046,
          "min": 174.80000001192093,
          "mean": 176.94999999701977,
          "p95": 179,
          "sd": 1.1937336348864864,
          "rme": 0.48255793838077865,
          "scoreRme": 0.48255793838077865,
          "warmupRatio": 1,
          "samples": 10
        }
      },
      "meta": {
        "levels": 10,
        "delayMs": 16
      }
    },
    {
      "name": "svelte",
      "ops": {
        "init": {
          "score": 18.509999996423723,
          "median": 18.5,
          "min": 17.600000023841858,
          "mean": 18.509999996423723,
          "p95": 19.099999994039536,
          "sd": 0.44833022798410543,
          "rme": 1.7325437230358418,
          "scoreRme": 1.7325437230358418,
          "warmupRatio": 1,
          "samples": 10
        },
        "update": {
          "score": 17.77999999821186,
          "median": 17.80000001192093,
          "min": 17.5,
          "mean": 17.77999999821186,
          "p95": 18.099999994039536,
          "sd": 0.1932183553819262,
          "rme": 0.7773367946632556,
          "scoreRme": 0.7773367946632556,
          "warmupRatio": 1,
          "samples": 10
        }
      },
      "meta": {
        "levels": 10,
        "delayMs": 16
      }
    }
  ],
  "harnessExit": 0
}
