{
	"suite": "chat-stream",
	"iterations": 8,
	"targets": [
		{
			"name": "octane-tsrx",
			"ops": {
				"streamFine": {
					"score": 1.4599999994039536,
					"median": 1.8999999910593033,
					"min": 1.0999999940395355,
					"mean": 1.787499999627471,
					"p95": 2.7000000029802322,
					"sd": 0.6468329431010132,
					"rme": 30.25744353791802,
					"scoreRme": 46.027290583970704,
					"warmupRatio": 1,
					"samples": 8
				},
				"streamCoarse": {
					"score": 0.8199999958276749,
					"median": 0.800000011920929,
					"min": 0.699999988079071,
					"mean": 0.8374999985098839,
					"p95": 1,
					"sd": 0.1187734944542222,
					"rme": 11.858257336426771,
					"scoreRme": 19.73990566069502,
					"warmupRatio": 0.9756097610616599,
					"samples": 8
				},
				"appendHistory": {
					"score": 1.8599999994039536,
					"median": 2,
					"min": 1.5,
					"mean": 1.9624999985098839,
					"p95": 2.2999999970197678,
					"sd": 0.25035688956436203,
					"rme": 10.666846211540966,
					"scoreRme": 15.365951368662644,
					"warmupRatio": 1.1182795692894663,
					"samples": 8
				},
				"switchConv": {
					"score": 5.059999999403954,
					"median": 5,
					"min": 3.8999999910593033,
					"mean": 4.849999997764826,
					"p95": 5.5999999940395355,
					"sd": 0.6546536726589971,
					"rme": 11.28641517266278,
					"scoreRme": 9.438756983290833,
					"warmupRatio": 0.9644268772305739,
					"samples": 8
				},
				"type160": {
					"score": 0.8000000059604645,
					"median": 0.9000000059604645,
					"min": 0.5999999940395355,
					"mean": 1.1750000063329935,
					"p95": 2.1000000089406967,
					"sd": 0.5750776347511887,
					"rme": 40.923687577117136,
					"scoreRme": 19.005973359053247,
					"warmupRatio": 1.6999999940395356,
					"samples": 8
				},
				"comments_conv": {
					"median": 78,
					"min": 78,
					"samples": 1
				}
			}
		},
		{
			"name": "react",
			"ops": {
				"streamFine": {
					"score": 6.899999994039535,
					"median": 7.899999991059303,
					"min": 5.899999991059303,
					"mean": 7.6249999944120646,
					"p95": 9.399999991059303,
					"sd": 1.216258900231007,
					"rme": 13.337435592825377,
					"scoreRme": 14.891232825680751,
					"warmupRatio": 1,
					"samples": 8
				},
				"streamCoarse": {
					"score": 1.3599999994039536,
					"median": 1.5,
					"min": 1.2000000029802322,
					"mean": 1.525000000372529,
					"p95": 2.3999999910593033,
					"sd": 0.4062019184237948,
					"rme": 22.27195179552936,
					"scoreRme": 12.24705880861966,
					"warmupRatio": 0.9558823533601105,
					"samples": 8
				},
				"appendHistory": {
					"score": 7.580000001192093,
					"median": 8,
					"min": 6.799999997019768,
					"mean": 7.712500000372529,
					"p95": 8.700000002980232,
					"sd": 0.6895909779206478,
					"rme": 7.476228136902809,
					"scoreRme": 8.541806091589137,
					"warmupRatio": 0.9683377307970579,
					"samples": 8
				},
				"switchConv": {
					"score": 3.780000004172325,
					"median": 4.200000002980232,
					"min": 2.9000000059604645,
					"mean": 4.237500002607703,
					"p95": 5.5,
					"sd": 1.0350120781857424,
					"rme": 20.423109129142297,
					"scoreRme": 31.706668921827593,
					"warmupRatio": 0.9417989413901309,
					"samples": 8
				},
				"type160": {
					"score": 6.3599999994039536,
					"median": 7,
					"min": 5.5999999940395355,
					"mean": 6.75,
					"p95": 8.100000008940697,
					"sd": 0.8701395667694961,
					"rme": 10.778821897711072,
					"scoreRme": 14.250856000226777,
					"warmupRatio": 1.0974842770198499,
					"samples": 8
				},
				"comments_conv": {
					"median": 0,
					"min": 0,
					"samples": 1
				}
			}
		},
		{
			"name": "solid",
			"ops": {
				"streamFine": {
					"score": 1.9799999982118606,
					"median": 2.2999999970197678,
					"min": 1.5999999940395355,
					"mean": 2.274999998509884,
					"p95": 3.2000000029802322,
					"sd": 0.5800246295784985,
					"rme": 21.318232101509643,
					"scoreRme": 27.829306232290573,
					"warmupRatio": 1.3232323238252681,
					"samples": 8
				},
				"streamCoarse": {
					"score": 0.8,
					"median": 0.800000011920929,
					"min": 0.4000000059604645,
					"mean": 0.7625000011175871,
					"p95": 1.2000000029802322,
					"sd": 0.35831948641340683,
					"rme": 39.293139481063285,
					"scoreRme": 54.86551642284948,
					"warmupRatio": 1.0000000037252903,
					"samples": 8
				},
				"appendHistory": {
					"score": 1.0399999976158143,
					"median": 0.9000000059604645,
					"min": 0.7999999970197678,
					"mean": 1.012500001117587,
					"p95": 2,
					"sd": 0.4120939566840844,
					"rme": 34.03199156359838,
					"scoreRme": 64.0615387674972,
					"warmupRatio": 1.0961538521054934,
					"samples": 8
				},
				"switchConv": {
					"score": 2.5599999964237212,
					"median": 2.4000000059604645,
					"min": 2.0999999940395355,
					"mean": 2.962500000372529,
					"p95": 6.100000008940697,
					"sd": 1.3938000493888696,
					"rme": 39.33944857512907,
					"scoreRme": 36.8687499450494,
					"warmupRatio": 1,
					"samples": 8
				},
				"type160": {
					"score": 0.9999999970197677,
					"median": 1.0999999940395355,
					"min": 0.3999999910593033,
					"mean": 1.0749999955296516,
					"p95": 1.3999999910593033,
					"sd": 0.30118812459239097,
					"rme": 23.426938281755298,
					"scoreRme": 43.892414446375454,
					"warmupRatio": 1,
					"samples": 8
				},
				"comments_conv": {
					"median": 0,
					"min": 0,
					"samples": 1
				}
			}
		},
		{
			"name": "ripple",
			"ops": {
				"streamFine": {
					"score": 1.119999998807907,
					"median": 1,
					"min": 0.7999999970197678,
					"mean": 1.0999999977648258,
					"p95": 2.2000000029802322,
					"sd": 0.48989794977331036,
					"rme": 37.239092530884115,
					"scoreRme": 67.60641533181446,
					"warmupRatio": 1.1428571424770113,
					"samples": 8
				},
				"streamCoarse": {
					"score": 0.3,
					"median": 0.30000001192092896,
					"min": 0.20000000298023224,
					"mean": 0.3000000026077032,
					"p95": 0.4000000059604645,
					"sd": 0.07559289291221293,
					"rme": 21.069093916692108,
					"scoreRme": 29.26160753796371,
					"warmupRatio": 1.0666666726271312,
					"samples": 8
				},
				"appendHistory": {
					"score": 1.3000000029802323,
					"median": 1.2999999970197678,
					"min": 0.7999999970197678,
					"mean": 1.1875000018626451,
					"p95": 1.7000000029802322,
					"sd": 0.339905449993052,
					"rme": 23.93374505984046,
					"scoreRme": 33.763395348710716,
					"warmupRatio": 0.9692307688428099,
					"samples": 8
				},
				"switchConv": {
					"score": 2.5,
					"median": 3.1000000089406967,
					"min": 1.7999999970197678,
					"mean": 3.112500000745058,
					"p95": 4.700000002980232,
					"sd": 1.329272090390478,
					"rme": 35.71006804216028,
					"scoreRme": 59.590317382836766,
					"warmupRatio": 1.5520000004768373,
					"samples": 8
				},
				"type160": {
					"score": 0.40000000298023225,
					"median": 0.4000000059604645,
					"min": 0.29999999701976776,
					"mean": 0.4375,
					"p95": 0.7000000029802322,
					"sd": 0.11877349535035528,
					"rme": 22.700092746326277,
					"scoreRme": 21.946207125080573,
					"warmupRatio": 0.9999999850988388,
					"samples": 8
				},
				"comments_conv": {
					"median": 0,
					"min": 0,
					"samples": 1
				}
			}
		},
		{
			"name": "vue-vapor",
			"ops": {
				"streamFine": {
					"score": 0.8400000035762787,
					"median": 0.9000000059604645,
					"min": 0.7000000029802322,
					"mean": 0.8750000018626451,
					"p95": 1.1000000089406967,
					"sd": 0.14880476333065415,
					"rme": 14.219847245996931,
					"scoreRme": 24.730573913993595,
					"warmupRatio": 1.095238092703884,
					"samples": 8
				},
				"streamCoarse": {
					"score": 0.4600000023841858,
					"median": 0.5,
					"min": 0.4000000059604645,
					"mean": 0.525000000372529,
					"p95": 0.8999999910593033,
					"sd": 0.17525491048587072,
					"rme": 27.912391198336174,
					"scoreRme": 24.139128870864894,
					"warmupRatio": 1.173913038689608,
					"samples": 8
				},