{
  "suite": "chat-stream",
  "iterations": 8,
  "targets": [
    {
      "name": "octane-tsrx",
      "ops": {
        "streamFine": {
          "score": 1.3000000059604644,
          "median": 1.4000000059604645,
          "min": 1.1000000089406967,
          "mean": 1.4250000044703484,
          "p95": 2,
          "sd": 0.31509635592841895,
          "rme": 18.48905296164128,
          "scoreRme": 19.09946065158502,
          "warmupRatio": 0.9384615378266963,
          "samples": 8
        },
        "streamCoarse": {
          "score": 0.44000000357627866,
          "median": 0.5999999940395355,
          "min": 0.29999999701976776,
          "mean": 0.5250000022351742,
          "p95": 0.7999999970197678,
          "sd": 0.20528725176661738,
          "rme": 32.695563525870334,
          "scoreRme": 58.50810071582099,
          "warmupRatio": 1.4545454440776968,
          "samples": 8
        },
        "appendHistory": {
          "score": 1.0999999970197678,
          "median": 1.2000000029802322,
          "min": 0.8999999910593033,
          "mean": 1.212500000372529,
          "p95": 1.6000000089406967,
          "sd": 0.22320714767827607,
          "rme": 15.39261836589498,
          "scoreRme": 17.844804174017593,
          "warmupRatio": 1.1090909137213525,
          "samples": 8
        },
        "switchConv": {
          "score": 2.3599999964237215,
          "median": 3.2000000029802322,
          "min": 1.8999999910593033,
          "mean": 2.749999998137355,
          "p95": 3.7999999970197678,
          "sd": 0.8349508125628231,
          "rme": 25.38717342257216,
          "scoreRme": 42.508819862040305,
          "warmupRatio": 1.364406781223477,
          "samples": 8
        },
        "type160": {
          "score": 0.8599999964237213,
          "median": 0.8999999910593033,
          "min": 0.7000000029802322,
          "mean": 0.8374999985098839,
          "p95": 0.9000000059604645,
          "sd": 0.07440238005595037,
          "rme": 7.428278280438544,
          "scoreRme": 7.906724984526764,
          "warmupRatio": 0.9534883746719154,
          "samples": 8
        },
        "comments_conv": {
          "median": 78,
          "min": 78,
          "samples": 1
        }
      }
    },
    {
      "name": "react",
      "ops": {
        "streamFine": {
          "score": 5.580000001192093,
          "median": 6.100000008940697,
          "min": 4.5999999940395355,
          "mean": 5.900000002235174,
          "p95": 7.0999999940395355,
          "sd": 0.9180725150319787,
          "rme": 13.01101344308136,
          "scoreRme": 21.87829622497123,
          "warmupRatio": 1.1075268816974586,
          "samples": 8
        },
        "streamCoarse": {
          "score": 1.7400000005960465,
          "median": 1.7000000029802322,
          "min": 1.4000000059604645,
          "mean": 1.7500000018626451,
          "p95": 2.0999999940395355,
          "sd": 0.2563479745460662,
          "rme": 12.248361417186949,
          "scoreRme": 21.758386173046535,
          "warmupRatio": 0.9655172434464551,
          "samples": 8
        },
        "appendHistory": {
          "score": 6.8799999982118605,
          "median": 8.299999997019768,
          "min": 5.799999997019768,
          "mean": 7.849999999627471,
          "p95": 11.099999994039536,
          "sd": 1.792842915485782,
          "rme": 19.096717969896297,
          "scoreRme": 21.92988076958725,
          "warmupRatio": 1.3023255820803672,
          "samples": 8
        },
        "switchConv": {
          "score": 3.4400000005960463,
          "median": 3.3999999910593033,
          "min": 2.7000000029802322,
          "mean": 3.299999998882413,
          "p95": 4.299999997019768,
          "sd": 0.542481071410029,
          "rme": 13.745381590615994,
          "scoreRme": 22.479770785623653,
          "warmupRatio": 0.9999999991336534,
          "samples": 8
        },
        "type160": {
          "score": 5.779999998211861,
          "median": 6.5,
          "min": 4.299999997019768,
          "mean": 6.049999997019768,
          "p95": 7.100000008940697,
          "sd": 1.073046399119932,
          "rme": 14.830277539058558,
          "scoreRme": 28.55123489342459,
          "warmupRatio": 1.1211072659578416,
          "samples": 8
        },
        "comments_conv": {
          "median": 0,
          "min": 0,
          "samples": 1
        }
      }
    },
    {
      "name": "solid",
      "ops": {
        "streamFine": {
          "score": 2.7400000035762786,
          "median": 3.2000000029802322,
          "min": 2.2999999970197678,
          "mean": 3.1875000037252903,
          "p95": 4.100000008940697,
          "sd": 0.6728139213870732,
          "rme": 17.649439855054283,
          "scoreRme": 15.230814197450796,
          "warmupRatio": 1,
          "samples": 8
        },
        "streamCoarse": {
          "score": 1.0600000023841858,
          "median": 1.1000000089406967,
          "min": 0.9000000059604645,
          "mean": 1.1000000014901161,
          "p95": 1.2999999970197678,
          "sd": 0.13093073284091553,
          "rme": 9.95256596020282,
          "scoreRme": 13.353658513510808,
          "warmupRatio": 1.094339619617778,
          "samples": 8
        },
        "appendHistory": {
          "score": 0.7600000023841857,
          "median": 0.800000011920929,
          "min": 0.6000000089406967,
          "mean": 1.037499999627471,
          "p95": 1.5999999940395355,
          "sd": 0.392564822231174,
          "rme": 31.638029465671778,
          "scoreRme": 14.610525671242055,
          "warmupRatio": 1.605263147368986,
          "samples": 8
        },
        "switchConv": {
          "score": 2.1999999940395356,
          "median": 2.2999999970197678,
          "min": 2.0999999940395355,
          "mean": 2.2374999970197678,
          "p95": 2.4000000059604645,
          "sd": 0.10606602038917068,
          "rme": 3.9636872761195305,
          "scoreRme": 5.64302255895753,
          "warmupRatio": 1.027272729784989,
          "samples": 8
        },
        "type160": {
          "score": 0.4,
          "median": 0.4000000059604645,
          "min": 0.29999999701976776,
          "mean": 0.3999999985098839,
          "p95": 0.5,
          "sd": 0.05345224917898589,
          "rme": 11.173574941459421,
          "scoreRme": 21.946207288592596,
          "warmupRatio": 1.0499999970197678,
          "samples": 8
        },
        "comments_conv": {
          "median": 0,
          "min": 0,
          "samples": 1
        }
      }
    },
    {
      "name": "ripple",
      "ops": {
        "streamFine": {
          "score": 0.7200000017881394,
          "median": 0.7000000029802322,
          "min": 0.699999988079071,
          "mean": 0.7875000014901161,
          "p95": 1.1000000089406967,
          "sd": 0.14577380072982662,
          "rme": 15.478007953659242,
          "scoreRme": 7.711110632342319,
          "warmupRatio": 1.1388888885439545,
          "samples": 8
        },
        "streamCoarse": {
          "score": 0.2800000011920929,
          "median": 0.29999999701976776,
          "min": 0.20000000298023224,
          "mean": 0.3125,
          "p95": 0.5,
          "sd": 0.08345229552945953,
          "rme": 22.329264453777423,
          "scoreRme": 19.82857090094889,
          "warmupRatio": 1.2142857006009746,
          "samples": 8
        },
        "appendHistory": {
          "score": 0.860000005364418,
          "median": 0.8999999910593033,
          "min": 0.7999999970197678,
          "mean": 0.8625000026077032,
          "p95": 0.9000000059604645,
          "sd": 0.05175491335170479,
          "rme": 5.017398924020735,
          "scoreRme": 7.9067241168646385,
          "warmupRatio": 0.9999999965346138,
          "samples": 8
        },
        "switchConv": {
          "score": 1.619999998807907,
          "median": 1.699999988079071,
          "min": 1.5,
          "mean": 1.6250000018626451,