{
	"suite": "dbmon-deopt",
	"iterations": 30,
	"targets": [
		{
			"name": "octane-tsrx",
			"ops": {
				"mount": {
					"score": 3.641666665673256,
					"median": 3.6000000089406967,
					"min": 3.4000000059604645,
					"mean": 3.6466666663686436,
					"p95": 3.7999999970197678,
					"sd": 0.11366415501528966,
					"rme": 1.1637512097747227,
					"scoreRme": 2.1636662821627604,
					"warmupRatio": 0.9908466824652802,
					"samples": 30
				},
				"tick": {
					"score": 1.4000000009934108,
					"median": 1.6000000089406967,
					"min": 1.2999999970197678,
					"mean": 1.55,
					"p95": 1.7999999970197678,
					"sd": 0.1776280486443641,
					"rme": 4.278706842693607,
					"scoreRme": 7.740696334445348,
					"warmupRatio": 1.1904761887444795,
					"samples": 30
				},
				"tick_partial": {
					"score": 0.44999999677141506,
					"median": 0.7000000029802322,
					"min": 0.29999999701976776,
					"mean": 0.5900000000993411,
					"p95": 0.800000011920929,
					"sd": 0.16887049065649473,
					"rme": 10.68647412392857,
					"scoreRme": 24.455556205860532,
					"warmupRatio": 1.5185185354841755,
					"samples": 30
				},
				"remount": {
					"score": 4.291666669150193,
					"median": 4.5,
					"min": 4.0999999940395355,
					"mean": 4.443333333730697,
					"p95": 4.700000002980232,
					"sd": 0.19061304565634446,
					"rme": 1.60168242776537,
					"scoreRme": 2.228189218025394,
					"warmupRatio": 1.0640776692292775,
					"samples": 30
				},
				"sort": {
					"score": 2.233333330601454,
					"median": 2.2000000029802322,
					"min": 2.0999999940395355,
					"mean": 2.2366666639844577,
					"p95": 2.4000000059604645,
					"sd": 0.08502873269824257,
					"rme": 1.4193749173784147,
					"scoreRme": 2.5252570228631663,
					"warmupRatio": 1.0037313436217545,
					"samples": 30
				},
				"unmount": {
					"score": 1.8250000004967053,
					"median": 1.7999999970197678,
					"min": 1.5999999940395355,
					"mean": 1.8199999998013179,
					"p95": 2.2000000029802322,
					"sd": 0.15624913762610987,
					"rme": 3.205375595847791,
					"scoreRme": 5.16923254138269,
					"warmupRatio": 1.0182648404498447,
					"samples": 30
				}
			}
		},
		{
			"name": "octane-deopt",
			"ops": {
				"mount": {
					"score": 6.699999999254942,
					"median": 6.600000008940697,
					"min": 6.5,
					"mean": 6.640000000099341,
					"p95": 6.899999991059303,
					"sd": 0.11325893402736613,
					"rme": 0.6368498860186635,
					"scoreRme": 1.1437161772351407,
					"warmupRatio": 0.9850746270122822,
					"samples": 30
				},
				"tick": {
					"score": 5.108333335568507,
					"median": 5.299999997019768,
					"min": 4.799999997019768,
					"mean": 5.216666667163372,
					"p95": 5.5,
					"sd": 0.20524725657816137,
					"rme": 1.4689836384610575,
					"scoreRme": 3.455813665171175,
					"warmupRatio": 1.037520390965923,
					"samples": 30
				},
				"tick_partial": {
					"score": 3.91666666418314,
					"median": 4.200000002980232,
					"min": 3.7999999970197678,
					"mean": 4.12666666607062,
					"p95": 4.5,
					"sd": 0.22884015570864988,
					"rme": 2.0704537311532705,
					"scoreRme": 2.6641020240829825,
					"warmupRatio": 1.0978723413119116,
					"samples": 30
				},
				"remount": {
					"score": 7.150000000993411,
					"median": 7.5,
					"min": 7,
					"mean": 7.3966666668653485,
					"p95": 7.700000002980232,
					"sd": 0.27603514596322876,
					"rme": 1.3933525580583643,
					"scoreRme": 1.7569575134746538,
					"warmupRatio": 1.0652680650158546,
					"samples": 30
				},
				"sort": {
					"score": 6.725000001490116,
					"median": 6.9000000059604645,
					"min": 4.9000000059604645,
					"mean": 6.840000001589457,
					"p95": 7.0999999940395355,
					"sd": 0.3856029752836364,
					"rme": 2.104829681572715,
					"scoreRme": 5.525594885552565,
					"warmupRatio": 1.032218091985945,
					"samples": 30
				},
				"unmount": {
					"score": 2.2000000017384687,
					"median": 2.6000000089406967,
					"min": 0.5999999940395355,
					"mean": 2.466666667163372,
					"p95": 3,
					"sd": 0.6577565485397736,
					"rme": 9.956057598240317,
					"scoreRme": 22.26892589634621,
					"warmupRatio": 1.1818181798683054,
					"samples": 30
				}
			}
		}
	],
	"harnessExit": 0
}
