{
  "suite": "dbmon",
  "iterations": 30,
  "targets": [
    {
      "name": "octane-tsrx",
      "ops": {
        "mount": {
          "median": 3.699999988079071,
          "min": 3.5,
          "p95": 4,
          "sd": 0.11944314765719229,
          "samples": 30
        },
        "tick": {
          "median": 1.600000023841858,
          "min": 1.300000011920929,
          "p95": 1.9000000357627869,
          "sd": 0.19058389376135643,
          "samples": 30
        },
        "tick_partial": {
          "median": 0.699999988079071,
          "min": 0.30000001192092896,
          "p95": 0.800000011920929,
          "sd": 0.17499206279738655,
          "samples": 30
        },
        "remount": {
          "median": 4.5,
          "min": 4.099999964237213,
          "p95": 4.800000011920929,
          "sd": 0.23285665515795245,
          "samples": 30
        },
        "sort": {
          "median": 2.200000047683716,
          "min": 2,
          "p95": 2.400000035762787,
          "sd": 0.0991631678089579,
          "samples": 30
        },
        "unmount": {
          "median": 2.200000047683716,
          "min": 0.30000001192092896,
          "p95": 2.5,
          "sd": 0.37982451917077725,
          "samples": 30
        }
      }
    },
    {
      "name": "octane-jsx",
      "ops": {
        "mount": {
          "median": 4.099999964237213,
          "min": 3.899999976158142,
          "p95": 4.199999988079071,
          "sd": 0.07023769428810347,
          "samples": 30
        },
        "tick": {
          "median": 1.699999988079071,
          "min": 1.2999999523162842,
          "p95": 1.899999976158142,
          "sd": 0.1916304407577054,
          "samples": 30
        },
        "tick_partial": {
          "median": 0.699999988079071,
          "min": 0.3999999761581421,
          "p95": 0.9000000357627869,
          "sd": 0.1601735205211007,
          "samples": 30
        },
        "remount": {
          "median": 4.400000035762787,
          "min": 4,
          "p95": 4.899999976158142,
          "sd": 0.27770887880398226,
          "samples": 30
        },
        "sort": {
          "median": 2.300000011920929,
          "min": 2.199999988079071,
          "p95": 2.5,
          "sd": 0.10624918714225126,
          "samples": 30
        },
        "unmount": {
          "median": 1.7999999523162842,
          "min": 1.5999999642372131,
          "p95": 2.200000047683716,
          "sd": 0.22073110943536972,
          "samples": 30
        }
      }
    },
    {
      "name": "ripple",
      "ops": {
        "mount": {
          "median": 6.100000023841858,
          "min": 5.899999976158142,
          "p95": 6.399999976158142,
          "sd": 0.13097921436847787,
          "samples": 30
        },
        "tick": {
          "median": 2.300000011920929,
          "min": 2,
          "p95": 2.600000023841858,
          "sd": 0.19595918072044158,
          "samples": 30
        },
        "tick_partial": {
          "median": 0.800000011920929,
          "min": 0.5,
          "p95": 1,
          "sd": 0.16996731711976057,
          "samples": 30
        },
        "remount": {
          "median": 4.799999952316284,
          "min": 4.199999988079071,
          "p95": 5.100000023841858,
          "sd": 0.25948667182824026,
          "samples": 30
        },
        "sort": {
          "median": 2.300000011920929,
          "min": 2.199999988079071,
          "p95": 2.599999964237213,
          "sd": 0.11527743738321018,
          "samples": 30
        },
        "unmount": {
          "median": 1.699999988079071,
          "min": 1.399999976158142,
          "p95": 1.800000011920929,
          "sd": 0.10671874132431197,
          "samples": 30
        }
      }
    },
    {
      "name": "solid",
      "ops": {
        "mount": {
          "median": 13.5,
          "min": 13.199999988079071,
          "p95": 13.800000011920929,
          "sd": 0.16563011084774448,
          "samples": 30
        },
        "tick": {
          "median": 8.300000011920929,
          "min": 7.5,
          "p95": 8.900000035762787,
          "sd": 0.41027091678233835,
          "samples": 30
        },
        "tick_partial": {
          "median": 1.399999976158142,
          "min": 1.0999999642372131,
          "p95": 2.599999964237213,
          "sd": 0.4112987518690894,
          "samples": 30
        },
        "remount": {
          "median": 10.5,
          "min": 8.699999988079071,
          "p95": 10.899999976158142,
          "sd": 0.48241291395093927,
          "samples": 30
        },
        "sort": {
          "median": 2.699999988079071,
          "min": 2.600000023841858,
          "p95": 2.900000035762787,
          "sd": 0.1054619447498492,
          "samples": 30
        },
        "unmount": {
          "median": 2.400000035762787,
          "min": 0.800000011920929,
          "p95": 2.899999976158142,
          "sd": 0.8243583301249873,
          "samples": 30
        }
      }
    },
    {
      "name": "react",
      "ops": {
        "mount": {
          "median": 48.30000001192093,
          "min": 47.39999997615814,
          "p95": 49,
          "sd": 0.44132376843080096,
          "samples": 30
        },
        "tick": {
          "median": 12,
          "min": 11.599999964237213,
          "p95": 24,
          "sd": 8.40902688965876,
          "samples": 30
        },
        "tick_partial": {
          "median": 10.5,
          "min": 10.199999988079071,
          "p95": 11,
          "sd": 8.16197212088962,
          "samples": 30
        },
        "remount": {
          "median": 17.5,
          "min": 16.799999952316284,
          "p95": 29.600000023841858,
          "sd": 8.571521974916449,
          "samples": 30
        },
        "sort": {
          "median": 14.199999988079071,
          "min": 13.699999988079071,
          "p95": 25.899999976158142,
          "sd": 8.493022629279997,
          "samples": 30
        },
        "unmount": {
          "median": 2.899999976158142,
          "min": 1.199999988079071,
          "p95": 3.199999988079071,
          "sd": 0.8386828273402944,
          "samples": 30
        }
      }
    },
    {
      "name": "vue-vapor",
      "ops": {
        "mount": {
          "median": 5.199999988079071,
          "min": 5.099999964237213,
          "p95": 5.300000011920929,
          "sd": 0.08439326243305671,
          "samples": 30
        },
        "tick": {
          "median": 2.100000023841858,
          "min": 1.699999988079071,
          "p95": 2.400000035762787,
          "sd": 0.21908902173246958,
          "samples": 30
        },
        "tick_partial": {
          "median": 0.7999999523162842,
          "min": 0.3999999761581421,
          "p95": 1,
          "sd": 0.1828478388959645,
          "samples": 30
        },
        "remount": {
          "median": 5.5,
          "min": 5.199999988079071,
          "p95": 5.800000011920929,
          "sd": 0.1619670803389565,
          "samples": 30
        },
        "sort": {
          "median": 2.399999976158142,
          "min": 2.199999988079071,
          "p95": 2.899999976158142,
          "sd": 0.18499248560974874,
          "samples": 30
        },
        "unmount": {
          "median": 2.200000047683716,
          "min": 0.20000004768371582,
          "p95": 2.600000023841858,
          "sd": 0.6281896360468538,
          "samples": 30
        }
      }
    }
  ],
  "harnessExit": 0
}
