{
  "suite": "dbmon",
  "iterations": 30,
  "targets": [
    {
      "name": "octane-tsrx",
      "ops": {
        "mount": {
          "score": 3.508333332836628,
          "median": 3.5,
          "min": 3.3999999910593033,
          "mean": 3.5,
          "p95": 3.6000000089406967,
          "sd": 0.052522573926536496,
          "rme": 0.560287123513279,
          "scoreRme": 0.9325575550942797,
          "warmupRatio": 0.9976247035830753,
          "samples": 30
        },
        "tick": {
          "score": 1.3666666684051354,
          "median": 1.5,
          "min": 1.199999988079071,
          "mean": 1.4833333348234494,
          "p95": 1.7000000029802322,
          "sd": 0.1533158413828356,
          "rme": 3.8590549177007825,
          "scoreRme": 6.673663489445554,
          "warmupRatio": 1.1463414617747087,
          "samples": 30
        },
        "tick_partial": {
          "score": 0.433333333581686,
          "median": 0.7000000029802322,
          "min": 0.29999999701976776,
          "mean": 0.5833333348234494,
          "p95": 0.800000011920929,
          "sd": 0.17632910891246795,
          "rme": 11.285996277719484,
          "scoreRme": 20.09769272266344,
          "warmupRatio": 1.6538461574832717,
          "samples": 30
        },
        "remount": {
          "score": 3.8916666669150195,
          "median": 4.0999999940395355,
          "min": 3.7000000029802322,
          "mean": 4.046666666368643,
          "p95": 4.299999997019768,
          "sd": 0.19780403612570008,
          "rme": 1.8250316563786249,
          "scoreRme": 3.0708970439391217,
          "warmupRatio": 1.0728051389901998,
          "samples": 30
        },
        "sort": {
          "score": 1.8999999997516472,
          "median": 1.9000000059604645,
          "min": 1.7999999970197678,
          "mean": 1.896666666865349,
          "p95": 2,
          "sd": 0.08087168779262446,
          "rme": 1.5919820996594256,
          "scoreRme": 2.469761958412687,
          "warmupRatio": 0.9956140353485698,
          "samples": 30
        },
        "unmount": {
          "score": 1.5333333338300388,
          "median": 1.5,
          "min": 1.4000000059604645,
          "mean": 1.5466666673620542,
          "p95": 1.7000000029802322,
          "sd": 0.06814453900750468,
          "rme": 1.6450042217547116,
          "scoreRme": 3.2258997516193073,
          "warmupRatio": 1.0271739138445213,
          "samples": 30
        }
      }
    },
    {
      "name": "octane-jsx",
      "ops": {
        "mount": {
          "score": 3.841666664928198,
          "median": 3.800000011920929,
          "min": 3.7000000029802322,
          "mean": 3.816666667163372,
          "p95": 3.9000000059604645,
          "sd": 0.07466399489225466,
          "rme": 0.7303981694463774,
          "scoreRme": 1.3114803928489212,
          "warmupRatio": 0.9913232118951048,
          "samples": 30
        },
        "tick": {
          "score": 1.3916666693985462,
          "median": 1.5999999940395355,
          "min": 1.2000000029802322,
          "mean": 1.526666667064031,
          "p95": 1.7000000029802322,
          "sd": 0.1595971923028497,
          "rme": 3.903136219131801,
          "scoreRme": 6.295700895547494,
          "warmupRatio": 1.1796407164256644,
          "samples": 30
        },
        "tick_partial": {
          "score": 0.4583333345750968,
          "median": 0.7000000029802322,
          "min": 0.29999999701976776,
          "mean": 0.6133333340287208,
          "p95": 0.7999999970197678,
          "sd": 0.17167196727664366,
          "rme": 10.450462234945167,
          "scoreRme": 23.24063386094315,
          "warmupRatio": 1.5636363610255815,
          "samples": 30
        },
        "remount": {
          "score": 3.925000000745058,
          "median": 4.200000002980232,
          "min": 3.7000000029802322,
          "mean": 4.120000001291434,
          "p95": 4.5,
          "sd": 0.23103962997772093,
          "rme": 2.0937361384911934,
          "scoreRme": 3.3903308011888464,
          "warmupRatio": 1.0934182591321706,
          "samples": 30
        },
        "sort": {
          "score": 1.925000003228585,
          "median": 2,
          "min": 1.8999999910593033,
          "mean": 2.009999999900659,
          "p95": 2.199999988079071,
          "sd": 0.1028892911866958,
          "rme": 1.9112029316737573,
          "scoreRme": 1.4927723517753562,
          "warmupRatio": 1.0865800838545878,
          "samples": 30
        },
        "unmount": {
          "score": 1.4750000014901161,
          "median": 1.5,
          "min": 1.4000000059604645,
          "mean": 1.5266666680574417,
          "p95": 1.6000000089406967,
          "sd": 0.06914918061936727,
          "rme": 1.6911241816269436,
          "scoreRme": 1.948194394241708,
          "warmupRatio": 1.0677966102693748,
          "samples": 30
        }
      }
    },
    {
      "name": "ripple",
      "ops": {
        "mount": {
          "score": 5.733333334326744,
          "median": 5.799999997019768,
          "min": 5.5999999940395355,
          "mean": 5.770000001291434,
          "p95": 6,
          "sd": 0.11188047716970902,
          "rme": 0.723954349518184,
          "scoreRme": 1.0912901436243132,
          "warmupRatio": 1.011627906931412,
          "samples": 30
        },
        "tick": {
          "score": 1.9250000019868214,
          "median": 2.0999999940395355,
          "min": 1.7000000029802322,
          "mean": 2.0633333340287208,
          "p95": 2.2999999970197678,
          "sd": 0.18842968588172068,
          "rme": 3.4096720900917186,
          "scoreRme": 6.468680418907175,
          "warmupRatio": 1.1385281372240321,
          "samples": 30
        },
        "tick_partial": {
          "score": 0.5666666651765505,
          "median": 0.7999999970197678,
          "min": 0.3999999910593033,
          "mean": 0.7099999994039535,
          "p95": 0.9000000059604645,
          "sd": 0.17488912953139815,
          "rme": 9.196808696565101,
          "scoreRme": 18.721416577306403,
          "warmupRatio": 1.4264705924246346,
          "samples": 30
        },
        "remount": {
          "score": 4.299999999503295,
          "median": 4.5,
          "min": 4,
          "mean": 4.500000000993411,
          "p95": 4.9000000059604645,
          "sd": 0.2518894118465662,
          "rme": 2.0899220277540027,
          "scoreRme": 3.0216456656483373,
          "warmupRatio": 1.0833333341515494,
          "samples": 30
        },
        "sort": {
          "score": 2.4333333323399224,
          "median": 2.3999999910593033,
          "min": 2.0999999940395355,
          "mean": 2.379999998708566,
          "p95": 2.9000000059604645,
          "sd": 0.180802808469877,
          "rme": 2.836357050112468,
          "scoreRme": 4.895531380551785,
          "warmupRatio": 0.9828767123217765,
          "samples": 30
        },
        "unmount": {
          "score": 1.6416666644314926,
          "median": 1.6000000089406967,
          "min": 1.5,
          "mean": 1.6299999997019767,
          "p95": 1.7000000029802322,
          "sd": 0.0651258732759071,
          "rme": 1.4917589099873503,
          "scoreRme": 2.5875185954014976,
          "warmupRatio": 0.9949238596764788,
          "samples": 30
        }
      }
    },
    {
      "name": "solid",
      "ops": {
        "mount": {
          "score": 13.91666666790843,
          "median": 13.799999997019768,
          "min": 13.399999991059303,
          "mean": 13.839999999602636,
          "p95": 14.200000002980232,
          "sd": 0.23576727220225144,
          "rme": 0.6360336802014649,
          "scoreRme": 1.181499003203205,
          "warmupRatio": 0.9844311375831745,
          "samples": 30
        },
        "tick": {
          "score": 9.200000000496706,
          "median": 9.400000005960464,
          "min": 8.5,
          "mean": 9.376666667560736,
          "p95": 10,