{
  "suite": "dbmon",
  "iterations": 30,
  "targets": [
    {
      "name": "octane-tsrx",
      "ops": {
        "mount": {
          "score": 3.6583333301047483,
          "median": 3.6000000089406967,
          "min": 3.5,
          "mean": 3.6566666652758917,
          "p95": 3.7999999970197678,
          "sd": 0.09714309702457162,
          "rme": 0.991880283350122,
          "scoreRme": 1.5636914641398814,
          "warmupRatio": 1.0091116181347564,
          "samples": 30
        },
        "tick": {
          "score": 1.4083333338300388,
          "median": 1.6000000089406967,
          "min": 1.2000000029802322,
          "mean": 1.5766666660706201,
          "p95": 1.9000000059604645,
          "sd": 0.2045741291915049,
          "rme": 4.844439207246497,
          "scoreRme": 7.8043283929385,
          "warmupRatio": 1.218934910460007,
          "samples": 30
        },
        "tick_partial": {
          "score": 0.4583333345750968,
          "median": 0.7000000029802322,
          "min": 0.3999999910593033,
          "mean": 0.6300000011920929,
          "p95": 0.800000011920929,
          "sd": 0.18222759436726094,
          "rme": 10.799565347356932,
          "scoreRme": 19.116036819147826,
          "warmupRatio": 1.6727272687372097,
          "samples": 30
        },
        "remount": {
          "score": 4.375000002483527,
          "median": 4.5,
          "min": 4.100000008940697,
          "mean": 4.503333335618178,
          "p95": 5,
          "sd": 0.2370556931312555,
          "rme": 1.9653910781968116,
          "scoreRme": 3.7731428269835323,
          "warmupRatio": 1.0571428568265875,
          "samples": 30
        },
        "sort": {
          "score": 2.3166666639347873,
          "median": 2.2999999970197678,
          "min": 2.0999999940395355,
          "mean": 2.316666666169961,
          "p95": 2.5,
          "sd": 0.10854312144272478,
          "rme": 1.7493287827611836,
          "scoreRme": 3.0570379184066194,
          "warmupRatio": 1.0035971237000338,
          "samples": 30
        },
        "unmount": {
          "score": 1.733333334326744,
          "median": 1.7999999970197678,
          "min": 1.5999999940395355,
          "mean": 1.826666667064031,
          "p95": 2.199999988079071,
          "sd": 0.16595249142739849,
          "rme": 3.3920102655803896,
          "scoreRme": 3.609652062509503,
          "warmupRatio": 1.124999998925397,
          "samples": 30
        }
      },
      "meta": {
        "gates": "pass"
      }
    },
    {
      "name": "octane-jsx",
      "ops": {
        "mount": {
          "score": 3.89166667064031,
          "median": 3.9000000059604645,
          "min": 3.7999999970197678,
          "mean": 3.916666668156783,
          "p95": 4,
          "sd": 0.07914775932277116,
          "rme": 0.7544921010424078,
          "scoreRme": 1.0915228282487703,
          "warmupRatio": 1.0128479646407582,
          "samples": 30
        },
        "tick": {
          "score": 1.4416666676600773,
          "median": 1.699999988079071,
          "min": 1.2999999970197678,
          "mean": 1.5866666669646898,
          "p95": 1.7999999970197678,
          "sd": 0.17759569042103965,
          "rme": 4.179067729840761,
          "scoreRme": 7.623881542884507,
          "warmupRatio": 1.1734104045047853,
          "samples": 30
        },
        "tick_partial": {
          "score": 0.5333333313465118,
          "median": 0.7000000029802322,
          "min": 0.3999999910593033,
          "mean": 0.6699999988079071,
          "p95": 0.9000000059604645,
          "sd": 0.16431676758927552,
          "rme": 9.156716453022575,
          "scoreRme": 15.519143132309472,
          "warmupRatio": 1.4843750032014214,
          "samples": 30
        },
        "remount": {
          "score": 4.300000001986821,
          "median": 4.600000008940697,
          "min": 4,
          "mean": 4.576666667560736,
          "p95": 5.0999999940395355,
          "sd": 0.31588227042022765,
          "rme": 2.5769657902929444,
          "scoreRme": 3.1502833897712836,
          "warmupRatio": 1.1317829450402228,
          "samples": 30
        },
        "sort": {
          "score": 2.408333335071802,
          "median": 2.3999999910593033,
          "min": 2.2000000029802322,
          "mean": 2.3733333334326745,
          "p95": 2.5,
          "sd": 0.12847469523955926,
          "rme": 2.0211174057008683,
          "scoreRme": 4.563776910988684,
          "warmupRatio": 0.9757785450803316,
          "samples": 30
        },
        "unmount": {
          "score": 1.8083333323399227,
          "median": 1.9000000059604645,
          "min": 1.7000000029802322,
          "mean": 1.916666667163372,
          "p95": 2.2000000029802322,
          "sd": 0.15104996612296365,
          "rme": 2.9424339789051865,
          "scoreRme": 3.163412671247619,
          "warmupRatio": 1.133640554716862,
          "samples": 30
        }
      },
      "meta": {
        "gates": "pass"
      }
    },
    {
      "name": "ripple",
      "ops": {
        "mount": {
          "score": 6.025000000993411,
          "median": 6,
          "min": 5.5,
          "mean": 6.033333333333333,
          "p95": 6.299999997019768,
          "sd": 0.2022857895688793,
          "rme": 1.251816696517512,
          "scoreRme": 2.6268021046054635,
          "warmupRatio": 0.9999999997938981,
          "samples": 30
        },
        "tick": {
          "score": 2.0166666681567826,
          "median": 2.2999999970197678,
          "min": 1.7999999970197678,
          "mean": 2.233333332836628,
          "p95": 2.7000000029802322,
          "sd": 0.2604152285656739,
          "rme": 4.353569826068471,
          "scoreRme": 5.982900860602512,
          "warmupRatio": 1.1942148735497007,
          "samples": 30
        },
        "tick_partial": {
          "score": 0.5999999977648258,
          "median": 0.7999999970197678,
          "min": 0.4000000059604645,
          "mean": 0.7533333326379458,
          "p95": 1,
          "sd": 0.16965143475149688,
          "rme": 8.408200085226685,
          "scoreRme": 14.975907893619173,
          "warmupRatio": 1.4166666682188709,
          "samples": 30
        },
        "remount": {
          "score": 4.475000000248353,
          "median": 4.799999997019768,
          "min": 4.200000002980232,
          "mean": 4.716666668653488,
          "p95": 5.200000002980232,
          "sd": 0.2925315600818825,
          "rme": 2.315635649334157,
          "scoreRme": 3.3776116826170233,
          "warmupRatio": 1.106145252001233,
          "samples": 30
        },
        "sort": {
          "score": 2.3500000027318797,
          "median": 2.3999999910593033,
          "min": 2.2000000029802322,
          "mean": 2.370000000298023,
          "p95": 2.5,
          "sd": 0.08366600227263597,
          "rme": 1.3180544658728996,
          "scoreRme": 1.8228469665689546,
          "warmupRatio": 1.0248226929986466,
          "samples": 30
        },
        "unmount": {
          "score": 1.7000000017384689,
          "median": 1.7000000029802322,
          "min": 1.5999999940395355,
          "mean": 1.7400000010927519,
          "p95": 1.9000000059604645,
          "sd": 0.08944271928382627,
          "rme": 1.9192362188280914,
          "scoreRme": 2.2537937667602437,
          "warmupRatio": 1.0539215682801295,
          "samples": 30
        }
      },
      "meta": {
        "gates": "pass"
      }
    },
    {
      "name": "solid",
      "ops": {
        "mount": {
          "score": 13.583333333333334,
          "median": 13.599999994039536,
          "min": 13.299999997019768,
          "mean": 13.570000001291435,
          "p95": 13.799999997019768,
          "sd": 0.17049623181470294,
          "rme": 0.46910236476778555,
          "scoreRme": 0.973720033490554,
          "warmupRatio": 0.9993865032868883,
          "samples": 30
        },