{
  "suite": "dbmon",
  "iterations": 30,
  "targets": [
    {
      "name": "octane-tsrx",
      "ops": {
        "mount": {
          "score": 3.6749999970197678,
          "median": 3.699999988079071,
          "min": 3.5,
          "mean": 3.6866666664679846,
          "p95": 3.800000011920929,
          "sd": 0.09732042004020604,
          "rme": 0.9856047491044975,
          "scoreRme": 1.4972788640998884,
          "warmupRatio": 1.004535149153021,
          "samples": 30
        },
        "tick": {
          "score": 1.4583333358168602,
          "median": 1.699999988079071,
          "min": 1.2999999821186066,
          "mean": 1.6233333349227905,
          "p95": 1.9000000059604645,
          "sd": 0.18879533581131447,
          "rme": 4.342264148502819,
          "scoreRme": 7.536751704982131,
          "warmupRatio": 1.1942857142954457,
          "samples": 30
        },
        "tick_partial": {
          "score": 0.4583333333333333,
          "median": 0.6000000238418579,
          "min": 0.30000001192092896,
          "mean": 0.6166666656732559,
          "p95": 0.800000011920929,
          "sd": 0.17237356017325603,
          "rme": 10.43645160458702,
          "scoreRme": 19.116038039850153,
          "warmupRatio": 1.5999999967488376,
          "samples": 30
        },
        "remount": {
          "score": 4.166666666666667,
          "median": 4.4000000059604645,
          "min": 3.899999976158142,
          "mean": 4.383333333333334,
          "p95": 4.799999982118607,
          "sd": 0.24925175373606234,
          "rme": 2.1230802463785636,
          "scoreRme": 3.140853811682593,
          "warmupRatio": 1.09,
          "samples": 30
        },
        "sort": {
          "score": 2.2666666681567826,
          "median": 2.300000011920929,
          "min": 2.0999999940395355,
          "mean": 2.330000000198682,
          "p95": 2.5999999940395355,
          "sd": 0.15569642985742066,
          "rme": 2.4949130701145394,
          "scoreRme": 4.023826553438755,
          "warmupRatio": 1.0294117629334691,
          "samples": 30
        },
        "unmount": {
          "score": 1.733333334326744,
          "median": 1.800000011920929,
          "min": 1.5,
          "mean": 1.8333333293596903,
          "p95": 2.199999988079071,
          "sd": 0.18257418377117704,
          "rme": 3.7181817842092157,
          "scoreRme": 3.933527253249173,
          "warmupRatio": 1.1105769164226509,
          "samples": 30
        }
      },
      "meta": {
        "gates": "pass"
      }
    },
    {
      "name": "octane-jsx",
      "ops": {
        "mount": {
          "score": 4.049999999503295,
          "median": 4,
          "min": 3.800000011920929,
          "mean": 4.030000000198682,
          "p95": 4.199999988079071,
          "sd": 0.09153857022706782,
          "rme": 0.8480701230438207,
          "scoreRme": 1.251489112178608,
          "warmupRatio": 0.9958847739073333,
          "samples": 30
        },
        "tick": {
          "score": 1.4583333383003871,
          "median": 1.699999988079071,
          "min": 1.300000011920929,
          "mean": 1.6266666680574418,
          "p95": 1.800000011920929,
          "sd": 0.19286109481506397,
          "rme": 4.426686285866833,
          "scoreRme": 7.536751584105564,
          "warmupRatio": 1.1885714235013844,
          "samples": 30
        },
        "tick_partial": {
          "score": 0.5249999985098839,
          "median": 0.699999988079071,
          "min": 0.3999999761581421,
          "mean": 0.6733333319425583,
          "p95": 0.9000000059604645,
          "sd": 0.170057461327496,
          "rme": 9.42970839205708,
          "scoreRme": 17.212294499628573,
          "warmupRatio": 1.5079365074859816,
          "samples": 30
        },
        "remount": {
          "score": 4.541666661699613,
          "median": 4.800000011920929,
          "min": 4.199999988079071,
          "mean": 4.7699999968210856,
          "p95": 5.200000017881393,
          "sd": 0.3196442002395443,
          "rme": 2.5019644526939873,
          "scoreRme": 4.4021515329157985,
          "warmupRatio": 1.0972477072939388,
          "samples": 30
        },
        "sort": {
          "score": 2.524999998509884,
          "median": 2.5,
          "min": 2.2999999821186066,
          "mean": 2.533333334326744,
          "p95": 2.800000011920929,
          "sd": 0.18257418846181048,
          "rme": 2.6907895113423326,
          "scoreRme": 5.270118281939911,
          "warmupRatio": 1.019801981980141,
          "samples": 30
        },
        "unmount": {
          "score": 1.883333335320155,
          "median": 2,
          "min": 1.699999988079071,
          "mean": 1.9866666674613953,
          "p95": 2.300000011920929,
          "sd": 0.15916448793150018,
          "rme": 2.9912578831222914,
          "scoreRme": 3.4743957243612615,
          "warmupRatio": 1.110619467591164,
          "samples": 30
        }
      },
      "meta": {
        "gates": "pass"
      }
    },
    {
      "name": "ripple",
      "ops": {
        "mount": {
          "score": 6.183333337306976,
          "median": 6.100000023841858,
          "min": 5.800000011920929,
          "mean": 6.159999999403953,
          "p95": 6.300000011920929,
          "sd": 0.14994251879077425,
          "rme": 0.9088176961695764,
          "scoreRme": 1.302230118385366,
          "warmupRatio": 0.9946091635403227,
          "samples": 30
        },
        "tick": {
          "score": 2.149999996026357,
          "median": 2.2999999821186066,
          "min": 2,
          "mean": 2.289999994635582,
          "p95": 2.5999999940395355,
          "sd": 0.18260566303932674,
          "rme": 2.9772235496892665,
          "scoreRme": 4.798368625459268,
          "warmupRatio": 1.1201550387507355,
          "samples": 30
        },
        "tick_partial": {
          "score": 0.6499999985098839,
          "median": 0.800000011920929,
          "min": 0.5,
          "mean": 0.7866666664679846,
          "p95": 1,
          "sd": 0.1716719680348985,
          "rme": 8.14781806096971,
          "scoreRme": 14.134603958551297,
          "warmupRatio": 1.358974361325627,
          "samples": 30
        },
        "remount": {
          "score": 4.541666666666667,
          "median": 4.899999976158142,
          "min": 4.299999982118607,
          "mean": 4.809999998410543,
          "p95": 5.299999982118607,
          "sd": 0.2963571926987581,
          "rme": 2.300398527568416,
          "scoreRme": 3.068414740056223,
          "warmupRatio": 1.1137614671243439,
          "samples": 30
        },
        "sort": {
          "score": 2.408333331346512,
          "median": 2.4000000059604645,
          "min": 2.199999988079071,
          "mean": 2.4,
          "p95": 2.5999999940395355,
          "sd": 0.11141720179940115,
          "rme": 1.7332998139119173,
          "scoreRme": 3.0722205092776496,
          "warmupRatio": 0.9965397936221553,
          "samples": 30
        },
        "unmount": {
          "score": 1.8166666651765506,
          "median": 1.800000011920929,
          "min": 1.699999988079071,
          "mean": 1.8199999988079072,
          "p95": 2,
          "sd": 0.10305673350684261,
          "rme": 2.114159116457929,
          "scoreRme": 3.601896506977543,
          "warmupRatio": 1.0229357812024058,
          "samples": 30
        }
      },
      "meta": {
        "gates": "pass"
      }
    },
    {
      "name": "solid",
      "ops": {
        "mount": {
          "score": 13.691666660209497,
          "median": 13.699999988079071,
          "min": 13.299999982118607,
          "mean": 13.709999997417132,
          "p95": 14.299999982118607,
          "sd": 0.2643795585830158,
          "rme": 0.7199844278463513,
          "scoreRme": 1.0555929450549446,
          "warmupRatio": 1.0073037131956906,
          "samples": 30
        },
        "tick": {
          "score": 8.65000000099341,