{
  "suite": "dbmon-deopt",
  "iterations": 30,
  "targets": [
    {
      "name": "octane-tsrx",
      "ops": {
        "mount": {
          "median": 3.6000000089406967,
          "min": 3.5,
          "p95": 3.800000011920929,
          "sd": 0.09551032446028465,
          "samples": 30
        },
        "tick": {
          "median": 1.5999999940395355,
          "min": 1.2000000029802322,
          "p95": 1.7999999970197678,
          "sd": 0.1620699424858955,
          "samples": 30
        },
        "tick_partial": {
          "median": 0.699999988079071,
          "min": 0.3999999910593033,
          "p95": 0.800000011920929,
          "sd": 0.16519348843902668,
          "samples": 30
        },
        "remount": {
          "median": 4.299999997019768,
          "min": 4,
          "p95": 4.5999999940395355,
          "sd": 0.20712315026606293,
          "samples": 30
        },
        "sort": {
          "median": 2.2999999970197678,
          "min": 2,
          "p95": 2.5999999940395355,
          "sd": 0.16629959398878183,
          "samples": 30
        },
        "unmount": {
          "median": 2.0999999940395355,
          "min": 0.29999999701976776,
          "p95": 2.300000011920929,
          "sd": 0.3729164350800178,
          "samples": 30
        }
      }
    },
    {
      "name": "octane-deopt",
      "ops": {
        "mount": {
          "median": 6.200000002980232,
          "min": 5.899999991059303,
          "p95": 6.5,
          "sd": 0.15275252186451474,
          "samples": 30
        },
        "tick": {
          "median": 5.4000000059604645,
          "min": 5.0999999940395355,
          "p95": 5.799999997019768,
          "sd": 0.19576062723108995,
          "samples": 30
        },
        "tick_partial": {
          "median": 4,
          "min": 3.6000000089406967,
          "p95": 4.200000002980232,
          "sd": 0.17413277196787896,
          "samples": 30
        },
        "remount": {
          "median": 6.700000002980232,
          "min": 6.299999997019768,
          "p95": 7.199999988079071,
          "sd": 0.26223399157404126,
          "samples": 30
        },
        "sort": {
          "median": 6.4000000059604645,
          "min": 6.199999988079071,
          "p95": 6.700000002980232,
          "sd": 0.1451436081148972,
          "samples": 30
        },
        "unmount": {
          "median": 1.9000000059604645,
          "min": 0.29999999701976776,
          "p95": 2.0999999940395355,
          "sd": 0.5541860906637452,
          "samples": 30
        }
      }
    }
  ],
  "harnessExit": 0
}
