{
  "suite": "dbmon-deopt",
  "iterations": 30,
  "targets": [
    {
      "name": "octane-tsrx",
      "ops": {
        "mount": {
          "score": 3.649999998509884,
          "median": 3.699999988079071,
          "min": 3.5,
          "mean": 3.6500000019868213,
          "p95": 3.800000011920929,
          "sd": 0.09001915596298853,
          "rme": 0.9208200283735759,
          "scoreRme": 1.3886386043208263,
          "warmupRatio": 1.0068493167042933,
          "samples": 30
        },
        "tick": {
          "score": 1.4333333348234494,
          "median": 1.5999999940395355,
          "min": 1.2999999821186066,
          "mean": 1.5699999988079072,
          "p95": 1.800000011920929,
          "sd": 0.17250686942572332,
          "rme": 4.102413444410946,
          "scoreRme": 7.156068219631928,
          "warmupRatio": 1.1744186010044482,
          "samples": 30
        },
        "tick_partial": {
          "score": 0.4583333308498065,
          "median": 0.699999988079071,
          "min": 0.3999999761581421,
          "mean": 0.6099999994039536,
          "p95": 0.800000011920929,
          "sd": 0.16049492512143146,
          "rme": 9.823452621437877,
          "scoreRme": 16.143121392083952,
          "warmupRatio": 1.5272727420507384,
          "samples": 30
        },
        "remount": {
          "score": 4.083333330849807,
          "median": 4.4000000059604645,
          "min": 3.899999976158142,
          "mean": 4.329999999205271,
          "p95": 4.700000017881393,
          "sd": 0.2842412784252906,
          "rme": 2.4509358059449955,
          "scoreRme": 3.028395728630502,
          "warmupRatio": 1.1102040824295332,
          "samples": 30
        },
        "sort": {
          "score": 2.216666671137015,
          "median": 2.2999999821186066,
          "min": 2,
          "mean": 2.246666666865349,
          "p95": 2.4000000059604645,
          "sd": 0.11366415408102766,
          "rme": 1.8889374077333974,
          "scoreRme": 3.83264025449322,
          "warmupRatio": 1.0300751849962633,
          "samples": 30
        },
        "unmount": {
          "score": 1.7166666612029076,
          "median": 1.800000011920929,
          "min": 1.5999999940395355,
          "mean": 1.7966666648785272,
          "p95": 2,
          "sd": 0.1159171340519745,
          "rme": 2.408866932892908,
          "scoreRme": 3.469648526202828,
          "warmupRatio": 1.1019417490546446,
          "samples": 30
        }
      },
      "meta": {
        "gates": "pass"
      }
    },
    {
      "name": "octane-deopt",
      "ops": {
        "mount": {
          "score": 6.816666667660077,
          "median": 6.799999982118607,
          "min": 6.5,
          "mean": 6.776666669050853,
          "p95": 7.0999999940395355,
          "sd": 0.17554512595623026,
          "rme": 0.9671756112347869,
          "scoreRme": 1.724803430283987,
          "warmupRatio": 0.9853300734975038,
          "samples": 30
        },
        "tick": {
          "score": 5.125,
          "median": 5.200000017881393,
          "min": 4.899999976158142,
          "mean": 5.226666668057442,
          "p95": 5.5,
          "sd": 0.2227312174872515,
          "rme": 1.5910688465169323,
          "scoreRme": 2.59649720613381,
          "warmupRatio": 1.0325203256878426,
          "samples": 30
        },
        "tick_partial": {
          "score": 3.9583333308498063,
          "median": 4.199999988079071,
          "min": 3.7999999821186066,
          "mean": 4.173333329955737,
          "p95": 4.5999999940395355,
          "sd": 0.2531638859273285,
          "rme": 2.2649121650454203,
          "scoreRme": 2.6910206648216204,
          "warmupRatio": 1.1010526318933165,
          "samples": 30
        },
        "remount": {
          "score": 7.100000001490116,
          "median": 7.300000011920929,
          "min": 6.800000011920929,
          "mean": 7.330000000198682,
          "p95": 7.700000017881393,
          "sd": 0.29844424028527766,
          "rme": 1.520169140653454,
          "scoreRme": 2.3522393837475524,
          "warmupRatio": 1.0563380279473147,
          "samples": 30
        },
        "sort": {
          "score": 6.816666665176551,
          "median": 6.800000011920929,
          "min": 6.5999999940395355,
          "mean": 6.816666665673256,
          "p95": 7,
          "sd": 0.13666807077878745,
          "rme": 0.7485618526716351,
          "scoreRme": 1.2463109301613042,
          "warmupRatio": 1.0024449879941943,
          "samples": 30
        },
        "unmount": {
          "score": 2.641666665673256,
          "median": 2.5999999940395355,
          "min": 2.399999976158142,
          "mean": 2.6199999978144963,
          "p95": 2.9000000059604645,
          "sd": 0.1769472920903319,
          "rme": 2.5215948848793754,
          "scoreRme": 4.750814178169033,
          "warmupRatio": 0.9810725544458204,
          "samples": 30
        }
      },
      "meta": {
        "gates": "pass"
      }
    }
  ],
  "harnessExit": 0
}
