{
  "suite": "dbmon",
  "iterations": 30,
  "targets": [
    {
      "name": "octane-tsrx",
      "ops": {
        "mount": {
          "median": 3.5999999940395355,
          "min": 3.3999999910593033,
          "p95": 3.800000011920929,
          "sd": 0.10132456243561577,
          "samples": 30
        },
        "tick": {
          "median": 1.5999999940395355,
          "min": 1.2000000029802322,
          "p95": 1.8999999910593033,
          "sd": 0.21715329879922168,
          "samples": 30
        },
        "tick_partial": {
          "median": 0.699999988079071,
          "min": 0.3999999910593033,
          "p95": 0.8999999910593033,
          "sd": 0.15807874107628328,
          "samples": 30
        },
        "remount": {
          "median": 4.299999997019768,
          "min": 3.8999999910593033,
          "p95": 4.5,
          "sd": 0.20058248481886667,
          "samples": 30
        },
        "sort": {
          "median": 2.0999999940395355,
          "min": 1.8999999910593033,
          "p95": 2.2000000029802322,
          "sd": 0.06674994893911484,
          "samples": 30
        },
        "unmount": {
          "median": 1.9000000059604645,
          "min": 0.20000000298023224,
          "p95": 2.2999999970197678,
          "sd": 0.532874802827084,
          "samples": 30
        }
      }
    },
    {
      "name": "octane-jsx",
      "ops": {
        "mount": {
          "median": 4.100000008940697,
          "min": 4,
          "p95": 4.299999997019768,
          "sd": 0.0891939192418232,
          "samples": 30
        },
        "tick": {
          "median": 1.7000000029802322,
          "min": 1.2999999970197678,
          "p95": 1.800000011920929,
          "sd": 0.17792008207774265,
          "samples": 30
        },
        "tick_partial": {
          "median": 0.7999999970197678,
          "min": 0.29999999701976776,
          "p95": 0.8999999910593033,
          "sd": 0.17763883211373405,
          "samples": 30
        },
        "remount": {
          "median": 4.399999991059303,
          "min": 3.8999999910593033,
          "p95": 4.5999999940395355,
          "sd": 0.22793761435465387,
          "samples": 30
        },
        "sort": {
          "median": 2.1000000089406967,
          "min": 2,
          "p95": 2.2000000029802322,
          "sd": 0.06871842709362794,
          "samples": 30
        },
        "unmount": {
          "median": 1.6000000089406967,
          "min": 1.5,
          "p95": 1.7999999970197678,
          "sd": 0.11661903776061129,
          "samples": 30
        }
      }
    },
    {
      "name": "ripple",
      "ops": {
        "mount": {
          "median": 6.299999997019768,
          "min": 5.899999991059303,
          "p95": 6.700000002980232,
          "sd": 0.22050447428837977,
          "samples": 30
        },
        "tick": {
          "median": 2.300000011920929,
          "min": 2,
          "p95": 2.5999999940395355,
          "sd": 0.1905838976272621,
          "samples": 30
        },
        "tick_partial": {
          "median": 0.800000011920929,
          "min": 0.5,
          "p95": 1.0999999940395355,
          "sd": 0.17387735201554125,
          "samples": 30
        },
        "remount": {
          "median": 4.9000000059604645,
          "min": 4.299999997019768,
          "p95": 5.0999999940395355,
          "sd": 0.2534429593876021,
          "samples": 30
        },
        "sort": {
          "median": 2.7999999970197678,
          "min": 2.4000000059604645,
          "p95": 3.2999999970197678,
          "sd": 0.25603819211294454,
          "samples": 30
        },
        "unmount": {
          "median": 2.1000000089406967,
          "min": 0.29999999701976776,
          "p95": 2.4000000059604645,
          "sd": 0.37872593378860137,
          "samples": 30
        }
      }
    },
    {
      "name": "solid",
      "ops": {
        "mount": {
          "median": 16.600000008940697,
          "min": 15.5,
          "p95": 18.100000008940697,
          "sd": 0.7602338831552624,
          "samples": 30
        },
        "tick": {
          "median": 11.5,
          "min": 10.200000002980232,
          "p95": 13.399999991059303,
          "sd": 0.7579504508889084,
          "samples": 30
        },
        "tick_partial": {
          "median": 1.7999999970197678,
          "min": 1.3999999910593033,
          "p95": 3.2000000029802322,
          "sd": 0.4774934570544947,
          "samples": 30
        },
        "remount": {
          "median": 13.899999991059303,
          "min": 12.799999997019768,
          "p95": 15.200000002980232,
          "sd": 0.7382863029939479,
          "samples": 30
        },
        "sort": {
          "median": 3.6000000089406967,
          "min": 3.199999988079071,
          "p95": 3.800000011920929,
          "sd": 0.1521694975154767,
          "samples": 30
        },
        "unmount": {
          "median": 2.8999999910593033,
          "min": 0.9000000059604645,
          "p95": 3.5,
          "sd": 0.6676742365894879,
          "samples": 30
        }
      }
    },
    {
      "name": "react",
      "ops": {
        "mount": {
          "median": 51.30000001192093,
          "min": 49.70000000298023,
          "p95": 54.69999998807907,
          "sd": 1.5469001243959222,
          "samples": 30
        },
        "tick": {
          "median": 12.700000002980232,
          "min": 11.600000008940697,
          "p95": 26.400000005960464,
          "sd": 9.415162710433616,
          "samples": 30
        },
        "tick_partial": {
          "median": 11.200000002980232,
          "min": 10.799999997019768,
          "p95": 24,
          "sd": 9.076098034893558,
          "samples": 30
        },
        "remount": {
          "median": 18.700000002980232,
          "min": 16.799999997019768,
          "p95": 31.700000002980232,
          "sd": 8.963434360828492,
          "samples": 30
        },
        "sort": {
          "median": 14.399999991059303,
          "min": 13.299999997019768,
          "p95": 27.69999998807907,
          "sd": 8.664271463227838,
          "samples": 30
        },
        "unmount": {
          "median": 2.7999999970197678,
          "min": 1.1000000089406967,
          "p95": 3.1000000089406967,
          "sd": 0.8384443267972931,
          "samples": 30
        }
      }
    }
  ],
  "harnessExit": 0
}
