{
  "suite": "effectful-list",
  "iterations": 30,
  "targets": [
    {
      "name": "octane-tsrx",
      "ops": {
        "mount_1k": {
          "median": 8.5,
          "min": 8.199999988079071,
          "p95": 9,
          "sd": 0.2570992089186561,
          "samples": 30
        },
        "update_nodeps": {
          "median": 0.1,
          "min": 0.0899999976158142,
          "p95": 0.10999999642372131,
          "sd": 0.007156969882862522,
          "samples": 30
        },
        "update_deps": {
          "median": 2.0800000011920927,
          "min": 2.0299999952316283,
          "p95": 2.160000002384186,
          "sd": 0.03651483787435868,
          "samples": 30
        },
        "clear": {
          "median": 1.699999988079071,
          "min": 1.5999999642372131,
          "p95": 1.7000000476837158,
          "sd": 0.054670731507739864,
          "samples": 30
        },
        "remount": {
          "median": 10.399999976158142,
          "min": 10,
          "p95": 10.5,
          "sd": 0.13399834232665422,
          "samples": 30
        },
        "remove_100_scattered": {
          "median": 0.5999999642372131,
          "min": 0.5,
          "p95": 0.699999988079071,
          "sd": 0.060000001721916864,
          "samples": 30
        }
      },
      "meta": {
        "fxGate": "pass"
      }
    },
    {
      "name": "octane-jsx",
      "ops": {
        "mount_1k": {
          "median": 9.300000011920929,
          "min": 8.899999976158142,
          "p95": 9.5,
          "sd": 0.1939072017969092,
          "samples": 30
        },
        "update_nodeps": {
          "median": 0.12999999523162842,
          "min": 0.1100000023841858,
          "p95": 0.13999999761581422,
          "sd": 0.0071569688742257635,
          "samples": 30
        },
        "update_deps": {
          "median": 2.0599999964237212,
          "min": 2.0200000047683715,
          "p95": 2.0900000035762787,
          "sd": 0.01725945737295217,
          "samples": 30
        },
        "clear": {
          "median": 1.199999988079071,
          "min": 1,
          "p95": 1.300000011920929,
          "sd": 0.08299933368538319,
          "samples": 30
        },
        "remount": {
          "median": 9.399999976158142,
          "min": 9.199999988079071,
          "p95": 9.800000011920929,
          "sd": 0.17048949006205488,
          "samples": 30
        },
        "remove_100_scattered": {
          "median": 0.3999999761581421,
          "min": 0.2999999523162842,
          "p95": 0.5,
          "sd": 0.05773502691896739,
          "samples": 30
        }
      },
      "meta": {
        "fxGate": "pass"
      }
    },
    {
      "name": "react",
      "ops": {
        "mount_1k": {
          "median": 17,
          "min": 16.30000001192093,
          "p95": 46.19999998807907,
          "sd": 7.351658921288127,
          "samples": 30
        },
        "update_nodeps": {
          "median": 5.1400000035762785,
          "min": 5.1,
          "p95": 9.969999998807907,
          "sd": 1.207555105683169,
          "samples": 30
        },
        "update_deps": {
          "median": 8.75,
          "min": 8.610000002384187,
          "p95": 12.910000002384185,
          "sd": 1.2582863569864686,
          "samples": 30
        },
        "clear": {
          "median": 2.200000047683716,
          "min": 1.899999976158142,
          "p95": 2.899999976158142,
          "sd": 0.29266969463774173,
          "samples": 30
        },
        "remount": {
          "median": 18.099999964237213,
          "min": 17.400000035762787,
          "p95": 37.89999997615814,
          "sd": 5.055144789123367,
          "samples": 30
        },
        "remove_100_scattered": {
          "median": 5.699999988079071,
          "min": 5.5,
          "p95": 23.5,
          "sd": 4.463625828411641,
          "samples": 30
        }
      },
      "meta": {
        "fxGate": "pass"
      }
    },
    {
      "name": "solid",
      "ops": {
        "mount_1k": {
          "median": 8.799999952316284,
          "min": 8.300000011920929,
          "p95": 9.200000047683716,
          "sd": 0.261703822348842,
          "samples": 30
        },
        "update_nodeps": {
          "median": 0,
          "min": 0,
          "p95": 0.010000002384185792,
          "sd": 0.004582575573559328,
          "samples": 30
        },
        "update_deps": {
          "median": 2.35,
          "min": 2.319999998807907,
          "p95": 2.3899999976158144,
          "sd": 0.017587874082352548,
          "samples": 30
        },
        "clear": {
          "median": 1.399999976158142,
          "min": 1.2999999523162842,
          "p95": 1.5,
          "sd": 0.05467073235571031,
          "samples": 30
        },
        "remount": {
          "median": 9.699999988079071,
          "min": 9.5,
          "p95": 9.900000035762787,
          "sd": 0.14126413317766048,
          "samples": 30
        },
        "remove_100_scattered": {
          "median": 0.699999988079071,
          "min": 0.5999999642372131,
          "p95": 0.800000011920929,
          "sd": 0.06289320716796287,
          "samples": 30
        }
      },
      "meta": {
        "fxGate": "pass"
      }
    },
    {
      "name": "ripple",
      "ops": {
        "mount_1k": {
          "median": 9.5,
          "min": 9,
          "p95": 10,
          "sd": 0.291356975399587,
          "samples": 30
        },
        "update_nodeps": {
          "median": 0.0899999976158142,
          "min": 0.0800000011920929,
          "p95": 0.1,
          "sd": 0.006289321116941324,
          "samples": 30
        },
        "update_deps": {
          "median": 2.410000002384186,
          "min": 2.3400000035762787,
          "p95": 2.55,
          "sd": 0.06213694553546092,
          "samples": 30
        },
        "clear": {
          "median": 1.100000023841858,
          "min": 1,
          "p95": 1.2999999523162842,
          "sd": 0.06992058002734229,
          "samples": 30
        },
        "remount": {
          "median": 10.5,
          "min": 10.299999952316284,
          "p95": 10.699999988079071,
          "sd": 0.138884442484997,
          "samples": 30
        },
        "remove_100_scattered": {
          "median": 0.3999999761581421,
          "min": 0.2999999523162842,
          "p95": 0.5,
          "sd": 0.07023769315661763,
          "samples": 30
        }
      },
      "meta": {
        "fxGate": "pass"
      }
    },
    {
      "name": "vue-vapor",
      "ops": {
        "mount_1k": {
          "median": 13.100000023841858,
          "min": 12.600000023841858,
          "p95": 13.400000035762787,
          "sd": 0.46553434042641684,
          "samples": 30
        },
        "update_nodeps": {
          "median": 0.009999996423721314,
          "min": 0,
          "p95": 0.010000002384185792,
          "sd": 0.004955356388100632,
          "samples": 30
        },
        "update_deps": {
          "median": 3.2,
          "min": 3.1400000035762785,
          "p95": 3.3599999964237215,
          "sd": 0.054083268654387485,
          "samples": 30
        },
        "clear": {
          "median": 2.199999988079071,
          "min": 2,
          "p95": 2.399999976158142,
          "sd": 0.1024152693698445,
          "samples": 30
        },
        "remount": {
          "median": 15.599999964237213,
          "min": 15.299999952316284,
          "p95": 15.800000011920929,
          "sd": 0.15434449510947573,
          "samples": 30
        },
        "remove_100_scattered": {
          "median": 1.100000023841858,
          "min": 1,
          "p95": 1.199999988079071,
          "sd": 0.049888764838391116,
          "samples": 30
        }
      },
      "meta": {
        "fxGate": "pass"
      }
    }
  ],
  "harnessExit": 0
}
