{
	"suite": "effectful-list",
	"iterations": 30,
	"targets": [
		{
			"name": "octane-tsrx",
			"ops": {
				"mount_1k": {
					"score": 8.416666669150194,
					"median": 8.599999994039536,
					"min": 8.200000002980232,
					"mean": 8.560000000397364,
					"p95": 8.799999997019768,
					"sd": 0.18680618724388298,
					"rme": 0.814798417363237,
					"scoreRme": 0.900909692294176,
					"warmupRatio": 1.0336633657955698,
					"samples": 30
				},
				"update_nodeps": {
					"score": 0.08750000012417634,
					"median": 0.08999999910593033,
					"min": 0.07000000029802322,
					"mean": 0.08700000007947285,
					"p95": 0.1,
					"sd": 0.006512587272361789,
					"rme": 2.7949045976932285,
					"scoreRme": 3.2840992835018574,
					"warmupRatio": 0.9428571420867427,
					"samples": 30
				},
				"update_deps": {
					"score": 2.1674999999503295,
					"median": 2.1700000002980233,
					"min": 2.1400000005960464,
					"mean": 2.173333333383004,
					"p95": 2.220000000298023,
					"sd": 0.01844532135209676,
					"rme": 0.31687835131597947,
					"scoreRme": 0.3775768861923115,
					"warmupRatio": 1.0034602077500323,
					"samples": 30
				},
				"clear": {
					"score": 1.241666664679845,
					"median": 1.2999999970197678,
					"min": 1.0999999940395355,
					"mean": 1.2466666648785274,
					"p95": 1.2999999970197678,
					"sd": 0.06288102271178825,
					"rme": 1.8832238025007224,
					"scoreRme": 3.421081625022173,
					"warmupRatio": 1.0067114100067591,
					"samples": 30
				},
				"remount": {
					"score": 10.258333334078392,
					"median": 9.899999991059303,
					"min": 9.5,
					"mean": 9.993333333233993,
					"p95": 10.599999994039536,
					"sd": 0.3433439345433102,
					"rme": 1.2827785546186024,
					"scoreRme": 1.5726440304245142,
					"warmupRatio": 0.9439480097038235,
					"samples": 30
				},
				"remove_100_scattered": {
					"score": 0.3750000012417634,
					"median": 0.3999999910593033,
					"min": 0.29999999701976776,
					"mean": 0.36666666666666664,
					"p95": 0.4000000059604645,
					"sd": 0.054667226607110625,
					"rme": 5.566577966411405,
					"scoreRme": 10.531646504963133,
					"warmupRatio": 0.9555555550404538,
					"samples": 30
				}
			},
			"meta": {
				"fxGate": "pass"
			}
		},
		{
			"name": "octane-jsx",
			"ops": {
				"mount_1k": {
					"score": 8.791666666666666,
					"median": 9,
					"min": 8.600000008940697,
					"mean": 8.973333332935969,
					"p95": 9.5,
					"sd": 0.2303420740954006,
					"rme": 0.958411811319412,
					"scoreRme": 1.1305050202279388,
					"warmupRatio": 1.039810426568533,
					"samples": 30
				},
				"update_nodeps": {
					"score": 0.12166666674117249,
					"median": 0.12000000029802323,
					"min": 0.10999999940395355,
					"mean": 0.12033333341280618,
					"p95": 0.1300000011920929,
					"sd": 0.007183954104856883,
					"rme": 2.2290011198057016,
					"scoreRme": 3.748222044434751,
					"warmupRatio": 0.9863013706879044,
					"samples": 30
				},
				"update_deps": {
					"score": 2.268333333730698,
					"median": 2.220000000298023,
					"min": 2.1699999988079073,
					"mean": 2.240333333512148,
					"p95": 2.3099999994039537,
					"sd": 0.09939414180521537,
					"rme": 1.6564595402776032,
					"scoreRme": 4.202157123980276,
					"warmupRatio": 0.9750183686975311,
					"samples": 30
				},
				"clear": {
					"score": 1.3583333330849807,
					"median": 1.2999999970197678,
					"min": 1.199999988079071,
					"mean": 1.316666665673256,
					"p95": 1.4000000059604645,
					"sd": 0.07466400005370953,
					"rme": 2.117230284984808,
					"scoreRme": 2.4086301369585783,
					"warmupRatio": 0.938650304908886,
					"samples": 30
				},
				"remount": {
					"score": 10.075000001738468,
					"median": 10.099999994039536,
					"min": 9.700000002980232,
					"mean": 10.080000001192094,
					"p95": 10.5,
					"sd": 0.23103962793163685,
					"rme": 0.8557730968128986,
					"scoreRme": 1.2931350707621838,
					"warmupRatio": 0.9975186103236628,
					"samples": 30
				},
				"remove_100_scattered": {
					"score": 0.4416666676600774,
					"median": 0.4000000059604645,
					"min": 0.3999999910593033,
					"mean": 0.436666668454806,
					"p95": 0.5,
					"sd": 0.05560534156586526,
					"rme": 4.754437635646057,
					"scoreRme": 9.617758030473256,
					"warmupRatio": 0.9622641532775048,
					"samples": 30
				}
			},
			"meta": {
				"fxGate": "pass"
			}
		},
		{
			"name": "react",
			"ops": {
				"mount_1k": {
					"score": 10.049999999503294,
					"median": 10.099999994039536,
					"min": 9.899999991059303,
					"mean": 10.09666666785876,
					"p95": 10.300000011920929,
					"sd": 0.14967397707596292,
					"rme": 0.5534787673174606,
					"scoreRme": 1.1594923465604055,
					"warmupRatio": 1.0091210614344535,
					"samples": 30
				},
				"update_nodeps": {
					"score": 0.8650000002235175,
					"median": 0.8700000002980233,
					"min": 0.85,
					"mean": 0.8696666668852171,
					"p95": 0.8899999991059303,
					"sd": 0.011591713177648906,
					"rme": 0.4976539860955264,
					"scoreRme": 0.7345363737949273,
					"warmupRatio": 1.009633911078413,
					"samples": 30
				},
				"update_deps": {
					"score": 3.0416666667908436,
					"median": 2.9900000005960465,
					"min": 2.930000001192093,
					"mean": 3.0183333331843207,
					"p95": 3.1,
					"sd": 0.10184786930519474,
					"rme": 1.2598459172343626,
					"scoreRme": 3.2346806692373478,
					"warmupRatio": 0.9890410958092078,
					"samples": 30
				},
				"clear": {
					"score": 1.6833333323399227,
					"median": 1.7000000029802322,
					"min": 1.5,
					"mean": 1.6966666648785274,
					"p95": 1.9000000059604645,
					"sd": 0.10980651819002274,
					"rme": 2.4163746933398427,
					"scoreRme": 4.50454837976945,
					"warmupRatio": 1.0099009887770265,
					"samples": 30
				},
				"remount": {
					"score": 12.10833333308498,
					"median": 12.200000002980232,
					"min": 11.5,
					"mean": 12.146666666865348,
					"p95": 12.799999997019768,
					"sd": 0.31484351200266564,
					"rme": 0.9677659095022202,
					"scoreRme": 1.3134418267834311,
					"warmupRatio": 1.0034411562285634,
					"samples": 30
				},
				"remove_100_scattered": {
					"score": 1.7166666649281979,
					"median": 1.7000000029802322,
					"min": 1.5,
					"mean": 1.709999999900659,
					"p95": 1.8999999910593033,
					"sd": 0.1061878613900585,
					"rme": 2.318523215512458,
					"scoreRme": 4.690556937215722,
					"warmupRatio": 0.9902912634281335,
					"samples": 30
				}
			},
			"meta": {
				"fxGate": "pass"
			}
		},
		{
			"name": "solid",
			"ops": {
				"mount_1k": {
					"score": 9.30833333482345,
					"median": 9.200000002980232,
					"min": 8.800000011920929,
					"mean": 9.200000000496706,
					"p95": 9.599999994039536,
					"sd": 0.20844249954226968,
					"rme": 0.8459235779851819,
					"scoreRme": 1.2838934027050088,
					"warmupRatio": 0.9883616828414146,
					"samples": 30
				},
				"update_nodeps": {
					"score": 0.0008333334078391392,
					"median": 0,
					"min": 0,
					"mean": 0.0040000000099341074,
					"p95": 0.010000000894069671,
					"sd": 0.005632418508943372,
					"rme": 52.57358704856042,
					"scoreRme": 220.10000000000005,
					"warmupRatio": 1,
					"samples": 30
				},
				"update_deps": {
					"score": 2.6849999997764833,
					"median": 2.6400000005960464,
					"min": 2.5399999991059303,
					"mean": 2.6493333332240576,
					"p95": 2.7400000005960465,
					"sd": 0.0825429181198719,
					"rme": 1.16325760262544,
					"scoreRme": 2.649542683388767,
					"warmupRatio": 0.9767225326327645,
					"samples": 30
				},
				"clear": {
					"score": 1.5583333323399227,
					"median": 1.5999999940395355,
					"min": 1.2999999970197678,
					"mean": 1.5466666658719381,
					"p95": 1.7000000029802322,
					"sd": 0.110588809305872,
					"rme": 2.6696058262602556,
					"scoreRme": 4.74797688103923,
					"warmupRatio": 0.9946524067324447,
					"samples": 30
				},
				"remount": {
					"score": 11.09999999900659,
					"median": 11.099999994039536,