{
	"suite": "effectful-list",
	"iterations": 30,
	"targets": [
		{
			"name": "octane-tsrx",
			"ops": {
				"mount_1k": {
					"median": 9,
					"min": 8.700000002980232,
					"p95": 9.799999997019768,
					"sd": 0.3054322982940822,
					"samples": 30
				},
				"update_nodeps": {
					"median": 0.09000000059604644,
					"min": 0.07999999970197677,
					"p95": 0.1,
					"sd": 0.004068851914230644,
					"samples": 30
				},
				"update_deps": {
					"median": 2.230000001192093,
					"min": 2.129999999701977,
					"p95": 2.2900000005960464,
					"sd": 0.045422706185009924,
					"samples": 30
				},
				"clear": {
					"median": 1.6000000089406967,
					"min": 1.4000000059604645,
					"p95": 1.7000000029802322,
					"sd": 0.07745966487216824,
					"samples": 30
				},
				"remount": {
					"median": 11.099999994039536,
					"min": 10.699999988079071,
					"p95": 11.599999994039536,
					"sd": 0.24349310046425024,
					"samples": 30
				},
				"remove_100_scattered": {
					"median": 0.5999999940395355,
					"min": 0.5,
					"p95": 0.6000000089406967,
					"sd": 0.05120763882351557,
					"samples": 30
				}
			},
			"meta": {
				"fxGate": "pass"
			}
		},
		{
			"name": "octane-jsx",
			"ops": {
				"mount_1k": {
					"median": 9.400000005960464,
					"min": 9,
					"p95": 10.099999994039536,
					"sd": 0.3224213951404492,
					"samples": 30
				},
				"update_nodeps": {
					"median": 0.1,
					"min": 0.08999999910593033,
					"p95": 0.1,
					"sd": 0.005537749288586521,
					"samples": 30
				},
				"update_deps": {
					"median": 2.1799999997019768,
					"min": 2.129999999701977,
					"p95": 2.3400000005960466,
					"sd": 0.06023011452384143,
					"samples": 30
				},
				"clear": {
					"median": 1.2000000029802322,
					"min": 1.0999999940395355,
					"p95": 1.300000011920929,
					"sd": 0.06289320716795943,
					"samples": 30
				},
				"remount": {
					"median": 9.799999997019768,
					"min": 9.599999994039536,
					"p95": 10.299999997019768,
					"sd": 0.22020192609155484,
					"samples": 30
				},
				"remove_100_scattered": {
					"median": 0.4000000059604645,
					"min": 0.29999999701976776,
					"p95": 0.5,
					"sd": 0.06289320585169297,
					"samples": 30
				}
			},
			"meta": {
				"fxGate": "pass"
			}
		},
		{
			"name": "react",
			"ops": {
				"mount_1k": {
					"median": 17.599999994039536,
					"min": 16.799999997019768,
					"p95": 48.3999999910593,
					"sd": 7.74528458545701,
					"samples": 30
				},
				"update_nodeps": {
					"median": 5.5100000008940695,
					"min": 5.309999999403954,
					"p95": 10.409999999403954,
					"sd": 1.2925121532663841,
					"samples": 30
				},
				"update_deps": {
					"median": 9.359999999403954,
					"min": 9,
					"p95": 13.969999998807907,
					"sd": 1.5599366083915402,
					"samples": 30
				},
				"clear": {
					"median": 2.7999999970197678,
					"min": 2,
					"p95": 3.2000000029802322,
					"sd": 0.3807011071740152,
					"samples": 30
				},
				"remount": {
					"median": 18.299999997019768,
					"min": 17.5,
					"p95": 38.70000000298023,
					"sd": 5.23168232924448,
					"samples": 30
				},
				"remove_100_scattered": {
					"median": 5.9000000059604645,
					"min": 5.700000002980232,
					"p95": 8.5,
					"sd": 3.3460756459274474,
					"samples": 30
				}
			},
			"meta": {
				"fxGate": "pass"
			}
		},
		{
			"name": "solid",
			"ops": {
				"mount_1k": {
					"median": 8.700000002980232,
					"min": 8.200000002980232,
					"p95": 8.900000005960464,
					"sd": 0.21870833052257718,
					"samples": 30
				},
				"update_nodeps": {
					"median": 0,
					"min": 0,
					"p95": 0.009999999403953552,
					"sd": 0.0037267798514329597,
					"samples": 30
				},
				"update_deps": {
					"median": 2.45,
					"min": 2.4,
					"p95": 2.629999999701977,
					"sd": 0.05565868187396995,
					"samples": 30
				},
				"clear": {
					"median": 1.4000000059604645,
					"min": 1.2999999970197678,
					"p95": 1.5999999940395355,
					"sd": 0.07630348718977012,
					"samples": 30
				},
				"remount": {
					"median": 10.600000008940697,
					"min": 9.799999997019768,
					"p95": 12.300000011920929,
					"sd": 0.7738791192044271,
					"samples": 30
				},
				"remove_100_scattered": {
					"median": 0.7000000029802322,
					"min": 0.5999999940395355,
					"p95": 0.800000011920929,
					"sd": 0.061824124492361916,
					"samples": 30
				}
			},
			"meta": {
				"fxGate": "pass"
			}
		},
		{
			"name": "ripple",
			"ops": {
				"mount_1k": {
					"median": 9.799999997019768,
					"min": 9.299999997019768,
					"p95": 10.200000002980232,
					"sd": 0.25638512711321404,
					"samples": 30
				},
				"update_nodeps": {
					"median": 0.1,
					"min": 0.08999999910593033,
					"p95": 0.11000000089406967,
					"sd": 0.007063206696388492,
					"samples": 30
				},
				"update_deps": {
					"median": 2.7,
					"min": 2.469999998807907,
					"p95": 2.870000000298023,
					"sd": 0.10698701895398056,
					"samples": 30
				},
				"clear": {
					"median": 1.2999999970197678,
					"min": 1.199999988079071,
					"p95": 1.3999999910593033,
					"sd": 0.054160255554013166,
					"samples": 30
				},
				"remount": {
					"median": 10.799999997019768,
					"min": 10.5,
					"p95": 11,
					"sd": 0.22521594666637623,
					"samples": 30
				},
				"remove_100_scattered": {
					"median": 0.4000000059604645,
					"min": 0.29999999701976776,
					"p95": 0.5,
					"sd": 0.052599112869077806,
					"samples": 30
				}
			},
			"meta": {
				"fxGate": "pass"
			}
		}
	],
	"harnessExit": 0
}
