{
  "suite": "js-framework",
  "iterations": 8,
  "targets": [
    {
      "name": "octane-tsrx",
      "ops": {
        "run": {
          "median": 1.699999988079071,
          "min": 1.5,
          "samples": 8
        },
        "replace": {
          "median": 4.199999988079071,
          "min": 3.300000011920929,
          "samples": 8
        },
        "add": {
          "median": 1.5999999642372131,
          "min": 1.5,
          "samples": 8
        },
        "update": {
          "median": 0.19999998807907104,
          "min": 0.10000002384185791,
          "samples": 8
        },
        "select": {
          "median": 0.10000002384185791,
          "min": 0,
          "samples": 8
        },
        "swap": {
          "median": 0.30000001192092896,
          "min": 0.30000001192092896,
          "samples": 8
        },
        "remove": {
          "median": 0.19999998807907104,
          "min": 0.10000002384185791,
          "samples": 8
        },
        "runlots": {
          "median": 15.100000023841858,
          "min": 14.300000011920929,
          "samples": 8
        },
        "clear": {
          "median": 23.099999964237213,
          "min": 18,
          "samples": 8
        },
        "comments_1k": {
          "median": 3,
          "min": 3,
          "samples": 1
        }
      }
    },
    {
      "name": "octane-jsx",
      "ops": {
        "run": {
          "median": 2,
          "min": 1.899999976158142,
          "samples": 8
        },
        "replace": {
          "median": 4.300000011920929,
          "min": 4,
          "samples": 8
        },
        "add": {
          "median": 1.699999988079071,
          "min": 1.5999999642372131,
          "samples": 8
        },
        "update": {
          "median": 0.20000004768371582,
          "min": 0.10000002384185791,
          "samples": 8
        },
        "select": {
          "median": 0.10000002384185791,
          "min": 0,
          "samples": 8
        },
        "swap": {
          "median": 0.30000001192092896,
          "min": 0.19999998807907104,
          "samples": 8
        },
        "remove": {
          "median": 0.19999998807907104,
          "min": 0.10000002384185791,
          "samples": 8
        },
        "runlots": {
          "median": 18.399999976158142,
          "min": 17,
          "samples": 8
        },
        "clear": {
          "median": 27.80000001192093,
          "min": 18.600000023841858,
          "samples": 8
        },
        "comments_1k": {
          "median": 3,
          "min": 3,
          "samples": 1
        }
      }
    },
    {
      "name": "react",
      "ops": {
        "run": {
          "median": 17.299999952316284,
          "min": 14.900000035762787,
          "samples": 8
        },
        "replace": {
          "median": 22.19999998807907,
          "min": 19.799999952316284,
          "samples": 8
        },
        "add": {
          "median": 16.30000001192093,
          "min": 16,
          "samples": 8
        },
        "update": {
          "median": 3.100000023841858,
          "min": 3,
          "samples": 8
        },
        "select": {
          "median": 12,
          "min": 11.699999988079071,
          "samples": 8
        },
        "swap": {
          "median": 16.69999998807907,
          "min": 15.699999988079071,
          "samples": 8
        },
        "remove": {
          "median": 1.699999988079071,
          "min": 1.4000000357627869,
          "samples": 8
        },
        "runlots": {
          "median": 405.30000001192093,
          "min": 292.19999998807907,
          "samples": 8
        },
        "clear": {
          "median": 71.10000002384186,
          "min": 38.69999998807907,
          "samples": 8
        },
        "comments_1k": {
          "median": 0,
          "min": 0,
          "samples": 1
        }
      }
    },
    {
      "name": "ripple",
      "ops": {
        "run": {
          "median": 2.100000023841858,
          "min": 1.899999976158142,
          "samples": 8
        },
        "replace": {
          "median": 4.300000011920929,
          "min": 4,
          "samples": 8
        },
        "add": {
          "median": 1.800000011920929,
          "min": 1.699999988079071,
          "samples": 8
        },
        "update": {
          "median": 0.2999999523162842,
          "min": 0.10000002384185791,
          "samples": 8
        },
        "select": {
          "median": 0.10000002384185791,
          "min": 0,
          "samples": 8
        },
        "swap": {
          "median": 0.30000001192092896,
          "min": 0.19999998807907104,
          "samples": 8
        },
        "remove": {
          "median": 0.30000001192092896,
          "min": 0.09999996423721313,
          "samples": 8
        },
        "runlots": {
          "median": 16.30000001192093,
          "min": 14.5,
          "samples": 8
        },
        "clear": {
          "median": 24.30000001192093,
          "min": 15.900000035762787,
          "samples": 8
        },
        "comments_1k": {
          "median": 0,
          "min": 0,
          "samples": 1
        }
      }
    },
    {
      "name": "solid",
      "ops": {
        "run": {
          "median": 1.9000000357627869,
          "min": 1.699999988079071,
          "samples": 8
        },
        "replace": {
          "median": 4.699999988079071,
          "min": 4.200000047683716,
          "samples": 8
        },
        "add": {
          "median": 1.699999988079071,
          "min": 1.600000023841858,
          "samples": 8
        },
        "update": {
          "median": 0.699999988079071,
          "min": 0.6000000238418579,
          "samples": 8
        },
        "select": {
          "median": 0.10000002384185791,
          "min": 0,
          "samples": 8
        },
        "swap": {
          "median": 0.30000001192092896,
          "min": 0.19999998807907104,
          "samples": 8
        },
        "remove": {
          "median": 0.19999998807907104,
          "min": 0.09999996423721313,
          "samples": 8
        },
        "runlots": {
          "median": 15.600000023841858,
          "min": 14.799999952316284,
          "samples": 8
        },
        "clear": {
          "median": 25.100000023841858,
          "min": 18.5,
          "samples": 8
        },
        "comments_1k": {
          "median": 0,
          "min": 0,
          "samples": 1
        }
      }
    }
  ],
  "harnessExit": 0
}
