{
  "suite": "js-framework-deopt",
  "iterations": 8,
  "targets": [
    {
      "name": "octane-tsrx",
      "ops": {
        "run": {
          "score": 2.160000005364418,
          "median": 2.2000000029802322,
          "min": 2.1000000089406967,
          "mean": 2.2250000033527613,
          "p95": 2.5,
          "sd": 0.12817398581981695,
          "rme": 4.816771287094405,
          "scoreRme": 3.1480477332314702,
          "warmupRatio": 1.0462962948015813,
          "samples": 8
        },
        "replace": {
          "score": 4.8800000011920925,
          "median": 4.800000011920929,
          "min": 4.5,
          "mean": 4.787500001490116,
          "p95": 5.200000002980232,
          "sd": 0.27483761292223846,
          "rme": 4.800135890725969,
          "scoreRme": 7.716290078153433,
          "warmupRatio": 0.9549180336528827,
          "samples": 8
        },
        "add": {
          "score": 1.6599999994039536,
          "median": 1.7000000029802322,
          "min": 1.5999999940395355,
          "mean": 1.7124999985098839,
          "p95": 2.0999999940395355,
          "sd": 0.16420805449433368,
          "rme": 8.01770416026414,
          "scoreRme": 4.096255503828724,
          "warmupRatio": 1.0481927700244493,
          "samples": 8
        },
        "update": {
          "score": 0.3,
          "median": 0.3999999910593033,
          "min": 0.20000000298023224,
          "mean": 0.6749999988824129,
          "p95": 2.9000000059604645,
          "sd": 0.9067209391106059,
          "rme": 112.31972321480698,
          "scoreRme": 29.26160753796371,
          "warmupRatio": 2.866666674613953,
          "samples": 8
        },
        "select": {
          "score": 0.14000000059604645,
          "median": 0.19999998807907104,
          "min": 0.09999999403953552,
          "mean": 0.18749999813735485,
          "p95": 0.3999999910593033,
          "sd": 0.11259915900666231,
          "rme": 50.213446451812125,
          "scoreRme": 48.56987802030813,
          "warmupRatio": 1.571428534935932,
          "samples": 8
        },
        "swap": {
          "score": 0.5,
          "median": 0.5,
          "min": 0.4000000059604645,
          "mean": 0.599999999627471,
          "p95": 0.9000000059604645,
          "sd": 0.19272482078551978,
          "rme": 26.85793088868838,
          "scoreRme": 17.55696452277814,
          "warmupRatio": 1.3199999988079072,
          "samples": 8
        },
        "remove": {
          "score": 0.2800000011920929,
          "median": 0.29999999701976776,
          "min": 0.20000000298023224,
          "mean": 0.3500000014901161,
          "p95": 0.9000000059604645,
          "sd": 0.2329929506488549,
          "rme": 55.6622665567174,
          "scoreRme": 37.09586037744454,
          "warmupRatio": 1.285714288755339,
          "samples": 8
        },
        "runlots": {
          "score": 13.119999995827675,
          "median": 13.299999997019768,
          "min": 13,
          "mean": 14.074999997392297,
          "p95": 20.099999994039536,
          "sd": 2.4405795552818375,
          "rme": 14.498755193383584,
          "scoreRme": 1.0365523632313038,
          "warmupRatio": 1.1158536587097194,
          "samples": 8
        },
        "clear": {
          "score": 21.85999999642372,
          "median": 23,
          "min": 17.100000008940697,
          "mean": 22.087499998509884,
          "p95": 25.599999994039536,
          "sd": 3.0898162182832976,
          "rme": 11.696939336033072,
          "scoreRme": 13.478891492444657,
          "warmupRatio": 0.9304666058519513,
          "samples": 8
        },
        "comments_1k": {
          "median": 3,
          "min": 3,
          "samples": 1
        }
      }
    },
    {
      "name": "octane-tsrx-naive",
      "ops": {
        "run": {
          "score": 2.939999997615814,
          "median": 3,
          "min": 2.8999999910593033,
          "mean": 3.162499999627471,
          "p95": 4.300000011920929,
          "sd": 0.4779046576401492,
          "rme": 12.635629427273948,
          "scoreRme": 2.312851633224331,
          "warmupRatio": 1.1224489805020839,
          "samples": 8
        },
        "replace": {
          "score": 5.9,
          "median": 5.899999991059303,
          "min": 5.5,
          "mean": 5.8125,
          "p95": 6.100000008940697,
          "sd": 0.22320714064470296,
          "rme": 3.2109331933362566,
          "scoreRme": 4.208355716891751,
          "warmupRatio": 0.9762711868447772,
          "samples": 8
        },
        "add": {
          "score": 2.4799999982118606,
          "median": 2.5999999940395355,
          "min": 2.3999999910593033,
          "mean": 2.625,
          "p95": 3.4000000059604645,
          "sd": 0.33273756410387556,
          "rme": 10.598848313568734,
          "scoreRme": 6.526903947872412,
          "warmupRatio": 1.11290322636854,
          "samples": 8
        },
        "update": {
          "score": 0.5400000005960465,
          "median": 0.7000000029802322,
          "min": 0.3999999910593033,
          "mean": 0.6125000007450581,
          "p95": 0.7999999970197678,
          "sd": 0.1457737981742986,
          "rme": 19.900295604999787,
          "scoreRme": 30.844444870016748,
          "warmupRatio": 1,
          "samples": 8
        },
        "select": {
          "score": 0.1600000023841858,
          "median": 0.20000000298023224,
          "min": 0.10000000894069672,
          "mean": 0.21250000223517418,
          "p95": 0.5,
          "sd": 0.12464234317018938,
          "rme": 49.04478300787472,
          "scoreRme": 42.49864175996189,
          "warmupRatio": 1.6249999720603232,
          "samples": 8
        },
        "swap": {
          "score": 0.7400000035762787,
          "median": 0.800000011920929,
          "min": 0.5,
          "mean": 0.8000000007450581,
          "p95": 1.5,
          "sd": 0.32071349042765945,
          "rme": 33.52072418266218,
          "scoreRme": 30.476122066430577,
          "warmupRatio": 1.1891891850530012,
          "samples": 8
        },
        "remove": {
          "score": 0.3400000035762787,
          "median": 0.4000000059604645,
          "min": 0.20000000298023224,
          "mean": 0.43750000186264515,
          "p95": 0.7999999970197678,
          "sd": 0.17677669364086784,
          "rme": 33.78571382542046,
          "scoreRme": 32.65882397670442,
          "warmupRatio": 1.3529411604866437,
          "samples": 8
        },
        "runlots": {
          "score": 18.2,
          "median": 18.30000001192093,
          "min": 18,
          "mean": 18.862499998882413,
          "p95": 23.299999997019768,
          "sd": 1.7983623493879004,
          "rme": 7.971941450568335,
          "scoreRme": 1.078532101414208,
          "warmupRatio": 1.059340659078661,
          "samples": 8
        },
        "clear": {
          "score": 24.639999997615813,
          "median": 26.599999994039536,
          "min": 19.700000002980232,
          "mean": 25.162499997764826,
          "p95": 29.5,
          "sd": 3.7860410904503374,
          "rme": 12.581073131506514,
          "scoreRme": 15.188955708398494,
          "warmupRatio": 0.9310064934998177,
          "samples": 8
        },
        "comments_1k": {
          "median": 2003,
          "min": 2003,
          "samples": 1
        }
      }
    },
    {
      "name": "octane-jsx-naive",
      "ops": {
        "run": {
          "score": 3.4000000029802324,
          "median": 3.5,
          "min": 3.300000011920929,
          "mean": 3.675000002607703,
          "p95": 5.100000008940697,
          "sd": 0.5897941548836271,
          "rme": 13.419281769919861,
          "scoreRme": 2.581906545204244,
          "warmupRatio": 1.1352941173531603,
          "samples": 8
        },
        "replace": {
          "score": 6.539999997615814,
          "median": 6.5,
          "min": 6.0999999940395355,
          "mean": 6.449999997392297,