{
  "suite": "js-framework-deopt",
  "iterations": 8,
  "targets": [
    {
      "name": "octane-tsrx",
      "ops": {
        "run": {
          "score": 2.1800000071525574,
          "median": 2.300000011920929,
          "min": 2.0999999940395355,
          "mean": 2.2625000067055225,
          "p95": 2.5,
          "sd": 0.14078859372972613,
          "rme": 5.203134271631433,
          "scoreRme": 4.76460592469139,
          "warmupRatio": 1.0550458708321964,
          "samples": 8
        },
        "replace": {
          "score": 4.9,
          "median": 4.800000011920929,
          "min": 4.0999999940395355,
          "mean": 4.6875,
          "p95": 5.0999999940395355,
          "sd": 0.3440826285495513,
          "rme": 6.137727714649125,
          "scoreRme": 4.005976137906553,
          "warmupRatio": 0.9265306129747507,
          "samples": 8
        },
        "add": {
          "score": 1.7599999904632568,
          "median": 1.7999999821186066,
          "min": 1.5999999940395355,
          "mean": 1.8249999918043613,
          "p95": 2.199999988079071,
          "sd": 0.19086270341870293,
          "rme": 8.74468873943207,
          "scoreRme": 10.69758436177356,
          "warmupRatio": 1.0909090927563423,
          "samples": 8
        },
        "update": {
          "score": 0.4600000023841858,
          "median": 0.5,
          "min": 0.4000000059604645,
          "mean": 0.7875000052154064,
          "p95": 2.9000000059604645,
          "sd": 0.8592978868318383,
          "rme": 91.2387507044493,
          "scoreRme": 14.782137142226215,
          "warmupRatio": 2.04347825805271,
          "samples": 8
        },
        "select": {
          "score": 0.12000000476837158,
          "median": 0.19999998807907104,
          "min": 0.09999999403953552,
          "mean": 0.17500000074505806,
          "p95": 0.4000000059604645,
          "sd": 0.10350983492963184,
          "rme": 49.45722183482122,
          "scoreRme": 46.26667241189384,
          "warmupRatio": 1.8333332505491078,
          "samples": 8
        },
        "swap": {
          "score": 0.5399999976158142,
          "median": 0.5999999940395355,
          "min": 0.3999999761581421,
          "mean": 0.5999999977648258,
          "p95": 0.9000000059604645,
          "sd": 0.15118579427259002,
          "rme": 21.0690953556478,
          "scoreRme": 26.212738909308364,
          "warmupRatio": 1.2222222209957891,
          "samples": 8
        },
        "remove": {
          "score": 0.2800000011920929,
          "median": 0.30000001192092896,
          "min": 0.19999998807907104,
          "mean": 0.32499999925494194,
          "p95": 0.5999999940395355,
          "sd": 0.1281739870654316,
          "rme": 32.976357718942694,
          "scoreRme": 37.09586037744512,
          "warmupRatio": 1.2142857006009746,
          "samples": 8
        },
        "runlots": {
          "score": 12.979999995231628,
          "median": 13.199999988079071,
          "min": 12.799999982118607,
          "mean": 13.849999994039536,
          "p95": 19.5,
          "sd": 2.289728619776498,
          "rme": 13.823575564417942,
          "scoreRme": 1.8397576573404406,
          "warmupRatio": 1.104776579575023,
          "samples": 8
        },
        "clear": {
          "score": 19.55999999642372,
          "median": 22.599999994039536,
          "min": 16.5,
          "mean": 21.362499997019768,
          "p95": 24.5,
          "sd": 3.1258998697426916,
          "rme": 12.235145498863842,
          "scoreRme": 15.877546309231116,
          "warmupRatio": 1,
          "samples": 8
        },
        "nodes_1k": {
          "median": 10074,
          "min": 10074,
          "samples": 1
        },
        "elements_1k": {
          "median": 8051,
          "min": 8051,
          "samples": 1
        },
        "text_1k": {
          "median": 2021,
          "min": 2021,
          "samples": 1
        },
        "comments_1k": {
          "median": 2,
          "min": 2,
          "samples": 1
        },
        "empty_text_1k": {
          "median": 0,
          "min": 0,
          "samples": 1
        },
        "whitespace_text_1k": {
          "median": 0,
          "min": 0,
          "samples": 1
        }
      },
      "meta": {
        "dom": {
          "root": "#main",
          "total": 10074,
          "elements": 8051,
          "text": 2021,
          "comments": 2,
          "emptyText": 0,
          "whitespaceText": 0,
          "hydrationMarkersPhysical": 0,
          "hydrationMarkersLogical": 0,
          "hydrationMarkersCounted": 0,
          "hydrationMarkerMaxMultiplicity": 0,
          "leadingHydrationStartsPhysical": 0,
          "leadingHydrationStartsLogical": 0,
          "commentsByData": {
            "/for": 1,
            "for": 1
          },
          "commentParents": {
            "tbody": 2
          }
        }
      }
    },
    {
      "name": "octane-tsrx-naive",
      "ops": {
        "run": {
          "score": 2.7400000035762786,
          "median": 2.800000011920929,
          "min": 2.699999988079071,
          "mean": 2.900000002235174,
          "p95": 3.699999988079071,
          "sd": 0.33806169685389487,
          "rme": 9.747295230261402,
          "scoreRme": 2.481673161601474,
          "warmupRatio": 1.0948905095198418,
          "samples": 8
        },
        "replace": {
          "score": 5.4,
          "median": 5.200000017881393,
          "min": 4.700000017881393,
          "mean": 5.212500002235174,
          "p95": 5.699999988079071,
          "sd": 0.344082622517515,
          "rme": 5.519539212606168,
          "scoreRme": 5.391654199746233,
          "warmupRatio": 0.9481481490311798,
          "samples": 8
        },
        "add": {
          "score": 2.300000011920929,
          "median": 2.4000000059604645,
          "min": 2.100000023841858,
          "mean": 2.4625000096857548,
          "p95": 3.300000011920929,
          "sd": 0.3662064187488604,
          "rme": 12.434715775595398,
          "scoreRme": 8.53447085826227,
          "warmupRatio": 1.1304347793411442,
          "samples": 8
        },
        "update": {
          "score": 0.5599999964237213,
          "median": 0.5999999940395355,
          "min": 0.5,
          "mean": 0.5749999992549419,
          "p95": 0.699999988079071,
          "sd": 0.08864052196017518,
          "rme": 12.889931582135514,
          "scoreRme": 19.828570373325917,
          "warmupRatio": 0.9285714323727453,
          "samples": 8
        },
        "select": {
          "score": 0.11999999284744263,
          "median": 0.19999998807907104,
          "min": 0.09999999403953552,
          "mean": 0.22499999403953552,
          "p95": 0.699999988079071,
          "sd": 0.205287254359006,
          "rme": 76.2896515362112,
          "scoreRme": 46.26666666666665,
          "warmupRatio": 2.5000000993410807,
          "samples": 8
        },
        "swap": {
          "score": 0.8400000035762787,
          "median": 0.9000000059604645,
          "min": 0.7999999821186066,
          "mean": 0.8875000067055225,
          "p95": 1.100000023841858,
          "sd": 0.112599167277795,
          "rme": 10.608475196217968,
          "scoreRme": 8.094980675256528,
          "warmupRatio": 1.1190476256365678,
          "samples": 8
        },
        "remove": {
          "score": 0.3599999964237213,
          "median": 0.4000000059604645,
          "min": 0.29999998211860657,
          "mean": 0.44999999925494194,
          "p95": 1.0999999940395355,
          "sd": 0.26726123952292297,
          "rme": 49.66033178638074,
          "scoreRme": 18.888287572128874,
          "warmupRatio": 1.3888888861294146,
          "samples": 8
        },
        "runlots": {
          "score": 16.040000003576278,
          "median": 16.400000005960464,
          "min": 15.800000011920929,
          "mean": 17.36250000819564,
          "p95": 24.100000023841858,