{
  "suite": "js-framework-reorder",
  "iterations": 8,
  "targets": [
    {
      "name": "octane-tsrx",
      "ops": {
        "reverse": {
          "median": 0.9500000029802322,
          "min": 0.9000000059604645,
          "p95": 1,
          "sd": 0.027950848052747584,
          "samples": 8
        },
        "shuffle": {
          "median": 1.1000000089406967,
          "min": 1.0499999970197678,
          "p95": 1.1749999970197678,
          "sd": 0.03903123546180918,
          "samples": 8
        },
        "rotatef": {
          "median": 0.0800000011920929,
          "min": 0.06999999880790711,
          "p95": 0.15,
          "sd": 0.03459023499388726,
          "samples": 8
        },
        "rotateb": {
          "median": 0.054999998211860655,
          "min": 0.05,
          "p95": 0.06500000059604645,
          "sd": 0.0052663439796082805,
          "samples": 8
        },
        "prepend100": {
          "median": 0.3999999761581421,
          "min": 0.30000001192092896,
          "p95": 0.40000003576278687,
          "sd": 0.0499999970197722,
          "samples": 8
        },
        "append100": {
          "median": 0.30000001192092896,
          "min": 0.19999998807907104,
          "p95": 0.3999999761581421,
          "sd": 0.0499999970197722,
          "samples": 8
        },
        "insertmid100": {
          "median": 0.30000001192092896,
          "min": 0.19999998807907104,
          "p95": 0.3999999761581421,
          "sd": 0.05994788658435406,
          "samples": 8
        },
        "removefirst": {
          "median": 0.015000000596046448,
          "min": 0.010000002384185792,
          "p95": 0.020000001788139342,
          "sd": 0.0029973944068958417,
          "samples": 8
        },
        "removeevery10": {
          "median": 0.1300000011920929,
          "min": 0.05999999940395355,
          "p95": 0.1449999988079071,
          "sd": 0.03613667607657995,
          "samples": 8
        },
        "displace3": {
          "median": 0.06500000059604645,
          "min": 0.05999999940395355,
          "p95": 0.13499999940395355,
          "sd": 0.03181980501290515,
          "samples": 8
        },
        "displace4": {
          "median": 0.06500000059604645,
          "min": 0.054999998211860655,
          "p95": 0.14000000059604645,
          "sd": 0.036120458114648354,
          "samples": 8
        },
        "displace5": {
          "median": 0.06999999880790711,
          "min": 0.0550000011920929,
          "p95": 0.14000000059604645,
          "sd": 0.03330141733770226,
          "samples": 8
        },
        "displace6": {
          "median": 0.075,
          "min": 0.06000000238418579,
          "p95": 0.14000000059604645,
          "sd": 0.03201562122788974,
          "samples": 8
        },
        "displace8": {
          "median": 0.0800000011920929,
          "min": 0.054999998211860655,
          "p95": 0.14500000178813935,
          "sd": 0.03515590339595753,
          "samples": 8
        }
      },
      "meta": {
        "identityGate": "pass"
      }
    },
    {
      "name": "octane-jsx",
      "ops": {
        "reverse": {
          "median": 0.9750000089406967,
          "min": 0.9000000059604645,
          "p95": 1,
          "sd": 0.035216961269112904,
          "samples": 8
        },
        "shuffle": {
          "median": 1.1000000089406967,
          "min": 0.9750000089406967,
          "p95": 1.1500000059604645,
          "sd": 0.05144399196998092,
          "samples": 8
        },
        "rotatef": {
          "median": 0.09500000178813935,
          "min": 0.0800000011920929,
          "p95": 0.10500000119209289,
          "sd": 0.006959705373247762,
          "samples": 8
        },
        "rotateb": {
          "median": 0.07999999821186066,
          "min": 0.06999999880790711,
          "p95": 0.08500000238418579,
          "sd": 0.006091746962374434,
          "samples": 8
        },
        "prepend100": {
          "median": 0.30000001192092896,
          "min": 0.19999998807907104,
          "p95": 0.30000001192092896,
          "sd": 0.0499999970197722,
          "samples": 8
        },
        "append100": {
          "median": 0.30000001192092896,
          "min": 0.19999998807907104,
          "p95": 0.3999999761581421,
          "sd": 0.07071066336725973,
          "samples": 8
        },
        "insertmid100": {
          "median": 0.2999999523162842,
          "min": 0.19999998807907104,
          "p95": 0.3999999761581421,
          "sd": 0.0599478788165923,
          "samples": 8
        },
        "removefirst": {
          "median": 0.034999999403953555,
          "min": 0.029999998211860657,
          "p95": 0.04000000059604645,
          "sd": 0.003535534222034298,
          "samples": 8
        },
        "removeevery10": {
          "median": 0.1449999988079071,
          "min": 0.06999999880790711,
          "p95": 0.1600000023841858,
          "sd": 0.03903123791948718,
          "samples": 8
        },
        "displace3": {
          "median": 0.0899999976158142,
          "min": 0.0800000011920929,
          "p95": 0.1550000011920929,
          "sd": 0.030764986747146006,
          "samples": 8
        },
        "displace4": {
          "median": 0.08499999940395356,
          "min": 0.07999999821186066,
          "p95": 0.09500000178813935,
          "sd": 0.004841229856065536,
          "samples": 8
        },
        "displace5": {
          "median": 0.1,
          "min": 0.08499999940395356,
          "p95": 0.16500000059604644,
          "sd": 0.03151760488891838,
          "samples": 8
        },
        "displace6": {
          "median": 0.10500000119209289,
          "min": 0.0899999976158142,
          "p95": 0.16499999761581421,
          "sd": 0.027838821961348164,
          "samples": 8
        },
        "displace8": {
          "median": 0.10500000119209289,
          "min": 0.09000000059604644,
          "p95": 0.15999999940395354,
          "sd": 0.023048860819980668,
          "samples": 8
        }
      },
      "meta": {
        "identityGate": "pass"
      }
    },
    {
      "name": "react",
      "ops": {
        "reverse": {
          "median": 3.0750000029802322,
          "min": 2.9000000059604645,
          "p95": 5.774999991059303,
          "sd": 0.9028600359235887,
          "samples": 8
        },
        "shuffle": {
          "median": 2.6000000089406967,
          "min": 2.5,
          "p95": 12.299999997019768,
          "sd": 3.1989484957550816,
          "samples": 8
        },
        "rotatef": {
          "median": 2.45,
          "min": 2.394999998807907,
          "p95": 4.270000001788139,
          "sd": 0.6046176484057378,
          "samples": 8
        },
        "rotateb": {
          "median": 0.9550000011920929,
          "min": 0.9350000023841858,
          "p95": 1.4599999994039536,
          "sd": 0.16810989693770187,
          "samples": 8
        },
        "prepend100": {
          "median": 2.800000011920929,
          "min": 2.699999988079071,
          "p95": 11.099999964237213,
          "sd": 2.7418059655025364,
          "samples": 8
        },
        "append100": {
          "median": 2.800000011920929,
          "min": 2.600000023841858,
          "p95": 18.5,
          "sd": 5.207386580067112,
          "samples": 8
        },
        "insertmid100": {
          "median": 2.900000035762787,
          "min": 2.699999988079071,
          "p95": 18.69999998807907,
          "sd": 5.2496279528962075,
          "samples": 8
        },
        "removefirst": {
          "median": 0.9400000005960465,
          "min": 0.925,
          "p95": 5.15,
          "sd": 1.3932914044000504,
          "samples": 8
        },
        "removeevery10": {
          "median": 0.5949999988079071,
          "min": 0.5899999976158142,
          "p95": 0.6349999994039536,
          "sd": 0.015206906827941433,
          "samples": 8
        },