{
  "suite": "js-framework-reorder",
  "iterations": 8,
  "targets": [
    {
      "name": "octane-tsrx",
      "ops": {
        "reverse": {
          "median": 0.9500000029802322,
          "min": 0.9499999992549419,
          "p95": 1.050000000745058,
          "sd": 0.03247595285699622,
          "samples": 8
        },
        "shuffle": {
          "median": 1.1000000014901161,
          "min": 1.050000000745058,
          "p95": 1.1499999985098839,
          "sd": 0.03171528558114097,
          "samples": 8
        },
        "rotatef": {
          "median": 0.08999999985098839,
          "min": 0.0649999998509884,
          "p95": 0.1,
          "sd": 0.010307764036938689,
          "samples": 8
        },
        "rotateb": {
          "median": 0.07999999970197677,
          "min": 0.075,
          "p95": 0.13999999985098838,
          "sd": 0.020681740100944507,
          "samples": 8
        },
        "prepend100": {
          "median": 0.29999999701976776,
          "min": 0.20000000298023224,
          "p95": 0.30000001192092896,
          "sd": 0.04330126868366405,
          "samples": 8
        },
        "append100": {
          "median": 0.29999999701976776,
          "min": 0.19999998807907104,
          "p95": 0.4000000059604645,
          "sd": 0.059947897070838516,
          "samples": 8
        },
        "insertmid100": {
          "median": 0.29999999701976776,
          "min": 0.19999998807907104,
          "p95": 0.4000000059604645,
          "sd": 0.06614378517026162,
          "samples": 8
        },
        "removefirst": {
          "median": 0.025,
          "min": 0.025,
          "p95": 0.030000000447034835,
          "sd": 0.002165063541723064,
          "samples": 8
        },
        "removeevery10": {
          "median": 0.14500000029802323,
          "min": 0.0649999998509884,
          "p95": 0.15499999970197678,
          "sd": 0.027207248600271655,
          "samples": 8
        },
        "displace3": {
          "median": 0.075,
          "min": 0.06999999955296517,
          "p95": 0.07999999970197677,
          "sd": 0.0039031236207463732,
          "samples": 8
        },
        "displace4": {
          "median": 0.08999999985098839,
          "min": 0.08000000044703484,
          "p95": 0.15,
          "sd": 0.029784381183717654,
          "samples": 8
        },
        "displace5": {
          "median": 0.09000000059604644,
          "min": 0.07999999970197677,
          "p95": 0.1600000001490116,
          "sd": 0.034318134771358026,
          "samples": 8
        },
        "displace6": {
          "median": 0.09500000029802322,
          "min": 0.075,
          "p95": 0.15499999970197678,
          "sd": 0.03278123506508407,
          "samples": 8
        },
        "displace8": {
          "median": 0.1,
          "min": 0.075,
          "p95": 0.15999999940395354,
          "sd": 0.031795243162352264,
          "samples": 8
        }
      },
      "meta": {
        "identityGate": "pass"
      }
    },
    {
      "name": "octane-jsx",
      "ops": {
        "reverse": {
          "median": 1,
          "min": 0.9749999977648258,
          "p95": 1.1500000022351742,
          "sd": 0.05728219704051926,
          "samples": 8
        },
        "shuffle": {
          "median": 1.1499999985098839,
          "min": 1.1000000014901161,
          "p95": 1.199999999254942,
          "sd": 0.0330718904730896,
          "samples": 8
        },
        "rotatef": {
          "median": 0.10499999970197678,
          "min": 0.08999999985098839,
          "p95": 0.175,
          "sd": 0.03499441912639987,
          "samples": 8
        },
        "rotateb": {
          "median": 0.1,
          "min": 0.08500000014901161,
          "p95": 0.1649999998509884,
          "sd": 0.032493989919889776,
          "samples": 8
        },
        "prepend100": {
          "median": 0.3999999910593033,
          "min": 0.20000000298023224,
          "p95": 0.4000000059604645,
          "sd": 0.06959705105614974,
          "samples": 8
        },
        "append100": {
          "median": 0.29999999701976776,
          "min": 0.20000000298023224,
          "p95": 0.4000000059604645,
          "sd": 0.059947892798566535,
          "samples": 8
        },
        "insertmid100": {
          "median": 0.29999999701976776,
          "min": 0.20000000298023224,
          "p95": 0.4000000059604645,
          "sd": 0.05000000074505844,
          "samples": 8
        },
        "removefirst": {
          "median": 0.039999999850988385,
          "min": 0.039999999850988385,
          "p95": 0.044999999552965166,
          "sd": 0.0016535944356527866,
          "samples": 8
        },
        "removeevery10": {
          "median": 0.15499999970197678,
          "min": 0.07000000029802322,
          "p95": 0.1600000001490116,
          "sd": 0.035261301270561554,
          "samples": 8
        },
        "displace3": {
          "median": 0.1,
          "min": 0.09000000059604644,
          "p95": 0.1649999998509884,
          "sd": 0.03196066922710978,
          "samples": 8
        },
        "displace4": {
          "median": 0.10500000044703484,
          "min": 0.09500000029802322,
          "p95": 0.1649999998509884,
          "sd": 0.031124748875282833,
          "samples": 8
        },
        "displace5": {
          "median": 0.11000000014901161,
          "min": 0.09499999955296516,
          "p95": 0.17000000029802323,
          "sd": 0.030720514442906802,
          "samples": 8
        },
        "displace6": {
          "median": 0.10500000044703484,
          "min": 0.1,
          "p95": 0.175,
          "sd": 0.03205829646922481,
          "samples": 8
        },
        "displace8": {
          "median": 0.11000000014901161,
          "min": 0.1,
          "p95": 0.17000000029802323,
          "sd": 0.030663241629790092,
          "samples": 8
        }
      },
      "meta": {
        "identityGate": "pass"
      }
    },
    {
      "name": "react",
      "ops": {
        "reverse": {
          "median": 3.175000000745058,
          "min": 3.074999999254942,
          "p95": 6.574999999254942,
          "sd": 1.12583302446893,
          "samples": 8
        },
        "shuffle": {
          "median": 2.75,
          "min": 2.625,
          "p95": 12.650000002235174,
          "sd": 3.2712526277304073,
          "samples": 8
        },
        "rotatef": {
          "median": 2.514999999850988,
          "min": 2.45,
          "p95": 7.364999999850989,
          "sd": 1.6059454963755226,
          "samples": 8
        },
        "rotateb": {
          "median": 0.9550000004470348,
          "min": 0.95,
          "p95": 0.9800000004470348,
          "sd": 0.009270248196775252,
          "samples": 8
        },
        "prepend100": {
          "median": 2.9000000059604645,
          "min": 2.7000000029802322,
          "p95": 19,
          "sd": 5.334659666078718,
          "samples": 8
        },
        "append100": {
          "median": 2.7999999970197678,
          "min": 2.5999999940395355,
          "p95": 18.700000002980232,
          "sd": 5.273518749843849,
          "samples": 8
        },
        "insertmid100": {
          "median": 2.9000000059604645,
          "min": 2.7999999970197678,
          "p95": 18.799999997019768,
          "sd": 5.263494559755203,
          "samples": 8
        },
        "removefirst": {
          "median": 0.9399999998509884,
          "min": 0.9200000002980232,
          "p95": 5.2,
          "sd": 1.411010137899375,
          "samples": 8
        },
        "removeevery10": {
          "median": 0.6099999994039536,
          "min": 0.5850000001490117,
          "p95": 0.625,
          "sd": 0.014238482205355583,
          "samples": 8
        },
        "displace3": {
          "median": 0.9600000001490117,
          "min": 0.9550000004470348,
          "p95": 0.9700000002980232,
          "sd": 0.00695970527288543,
          "samples": 8
        },