{
  "suite": "js-framework",
  "iterations": 8,
  "targets": [
    {
      "name": "octane-tsrx",
      "ops": {
        "run": {
          "median": 1.7000000476837158,
          "min": 1.699999988079071,
          "samples": 8
        },
        "replace": {
          "median": 4,
          "min": 3.599999964237213,
          "samples": 8
        },
        "add": {
          "median": 1.699999988079071,
          "min": 1.5,
          "samples": 8
        },
        "update": {
          "median": 0.20000004768371582,
          "min": 0.10000002384185791,
          "samples": 8
        },
        "select": {
          "median": 0.10000002384185791,
          "min": 0,
          "samples": 8
        },
        "swap": {
          "median": 0.3999999761581421,
          "min": 0.2999999523162842,
          "samples": 8
        },
        "remove": {
          "median": 0.19999998807907104,
          "min": 0.10000002384185791,
          "samples": 8
        },
        "runlots": {
          "median": 16.69999998807907,
          "min": 15.100000023841858,
          "samples": 8
        },
        "clear": {
          "median": 26.19999998807907,
          "min": 18.799999952316284,
          "samples": 8
        }
      }
    },
    {
      "name": "octane-jsx",
      "ops": {
        "run": {
          "median": 2.100000023841858,
          "min": 1.899999976158142,
          "samples": 8
        },
        "replace": {
          "median": 4.199999988079071,
          "min": 3.699999988079071,
          "samples": 8
        },
        "add": {
          "median": 1.699999988079071,
          "min": 1.699999988079071,
          "samples": 8
        },
        "update": {
          "median": 0.19999998807907104,
          "min": 0.10000002384185791,
          "samples": 8
        },
        "select": {
          "median": 0.10000002384185791,
          "min": 0,
          "samples": 8
        },
        "swap": {
          "median": 0.30000001192092896,
          "min": 0.20000004768371582,
          "samples": 8
        },
        "remove": {
          "median": 0.19999998807907104,
          "min": 0.19999998807907104,
          "samples": 8
        },
        "runlots": {
          "median": 18.600000023841858,
          "min": 16,
          "samples": 8
        },
        "clear": {
          "median": 25.599999964237213,
          "min": 19.899999976158142,
          "samples": 8
        }
      }
    },
    {
      "name": "react",
      "ops": {
        "run": {
          "median": 17.5,
          "min": 14.800000011920929,
          "samples": 8
        },
        "replace": {
          "median": 21.100000023841858,
          "min": 20.5,
          "samples": 8
        },
        "add": {
          "median": 17,
          "min": 16.19999998807907,
          "samples": 8
        },
        "update": {
          "median": 3.299999952316284,
          "min": 3.199999988079071,
          "samples": 8
        },
        "select": {
          "median": 12.199999988079071,
          "min": 1.600000023841858,
          "samples": 8
        },
        "swap": {
          "median": 17.30000001192093,
          "min": 16.100000023841858,
          "samples": 8
        },
        "remove": {
          "median": 1.600000023841858,
          "min": 1.5,
          "samples": 8
        },
        "runlots": {
          "median": 404.5,
          "min": 390.0999999642372,
          "samples": 8
        },
        "clear": {
          "median": 73.60000002384186,
          "min": 54.39999997615814,
          "samples": 8
        }
      }
    },
    {
      "name": "ripple",
      "ops": {
        "run": {
          "median": 2.199999988079071,
          "min": 2.099999964237213,
          "samples": 8
        },
        "replace": {
          "median": 4.299999952316284,
          "min": 3.900000035762787,
          "samples": 8
        },
        "add": {
          "median": 2,
          "min": 1.7000000476837158,
          "samples": 8
        },
        "update": {
          "median": 0.19999998807907104,
          "min": 0.19999998807907104,
          "samples": 8
        },
        "select": {
          "median": 0.10000002384185791,
          "min": 0,
          "samples": 8
        },
        "swap": {
          "median": 0.30000001192092896,
          "min": 0.19999998807907104,
          "samples": 8
        },
        "remove": {
          "median": 0.30000001192092896,
          "min": 0.10000002384185791,
          "samples": 8
        },
        "runlots": {
          "median": 16.600000023841858,
          "min": 15.300000011920929,
          "samples": 8
        },
        "clear": {
          "median": 25.69999998807907,
          "min": 17.600000023841858,
          "samples": 8
        }
      }
    },
    {
      "name": "solid",
      "ops": {
        "run": {
          "median": 1.800000011920929,
          "min": 1.699999988079071,
          "samples": 8
        },
        "replace": {
          "median": 4.800000011920929,
          "min": 4.399999976158142,
          "samples": 8
        },
        "add": {
          "median": 1.699999988079071,
          "min": 1.5999999642372131,
          "samples": 8
        },
        "update": {
          "median": 0.699999988079071,
          "min": 0.6000000238418579,
          "samples": 8
        },
        "select": {
          "median": 0.10000002384185791,
          "min": 0,
          "samples": 8
        },
        "swap": {
          "median": 0.30000001192092896,
          "min": 0.19999998807907104,
          "samples": 8
        },
        "remove": {
          "median": 0.19999998807907104,
          "min": 0.09999996423721313,
          "samples": 8
        },
        "runlots": {
          "median": 16.69999998807907,
          "min": 15.599999964237213,
          "samples": 8
        },
        "clear": {
          "median": 26.599999964237213,
          "min": 18.30000001192093,
          "samples": 8
        }
      }
    }
  ],
  "harnessExit": 0
}
