{
  "suite": "js-framework-reorder",
  "iterations": 8,
  "targets": [
    {
      "name": "octane-tsrx",
      "ops": {
        "reverse": {
          "median": 1.125,
          "min": 0.5999999940395355,
          "p95": 1.2249999940395355,
          "sd": 0.23266039654910414,
          "samples": 8
        },
        "shuffle": {
          "median": 1.4500000029802322,
          "min": 0.7250000089406967,
          "p95": 1.6749999970197678,
          "sd": 0.274555745062475,
          "samples": 8
        },
        "rotatef": {
          "median": 0.075,
          "min": 0.05999999940395355,
          "p95": 0.1550000011920929,
          "sd": 0.02788788979238741,
          "samples": 8
        },
        "rotateb": {
          "median": 0.07000000178813934,
          "min": 0.06499999761581421,
          "p95": 0.15999999940395354,
          "sd": 0.030663241132438672,
          "samples": 8
        },
        "prepend100": {
          "median": 0.3999999761581421,
          "min": 0.30000001192092896,
          "p95": 0.3999999761581421,
          "sd": 0.043301254703480965,
          "samples": 8
        },
        "append100": {
          "median": 0.3999999761581421,
          "min": 0.30000001192092896,
          "p95": 0.40000003576278687,
          "sd": 0.048412280285206555,
          "samples": 8
        },
        "insertmid100": {
          "median": 0.3999999761581421,
          "min": 0.2999999523162842,
          "p95": 0.5,
          "sd": 0.06614378728230814,
          "samples": 8
        },
        "removefirst": {
          "median": 0.020000001788139342,
          "min": 0.01499999761581421,
          "p95": 0.025,
          "sd": 0.0039031240234001854,
          "samples": 8
        },
        "removeevery10": {
          "median": 0.175,
          "min": 0.06999999880790711,
          "p95": 0.1899999976158142,
          "sd": 0.05326818928374784,
          "samples": 8
        },
        "displace3": {
          "median": 0.08499999940395356,
          "min": 0.07000000178813934,
          "p95": 0.1550000011920929,
          "sd": 0.034409073935993524,
          "samples": 8
        },
        "displace4": {
          "median": 0.1199999988079071,
          "min": 0.07000000178813934,
          "p95": 0.16500000059604644,
          "sd": 0.03517811811395738,
          "samples": 8
        },
        "displace5": {
          "median": 0.1300000011920929,
          "min": 0.06999999880790711,
          "p95": 0.15999999940395354,
          "sd": 0.03491059994935822,
          "samples": 8
        },
        "displace6": {
          "median": 0.0949999988079071,
          "min": 0.06999999880790711,
          "p95": 0.15999999940395354,
          "sd": 0.03385977566467257,
          "samples": 8
        },
        "displace8": {
          "median": 0.0800000011920929,
          "min": 0.06500000059604645,
          "p95": 0.1,
          "sd": 0.00927024790794241,
          "samples": 8
        }
      },
      "meta": {
        "identityGate": "pass"
      }
    },
    {
      "name": "octane-jsx",
      "ops": {
        "reverse": {
          "median": 1.074999988079071,
          "min": 0.625,
          "p95": 1.1500000059604645,
          "sd": 0.20537218831283535,
          "samples": 8
        },
        "shuffle": {
          "median": 1.3500000089406967,
          "min": 0.7249999940395355,
          "p95": 1.5250000059604645,
          "sd": 0.23383270900849584,
          "samples": 8
        },
        "rotatef": {
          "median": 0.11499999761581421,
          "min": 0.09000000059604644,
          "p95": 0.12999999821186065,
          "sd": 0.011973276872869277,
          "samples": 8
        },
        "rotateb": {
          "median": 0.11500000059604645,
          "min": 0.0949999988079071,
          "p95": 0.1899999976158142,
          "sd": 0.035701671515716196,
          "samples": 8
        },
        "prepend100": {
          "median": 0.30000001192092896,
          "min": 0.2999999523162842,
          "p95": 0.3999999761581421,
          "sd": 0.04330125900507995,
          "samples": 8
        },
        "append100": {
          "median": 0.30000001192092896,
          "min": 0.2999999523162842,
          "p95": 0.3999999761581421,
          "sd": 0.04330126330667723,
          "samples": 8
        },
        "insertmid100": {
          "median": 0.3999999761581421,
          "min": 0.2999999523162842,
          "p95": 0.40000003576278687,
          "sd": 0.05000000447035613,
          "samples": 8
        },
        "removefirst": {
          "median": 0.05,
          "min": 0.0449999988079071,
          "p95": 0.05,
          "sd": 0.0025000002235175864,
          "samples": 8
        },
        "removeevery10": {
          "median": 0.17999999821186066,
          "min": 0.0800000011920929,
          "p95": 0.2,
          "sd": 0.04344087185718365,
          "samples": 8
        },
        "displace3": {
          "median": 0.10999999940395355,
          "min": 0.0949999988079071,
          "p95": 0.17999999821186066,
          "sd": 0.03577271971729125,
          "samples": 8
        },
        "displace4": {
          "median": 0.1100000023841858,
          "min": 0.09000000059604644,
          "p95": 0.11500000059604645,
          "sd": 0.009164298580946856,
          "samples": 8
        },
        "displace5": {
          "median": 0.10999999940395355,
          "min": 0.09000000059604644,
          "p95": 0.11500000059604645,
          "sd": 0.007473912970668942,
          "samples": 8
        },
        "displace6": {
          "median": 0.1199999988079071,
          "min": 0.09000000059604644,
          "p95": 0.125,
          "sd": 0.011388041990286568,
          "samples": 8
        },
        "displace8": {
          "median": 0.1300000011920929,
          "min": 0.10500000119209289,
          "p95": 0.19000000059604644,
          "sd": 0.033447720021969024,
          "samples": 8
        }
      },
      "meta": {
        "identityGate": "pass"
      }
    },
    {
      "name": "react",
      "ops": {
        "reverse": {
          "median": 3.75,
          "min": 3.5250000059604645,
          "p95": 6.7750000059604645,
          "sd": 1.0181123398039937,
          "samples": 8
        },
        "shuffle": {
          "median": 3.5,
          "min": 3.2249999940395355,
          "p95": 15.174999997019768,
          "sd": 3.8801578573591042,
          "samples": 8
        },
        "rotatef": {
          "median": 3.0099999994039535,
          "min": 2.975,
          "p95": 3.5900000005960466,
          "sd": 0.19610265183190878,
          "samples": 8
        },
        "rotateb": {
          "median": 1.1350000023841857,
          "min": 1.0899999976158141,
          "p95": 6.684999999403954,
          "sd": 1.8405339533886078,
          "samples": 8
        },
        "prepend100": {
          "median": 3.199999988079071,
          "min": 3.199999988079071,
          "p95": 21.700000047683716,
          "sd": 6.104506548576446,
          "samples": 8
        },
        "append100": {
          "median": 3.199999988079071,
          "min": 3,
          "p95": 21.599999964237213,
          "sd": 6.1140718714332465,
          "samples": 8
        },
        "insertmid100": {
          "median": 3.200000047683716,
          "min": 3.099999964237213,
          "p95": 3.399999976158142,
          "sd": 0.08291561930960331,
          "samples": 8
        },
        "removefirst": {
          "median": 1.075,
          "min": 1.0599999994039535,
          "p95": 1.0950000017881394,
          "sd": 0.011021995317282702,
          "samples": 8
        },
        "removeevery10": {
          "median": 0.7550000011920929,
          "min": 0.7349999994039536,
          "p95": 0.7850000023841858,
          "sd": 0.017577952108592605,
          "samples": 8
        },
        "displace3": {
          "median": 1.1100000023841858,
          "min": 1.0849999994039536,
          "p95": 1.125,