{
	"suite": "js-framework",
	"iterations": 8,
	"targets": [
		{
			"name": "octane-tsrx",
			"ops": {
				"run": {
					"score": 1.9800000011920929,
					"median": 2.0999999940395355,
					"min": 1.7000000029802322,
					"mean": 2.049999998882413,
					"p95": 2.2000000029802322,
					"sd": 0.16035674289070312,
					"rme": 6.540629023713625,
					"scoreRme": 10.302702260378872,
					"warmupRatio": 1.0303030284785846,
					"samples": 8
				},
				"replace": {
					"score": 4.159999999403953,
					"median": 4.199999988079071,
					"min": 3.5,
					"mean": 4.025000000372529,
					"p95": 4.4000000059604645,
					"sd": 0.3105295008471613,
					"rme": 6.450941923436991,
					"scoreRme": 6.1883569220012635,
					"warmupRatio": 0.9375000008507275,
					"samples": 8
				},
				"add": {
					"score": 1.5599999994039535,
					"median": 1.5999999940395355,
					"min": 1.5,
					"mean": 1.574999999254942,
					"p95": 1.7000000029802322,
					"sd": 0.07071067841970387,
					"rme": 3.753968271726514,
					"scoreRme": 4.358835551932329,
					"warmupRatio": 1.0256410260329036,
					"samples": 8
				},
				"update": {
					"score": 0.20000000298023224,
					"median": 0.20000000298023224,
					"min": 0.10000000894069672,
					"mean": 0.2500000037252903,
					"p95": 0.5,
					"sd": 0.11952285915241002,
					"rme": 39.975795057287314,
					"scoreRme": 43.892410652897475,
					"warmupRatio": 1.3000000074505804,
					"samples": 8
				},
				"select": {
					"score": 0.09999999701976776,
					"median": 0.09999999403953552,
					"min": 0.09999999403953552,
					"mean": 0.125,
					"p95": 0.30000001192092896,
					"sd": 0.07071068293543775,
					"rme": 47.30000322205701,
					"scoreRme": 0.000008273124941382552,
					"warmupRatio": 1.4000000774860404,
					"samples": 8
				},
				"swap": {
					"score": 0.4199999988079071,
					"median": 0.4000000059604645,
					"min": 0.29999999701976776,
					"mean": 0.42500000074505806,
					"p95": 0.5,
					"sd": 0.07071067841970387,
					"rme": 13.91176474072297,
					"scoreRme": 24.73057402367051,
					"warmupRatio": 0.9523809550841109,
					"samples": 8
				},
				"remove": {
					"score": 0.27999999821186067,
					"median": 0.29999999701976776,
					"min": 0.19999998807907104,
					"mean": 0.3124999962747097,
					"p95": 0.5,
					"sd": 0.09910312143351217,
					"rme": 26.516943830291105,
					"scoreRme": 19.828570373325917,
					"warmupRatio": 1.1428571352545094,
					"samples": 8
				},
				"runlots": {
					"score": 13.22000000178814,
					"median": 13.300000011920929,
					"min": 13,
					"mean": 14.075000001117587,
					"p95": 19.299999997019768,
					"sd": 2.123171480457443,
					"rme": 12.613128489894216,
					"scoreRme": 1.2244116911663534,
					"warmupRatio": 1.1059001510461728,
					"samples": 8
				},
				"clear": {
					"score": 22.780000001192093,
					"median": 24.400000005960464,
					"min": 18.099999994039536,
					"mean": 23.199999999254942,
					"p95": 27.700000002980232,
					"sd": 3.370883735577378,
					"rme": 12.149039394922607,
					"scoreRme": 13.653902736784348,
					"warmupRatio": 0.9332748023832924,
					"samples": 8
				},
				"comments_1k": {
					"median": 3,
					"min": 3,
					"samples": 1
				}
			}
		},
		{
			"name": "octane-jsx",
			"ops": {
				"run": {
					"score": 1.8199999988079072,
					"median": 1.7999999970197678,
					"min": 1.7000000029802322,
					"mean": 1.824999999254942,
					"p95": 1.9000000059604645,
					"sd": 0.07071067841970387,
					"rme": 3.239726042512942,
					"scoreRme": 5.7070553492313065,
					"warmupRatio": 1.0109890119787028,
					"samples": 8
				},
				"replace": {
					"score": 4.079999995231629,
					"median": 4.299999997019768,
					"min": 3.2999999970197678,
					"mean": 4.037499997764826,
					"p95": 4.399999991059303,
					"sd": 0.44057592113321836,
					"rme": 9.124191135141729,
					"scoreRme": 12.434620319634181,
					"warmupRatio": 0.9460784316017096,
					"samples": 8
				},
				"add": {
					"score": 1.580000001192093,
					"median": 1.5999999940395355,
					"min": 1.5,
					"mean": 1.612499998882413,
					"p95": 1.7999999970197678,
					"sd": 0.09910312062801131,
					"rme": 5.138942503301466,
					"scoreRme": 6.573950033306146,
					"warmupRatio": 1.0506329102224694,
					"samples": 8
				},
				"update": {
					"score": 0.2,
					"median": 0.20000000298023224,
					"min": 0.10000000894069672,
					"mean": 0.22499999962747097,
					"p95": 0.29999999701976776,
					"sd": 0.07071067465659239,
					"rme": 26.27777653470038,
					"scoreRme": 43.892411306945554,
					"warmupRatio": 1.1000000089406965,
					"samples": 8
				},
				"select": {
					"score": 0.04000000059604645,
					"median": 0.09999999403953552,
					"min": 0,
					"mean": 0.07499999925494194,
					"p95": 0.20000000298023224,
					"sd": 0.07071067841970387,
					"rme": 78.83333445210329,
					"scoreRme": 169.99458814915332,
					"warmupRatio": 1.9999999254941951,
					"samples": 8
				},
				"swap": {
					"score": 0.24000000357627868,
					"median": 0.30000001192092896,
					"min": 0.19999998807907104,
					"mean": 0.27500000409781933,
					"p95": 0.4000000059604645,
					"sd": 0.0886405297651784,
					"rme": 26.951677062906747,
					"scoreRme": 28.332434876409934,
					"warmupRatio": 1.2500000062088172,
					"samples": 8
				},
				"remove": {
					"score": 0.15999999940395354,
					"median": 0.20000000298023224,
					"min": 0.09999999403953552,
					"mean": 0.1875,
					"p95": 0.29999999701976776,
					"sd": 0.09910311874850936,
					"rme": 44.194904659600724,
					"scoreRme": 69.40000000000019,
					"warmupRatio": 1.250000004656613,
					"samples": 8
				},
				"runlots": {
					"score": 13.659999999403954,
					"median": 13.799999997019768,
					"min": 13.5,
					"mean": 14.137499999254942,
					"p95": 16.399999991059303,
					"sd": 1.0041876569619643,
					"rme": 5.939206323241978,
					"scoreRme": 1.2193265340958015,
					"warmupRatio": 1.0600292827103894,
					"samples": 8
				},
				"clear": {
					"score": 22.939999997615814,
					"median": 25.5,
					"min": 17.900000005960464,
					"mean": 23.59999999962747,
					"p95": 28.599999994039536,
					"sd": 4.000714221545773,
					"rme": 14.174628280094904,
					"scoreRme": 16.319041308074755,
					"warmupRatio": 0.9293809939417491,
					"samples": 8
				},
				"comments_1k": {
					"median": 3,
					"min": 3,
					"samples": 1
				}
			}
		},
		{
			"name": "react",
			"ops": {
				"run": {
					"score": 5.959999996423721,
					"median": 6.5,
					"min": 5.699999988079071,
					"mean": 6.624999998137355,
					"p95": 9.800000011920929,
					"sd": 1.3771087775331794,
					"rme": 17.38075010778979,
					"scoreRme": 9.83650080966077,
					"warmupRatio": 1.197986577500025,
					"samples": 8
				},
				"replace": {
					"score": 9.980000004172325,
					"median": 9.900000005960464,
					"min": 9.300000011920929,
					"mean": 9.825000004842877,
					"p95": 10.299999997019768,
					"sd": 0.3150963537327743,
					"rme": 2.6816183568870158,
					"scoreRme": 3.2198920619696474,
					"warmupRatio": 0.9739478958621988,
					"samples": 8
				},
				"add": {
					"score": 4.799999997019768,
					"median": 4.899999991059303,
					"min": 4.5,
					"mean": 4.887499997392297,
					"p95": 5.700000002980232,
					"sd": 0.3681517558265231,
					"rme": 6.298342266427778,
					"scoreRme": 4.089434220401255,
					"warmupRatio": 1.0249999997671695,
					"samples": 8
				},
				"update": {
					"score": 0.9600000023841858,
					"median": 1.1000000089406967,
					"min": 0.7000000029802322,
					"mean": 1.075000001117587,
					"p95": 1.5,
					"sd": 0.25495097530390753,
					"rme": 19.830531965210735,
					"scoreRme": 25.20896572156588,
					"warmupRatio": 0.9583333328159319,
					"samples": 8
				},
				"select": {
					"score": 0.6400000005960464,
					"median": 0.6000000089406967,
					"min": 0.5,
					"mean": 0.6750000026077032,
					"p95": 1,
					"sd": 0.15811388132550444,
					"rme": 19.586298852110698,
					"scoreRme": 22.11699694215047,