{
	"suite": "js-framework",
	"iterations": 8,
	"targets": [
		{
			"name": "octane-tsrx",
			"ops": {
				"run": {
					"median": 1.699999988079071,
					"min": 1.5,
					"samples": 8
				},
				"replace": {
					"median": 3.5,
					"min": 3.2000000029802322,
					"samples": 8
				},
				"add": {
					"median": 1.5,
					"min": 1.3999999910593033,
					"samples": 8
				},
				"update": {
					"median": 0.20000000298023224,
					"min": 0.09999999403953552,
					"samples": 8
				},
				"select": {
					"median": 0,
					"min": 0,
					"samples": 8
				},
				"swap": {
					"median": 0.29999999701976776,
					"min": 0.09999999403953552,
					"samples": 8
				},
				"remove": {
					"median": 0.09999999403953552,
					"min": 0.09999999403953552,
					"samples": 8
				},
				"runlots": {
					"median": 14.399999991059303,
					"min": 13.300000011920929,
					"samples": 8
				},
				"clear": {
					"median": 22.099999994039536,
					"min": 16.799999997019768,
					"samples": 8
				}
			}
		},
		{
			"name": "octane-jsx",
			"ops": {
				"run": {
					"median": 1.8999999910593033,
					"min": 1.7999999970197678,
					"samples": 8
				},
				"replace": {
					"median": 3.5999999940395355,
					"min": 3.3999999910593033,
					"samples": 8
				},
				"add": {
					"median": 1.5,
					"min": 1.3999999910593033,
					"samples": 8
				},
				"update": {
					"median": 0.20000000298023224,
					"min": 0.09999999403953552,
					"samples": 8
				},
				"select": {
					"median": 0.09999999403953552,
					"min": 0,
					"samples": 8
				},
				"swap": {
					"median": 0.20000000298023224,
					"min": 0.19999998807907104,
					"samples": 8
				},
				"remove": {
					"median": 0.19999998807907104,
					"min": 0.09999999403953552,
					"samples": 8
				},
				"runlots": {
					"median": 16.599999994039536,
					"min": 14.699999988079071,
					"samples": 8
				},
				"clear": {
					"median": 23.5,
					"min": 17.700000002980232,
					"samples": 8
				}
			}
		},
		{
			"name": "react",
			"ops": {
				"run": {
					"median": 16.299999997019768,
					"min": 13.599999994039536,
					"samples": 8
				},
				"replace": {
					"median": 19.100000008940697,
					"min": 18.200000002980232,
					"samples": 8
				},
				"add": {
					"median": 15,
					"min": 14.900000005960464,
					"samples": 8
				},
				"update": {
					"median": 19.900000005960464,
					"min": 2.7000000029802322,
					"samples": 8
				},
				"select": {
					"median": 11,
					"min": 1.2999999970197678,
					"samples": 8
				},
				"swap": {
					"median": 14.600000008940697,
					"min": 14.200000002980232,
					"samples": 8
				},
				"remove": {
					"median": 1.5,
					"min": 1.4000000059604645,
					"samples": 8
				},
				"runlots": {
					"median": 360.29999999701977,
					"min": 313.70000000298023,
					"samples": 8
				},
				"clear": {
					"median": 71.5,
					"min": 42.5,
					"samples": 8
				}
			}
		},
		{
			"name": "ripple",
			"ops": {
				"run": {
					"median": 1.9000000059604645,
					"min": 1.8999999910593033,
					"samples": 8
				},
				"replace": {
					"median": 3.7000000029802322,
					"min": 3.4000000059604645,
					"samples": 8
				},
				"add": {
					"median": 1.7999999970197678,
					"min": 1.7000000029802322,
					"samples": 8
				},
				"update": {
					"median": 0.20000000298023224,
					"min": 0.10000000894069672,
					"samples": 8
				},
				"select": {
					"median": 0.09999999403953552,
					"min": 0,
					"samples": 8
				},
				"swap": {
					"median": 0.29999999701976776,
					"min": 0.20000000298023224,
					"samples": 8
				},
				"remove": {
					"median": 0.20000000298023224,
					"min": 0.09999999403953552,
					"samples": 8
				},
				"runlots": {
					"median": 16.200000002980232,
					"min": 14.099999994039536,
					"samples": 8
				},
				"clear": {
					"median": 23.19999998807907,
					"min": 16.099999994039536,
					"samples": 8
				}
			}
		}
	],
	"harnessExit": 0
}
