{
  "suite": "js-framework",
  "iterations": 8,
  "targets": [
    {
      "name": "octane-tsrx",
      "ops": {
        "run": {
          "median": 2,
          "min": 2,
          "samples": 8
        },
        "replace": {
          "median": 4.5,
          "min": 4,
          "samples": 8
        },
        "add": {
          "median": 1.699999988079071,
          "min": 1.5999999642372131,
          "samples": 8
        },
        "update": {
          "median": 0.30000001192092896,
          "min": 0.19999998807907104,
          "samples": 8
        },
        "select": {
          "median": 0.19999998807907104,
          "min": 0.09999996423721313,
          "samples": 8
        },
        "swap": {
          "median": 0.6000000238418579,
          "min": 0.5,
          "samples": 8
        },
        "remove": {
          "median": 0.19999998807907104,
          "min": 0.09999996423721313,
          "samples": 8
        },
        "runlots": {
          "median": 12.799999952316284,
          "min": 12.599999964237213,
          "samples": 8
        },
        "clear": {
          "median": 23.69999998807907,
          "min": 16.900000035762787,
          "samples": 8
        },
        "comments_1k": {
          "median": 3,
          "min": 3,
          "samples": 1
        }
      }
    },
    {
      "name": "octane-jsx",
      "ops": {
        "run": {
          "median": 2.600000023841858,
          "min": 2.5,
          "samples": 8
        },
        "replace": {
          "median": 4.800000011920929,
          "min": 3.899999976158142,
          "samples": 8
        },
        "add": {
          "median": 1.800000011920929,
          "min": 1.600000023841858,
          "samples": 8
        },
        "update": {
          "median": 0.30000001192092896,
          "min": 0.19999998807907104,
          "samples": 8
        },
        "select": {
          "median": 0.19999998807907104,
          "min": 0.09999996423721313,
          "samples": 8
        },
        "swap": {
          "median": 0.6000000238418579,
          "min": 0.2999999523162842,
          "samples": 8
        },
        "remove": {
          "median": 0.19999998807907104,
          "min": 0.09999996423721313,
          "samples": 8
        },
        "runlots": {
          "median": 15.800000011920929,
          "min": 14.299999952316284,
          "samples": 8
        },
        "clear": {
          "median": 25.200000047683716,
          "min": 17.400000035762787,
          "samples": 8
        },
        "comments_1k": {
          "median": 3,
          "min": 3,
          "samples": 1
        }
      }
    },
    {
      "name": "react",
      "ops": {
        "run": {
          "median": 16.899999976158142,
          "min": 13.800000011920929,
          "samples": 8
        },
        "replace": {
          "median": 20.600000023841858,
          "min": 18.30000001192093,
          "samples": 8
        },
        "add": {
          "median": 15.5,
          "min": 14.900000035762787,
          "samples": 8
        },
        "update": {
          "median": 20.5,
          "min": 2.900000035762787,
          "samples": 8
        },
        "select": {
          "median": 11.399999976158142,
          "min": 1.399999976158142,
          "samples": 8
        },
        "swap": {
          "median": 15.100000023841858,
          "min": 14.799999952316284,
          "samples": 8
        },
        "remove": {
          "median": 1.699999988079071,
          "min": 1.399999976158142,
          "samples": 8
        },
        "runlots": {
          "median": 360.80000001192093,
          "min": 313.5,
          "samples": 8
        },
        "clear": {
          "median": 65.60000002384186,
          "min": 50.5,
          "samples": 8
        },
        "comments_1k": {
          "median": 0,
          "min": 0,
          "samples": 1
        }
      }
    },
    {
      "name": "ripple",
      "ops": {
        "run": {
          "median": 2.700000047683716,
          "min": 2.400000035762787,
          "samples": 8
        },
        "replace": {
          "median": 4.699999988079071,
          "min": 4.599999964237213,
          "samples": 8
        },
        "add": {
          "median": 2,
          "min": 1.699999988079071,
          "samples": 8
        },
        "update": {
          "median": 0.30000001192092896,
          "min": 0.10000002384185791,
          "samples": 8
        },
        "select": {
          "median": 0.10000002384185791,
          "min": 0.09999996423721313,
          "samples": 8
        },
        "swap": {
          "median": 0.5,
          "min": 0.20000004768371582,
          "samples": 8
        },
        "remove": {
          "median": 0.30000001192092896,
          "min": 0.19999998807907104,
          "samples": 8
        },
        "runlots": {
          "median": 14.699999988079071,
          "min": 14,
          "samples": 8
        },
        "clear": {
          "median": 22.19999998807907,
          "min": 16.200000047683716,
          "samples": 8
        },
        "comments_1k": {
          "median": 0,
          "min": 0,
          "samples": 1
        }
      }
    },
    {
      "name": "solid",
      "ops": {
        "run": {
          "median": 2.400000035762787,
          "min": 1.800000011920929,
          "samples": 8
        },
        "replace": {
          "median": 5,
          "min": 4.899999976158142,
          "samples": 8
        },
        "add": {
          "median": 1.800000011920929,
          "min": 1.600000023841858,
          "samples": 8
        },
        "update": {
          "median": 1.0999999642372131,
          "min": 0.8999999761581421,
          "samples": 8
        },
        "select": {
          "median": 0.19999998807907104,
          "min": 0.09999996423721313,
          "samples": 8
        },
        "swap": {
          "median": 0.5999999642372131,
          "min": 0.5,
          "samples": 8
        },
        "remove": {
          "median": 0.30000001192092896,
          "min": 0.19999998807907104,
          "samples": 8
        },
        "runlots": {
          "median": 14.400000035762787,
          "min": 13.199999988079071,
          "samples": 8
        },
        "clear": {
          "median": 25.19999998807907,
          "min": 18.5,
          "samples": 8
        },
        "comments_1k": {
          "median": 0,
          "min": 0,
          "samples": 1
        }
      }
    },
    {
      "name": "vue-vapor",
      "ops": {
        "run": {
          "median": 2.799999952316284,
          "min": 2.5,
          "samples": 8
        },
        "replace": {
          "median": 5.100000023841858,
          "min": 4.899999976158142,
          "samples": 8
        },
        "add": {
          "median": 2.299999952316284,
          "min": 2.199999988079071,
          "samples": 8
        },
        "update": {
          "median": 0.30000001192092896,
          "min": 0.2999999523162842,
          "samples": 8
        },
        "select": {
          "median": 0,
          "min": 0,
          "samples": 8
        },
        "swap": {
          "median": 0.5,
          "min": 0.20000004768371582,
          "samples": 8
        },
        "remove": {
          "median": 0.30000001192092896,
          "min": 0.2999999523162842,
          "samples": 8
        },
        "runlots": {
          "median": 17,
          "min": 16,
          "samples": 8
        },
        "clear": {
          "median": 23.30000001192093,
          "min": 15,
          "samples": 8
        },
        "comments_1k": {
          "median": 1,
          "min": 1,
          "samples": 1
        }
      }
    }
  ],
  "harnessExit": 0
}
