{
	"suite": "memo-wall",
	"iterations": 20,
	"targets": [
		{
			"name": "octane-tsrx",
			"ops": {
				"mount": {
					"median": 10.100000008940697,
					"min": 9.799999997019768,
					"p95": 10.700000002980232,
					"sd": 0.23895606425393395,
					"samples": 20
				},
				"parent_rerender_equal_A": {
					"median": 0.1,
					"min": 0.08999999910593033,
					"p95": 0.11000000089406967,
					"sd": 0.007483314964708042,
					"samples": 20
				},
				"parent_rerender_equal_B": {
					"median": 0.2300000011920929,
					"min": 0.2199999988079071,
					"p95": 0.24000000059604645,
					"sd": 0.00583095208395442,
					"samples": 20
				},
				"one_change_A": {
					"median": 0.09000000059604644,
					"min": 0.08999999910593033,
					"p95": 0.1,
					"sd": 0.004974937091182875,
					"samples": 20
				},
				"one_change_B": {
					"median": 0.24000000059604645,
					"min": 0.22000000029802322,
					"p95": 0.25,
					"sd": 0.00888819445755188,
					"samples": 20
				},
				"ctx_through_wall_A": {
					"median": 0.4,
					"min": 0.37999999821186065,
					"p95": 0.42000000178813934,
					"sd": 0.012806248665693727,
					"samples": 20
				},
				"ctx_through_wall_B": {
					"median": 0.5600000023841858,
					"min": 0.5399999976158142,
					"p95": 0.5800000011920929,
					"sd": 0.013564660124438686,
					"samples": 20
				}
			},
			"meta": {
				"gates": "pass",
				"mountRenders": {
					"rowA": 1000,
					"innerA": 1000,
					"leafA": 1000,
					"rowB": 1000,
					"innerB": 1000,
					"leafB": 1000
				}
			}
		},
		{
			"name": "octane-jsx",
			"ops": {
				"mount": {
					"median": 12.599999994039536,
					"min": 12.200000002980232,
					"p95": 12.900000005960464,
					"sd": 0.17457090248815718,
					"samples": 20
				},
				"parent_rerender_equal_A": {
					"median": 0.1,
					"min": 0.07999999970197677,
					"p95": 0.11000000089406967,
					"sd": 0.008529361231940882,
					"samples": 20
				},
				"parent_rerender_equal_B": {
					"median": 0.2699999988079071,
					"min": 0.25,
					"p95": 0.27999999970197675,
					"sd": 0.008602325100749063,
					"samples": 20
				},
				"one_change_A": {
					"median": 0.10999999940395355,
					"min": 0.1,
					"p95": 0.11000000089406967,
					"sd": 0.004582575812017075,
					"samples": 20
				},
				"one_change_B": {
					"median": 0.27000000029802323,
					"min": 0.25,
					"p95": 0.2800000011920929,
					"sd": 0.006633249926661732,
					"samples": 20
				},
				"ctx_through_wall_A": {
					"median": 0.5800000011920929,
					"min": 0.5599999994039535,
					"p95": 0.6,
					"sd": 0.01609347648017823,
					"samples": 20
				},
				"ctx_through_wall_B": {
					"median": 0.6800000011920929,
					"min": 0.6400000005960464,
					"p95": 0.7600000023841857,
					"sd": 0.0252190407661778,
					"samples": 20
				}
			},
			"meta": {
				"gates": "pass",
				"mountRenders": {
					"rowA": 1000,
					"innerA": 1000,
					"leafA": 1000,
					"rowB": 1000,
					"innerB": 1000,
					"leafB": 1000
				}
			}
		},
		{
			"name": "react",
			"ops": {
				"mount": {
					"median": 80.59999999403954,
					"min": 79.79999999701977,
					"p95": 82.20000000298023,
					"sd": 0.654140659260746,
					"samples": 20
				},
				"parent_rerender_equal_A": {
					"median": 0.9299999997019768,
					"min": 0.9099999994039536,
					"p95": 1.080000001192093,
					"sd": 0.04639773714112167,
					"samples": 20
				},
				"parent_rerender_equal_B": {
					"median": 1.0200000002980232,
					"min": 0.9899999991059303,
					"p95": 1.1,
					"sd": 0.030045798395729104,
					"samples": 20
				},
				"one_change_A": {
					"median": 1.0200000002980232,
					"min": 0.9799999997019768,
					"p95": 1.1899999991059302,
					"sd": 0.04893618277671554,
					"samples": 20
				},
				"one_change_B": {
					"median": 1.0600000008940698,
					"min": 1.030000001192093,
					"p95": 1.15,
					"sd": 0.02634387945842496,
					"samples": 20
				},
				"ctx_through_wall_A": {
					"median": 5.020000001788139,
					"min": 4.8599999994039536,
					"p95": 15.139999997615813,
					"sd": 2.2116805821314425,
					"samples": 20
				},
				"ctx_through_wall_B": {
					"median": 4.920000001788139,
					"min": 4.740000000596046,
					"p95": 15.7,
					"sd": 2.3488590847737325,
					"samples": 20
				}
			},
			"meta": {
				"gates": "pass",
				"mountRenders": {
					"rowA": 1000,
					"innerA": 1000,
					"leafA": 1000,
					"rowB": 1000,
					"innerB": 1000,
					"leafB": 1000
				}
			}
		}
	],
	"harnessExit": 0
}
