{
  "suite": "memo-wall",
  "iterations": 20,
  "targets": [
    {
      "name": "octane-tsrx",
      "ops": {
        "mount": {
          "median": 10.199999988079071,
          "min": 10,
          "p95": 10.400000035762787,
          "sd": 0.11346806650316124,
          "samples": 20
        },
        "parent_rerender_equal_A": {
          "median": 0.06999999880790711,
          "min": 0.059999996423721315,
          "p95": 0.0800000011920929,
          "sd": 0.006244998198830645,
          "samples": 20
        },
        "parent_rerender_equal_B": {
          "median": 0.1100000023841858,
          "min": 0.1,
          "p95": 0.1300000011920929,
          "sd": 0.006782330633454527,
          "samples": 20
        },
        "one_change_A": {
          "median": 0.07999999523162842,
          "min": 0.059999996423721315,
          "p95": 0.09000000357627869,
          "sd": 0.00668954482858041,
          "samples": 20
        },
        "one_change_B": {
          "median": 0.1100000023841858,
          "min": 0.1,
          "p95": 0.12000000476837158,
          "sd": 0.007141428461928554,
          "samples": 20
        },
        "ctx_through_wall_A": {
          "median": 0.3799999952316284,
          "min": 0.33999999761581423,
          "p95": 0.4,
          "sd": 0.014798647402803233,
          "samples": 20
        },
        "ctx_through_wall_B": {
          "median": 0.3800000071525574,
          "min": 0.3600000023841858,
          "p95": 0.4199999928474426,
          "sd": 0.01496662817711545,
          "samples": 20
        }
      },
      "meta": {
        "gates": "pass",
        "mountRenders": {
          "rowA": 1000,
          "innerA": 1000,
          "leafA": 1000,
          "rowB": 1000,
          "innerB": 1000,
          "leafB": 1000
        }
      }
    },
    {
      "name": "octane-jsx",
      "ops": {
        "mount": {
          "median": 12.700000047683716,
          "min": 12.5,
          "p95": 13,
          "sd": 0.1107926002950668,
          "samples": 20
        },
        "parent_rerender_equal_A": {
          "median": 0.10999999642372131,
          "min": 0.1,
          "p95": 0.1100000023841858,
          "sd": 0.004898979193564965,
          "samples": 20
        },
        "parent_rerender_equal_B": {
          "median": 0.1600000023841858,
          "min": 0.13999999761581422,
          "p95": 0.17000000476837157,
          "sd": 0.008944272376479613,
          "samples": 20
        },
        "one_change_A": {
          "median": 0.1100000023841858,
          "min": 0.1,
          "p95": 0.1300000011920929,
          "sd": 0.0073484693581285935,
          "samples": 20
        },
        "one_change_B": {
          "median": 0.16999999880790712,
          "min": 0.1599999964237213,
          "p95": 0.1800000011920929,
          "sd": 0.00748331504435842,
          "samples": 20
        },
        "ctx_through_wall_A": {
          "median": 0.5600000023841858,
          "min": 0.5599999904632569,
          "p95": 0.5800000071525574,
          "sd": 0.008660256446738956,
          "samples": 20
        },
        "ctx_through_wall_B": {
          "median": 0.5399999976158142,
          "min": 0.5199999928474426,
          "p95": 0.6,
          "sd": 0.01926136137971854,
          "samples": 20
        }
      },
      "meta": {
        "gates": "pass",
        "mountRenders": {
          "rowA": 1000,
          "innerA": 1000,
          "leafA": 1000,
          "rowB": 1000,
          "innerB": 1000,
          "leafB": 1000
        }
      }
    },
    {
      "name": "react",
      "ops": {
        "mount": {
          "median": 79.19999998807907,
          "min": 78.69999998807907,
          "p95": 79.70000004768372,
          "sd": 0.29086078845307584,
          "samples": 20
        },
        "parent_rerender_equal_A": {
          "median": 0.9199999988079071,
          "min": 0.9100000023841858,
          "p95": 0.9399999976158142,
          "sd": 0.008426148740406234,
          "samples": 20
        },
        "parent_rerender_equal_B": {
          "median": 0.9900000035762787,
          "min": 0.9800000011920929,
          "p95": 1.0100000023841857,
          "sd": 0.007399323943064104,
          "samples": 20
        },
        "one_change_A": {
          "median": 0.9899999976158143,
          "min": 0.9699999988079071,
          "p95": 1.0600000023841858,
          "sd": 0.021470910800653827,
          "samples": 20
        },
        "one_change_B": {
          "median": 1.0199999988079071,
          "min": 1,
          "p95": 1.05,
          "sd": 0.012206555303221678,
          "samples": 20
        },
        "ctx_through_wall_A": {
          "median": 4.8800000071525576,
          "min": 4.760000002384186,
          "p95": 12.7,
          "sd": 1.7361391071013812,
          "samples": 20
        },
        "ctx_through_wall_B": {
          "median": 4.819999992847443,
          "min": 4.679999995231628,
          "p95": 13.1,
          "sd": 1.840096465213127,
          "samples": 20
        }
      },
      "meta": {
        "gates": "pass",
        "mountRenders": {
          "rowA": 1000,
          "innerA": 1000,
          "leafA": 1000,
          "rowB": 1000,
          "innerB": 1000,
          "leafB": 1000
        }
      }
    },
    {
      "name": "solid",
      "ops": {
        "mount": {
          "median": 10,
          "min": 9.799999952316284,
          "p95": 10.199999988079071,
          "sd": 0.08124039094297655,
          "samples": 20
        },
        "parent_rerender_equal_A": {
          "median": 0,
          "min": 0,
          "p95": 0.010000002384185792,
          "sd": 0.004000000357628036,
          "samples": 20
        },
        "parent_rerender_equal_B": {
          "median": 0,
          "min": 0,
          "p95": 0.019999998807907104,
          "sd": 0.005567763656279686,
          "samples": 20
        },
        "one_change_A": {
          "median": 0.059999996423721315,
          "min": 0.05,
          "p95": 0.07000000476837158,
          "sd": 0.0067823300182786135,
          "samples": 20
        },
        "one_change_B": {
          "median": 0.059999996423721315,
          "min": 0.05,
          "p95": 0.06999999880790711,
          "sd": 0.005361902397265059,
          "samples": 20
        },
        "ctx_through_wall_A": {
          "median": 0.3,
          "min": 0.27999999523162844,
          "p95": 0.3200000047683716,
          "sd": 0.013564659333498947,
          "samples": 20
        },
        "ctx_through_wall_B": {
          "median": 0.3,
          "min": 0.27999999523162844,
          "p95": 0.33999999761581423,
          "sd": 0.012000000278155268,
          "samples": 20
        }
      },
      "meta": {
        "gates": "pass",
        "mountRenders": {
          "rowA": 1000,
          "innerA": 1000,
          "leafA": 1000,
          "rowB": 1000,
          "innerB": 1000,
          "leafB": 1000
        }
      }
    },
    {
      "name": "vue-vapor",
      "ops": {
        "mount": {
          "median": 24.399999976158142,
          "min": 24,
          "p95": 24.600000023841858,
          "sd": 0.17748239466840862,
          "samples": 20
        },
        "parent_rerender_equal_A": {
          "median": 0,
          "min": 0,
          "p95": 0.010000002384185792,
          "sd": 0.004898979923569526,
          "samples": 20
        },
        "parent_rerender_equal_B": {
          "median": 0,
          "min": 0,
          "p95": 0.010000002384185792,
          "sd": 0.00433012701892244,
          "samples": 20
        },
        "one_change_A": {
          "median": 0.06000000238418579,
          "min": 0.059999996423721315,
          "p95": 0.0800000011920929,
          "sd": 0.005894913202833216,
          "samples": 20
        },
        "one_change_B": {
          "median": 0.06999999880790711,
          "min": 0.05,
          "p95": 0.0800000011920929,
          "sd": 0.009539392539023962,