{
	"suite": "memo-wall",
	"iterations": 20,
	"targets": [
		{
			"name": "octane-tsrx",
			"ops": {
				"mount": {
					"score": 10.174999998882413,
					"median": 10.299999997019768,
					"min": 9.899999991059303,
					"mean": 10.209999999403953,
					"p95": 10.5,
					"sd": 0.17740824187679788,
					"rme": 0.8132091948082749,
					"scoreRme": 1.2993368227726,
					"warmupRatio": 1.0024570024938846,
					"samples": 20
				},
				"parent_rerender_equal_A": {
					"score": 0.06750000007450581,
					"median": 0.07000000029802322,
					"min": 0.05999999940395355,
					"mean": 0.06600000001490115,
					"p95": 0.07000000029802322,
					"sd": 0.005026247099225483,
					"rme": 3.5641348747131105,
					"scoreRme": 5.734281733112165,
					"warmupRatio": 0.9444444450576608,
					"samples": 20
				},
				"parent_rerender_equal_B": {
					"score": 0.1037500001490116,
					"median": 0.1,
					"min": 0.1,
					"mean": 0.10450000002980234,
					"p95": 0.12000000029802323,
					"sd": 0.006048053242755837,
					"rme": 2.708654083020611,
					"scoreRme": 4.171091134193184,
					"warmupRatio": 0.9999999982046794,
					"samples": 20
				},
				"one_change_A": {
					"score": 0.06999999992549419,
					"median": 0.07000000029802322,
					"min": 0.05999999940395355,
					"mean": 0.06949999995529652,
					"p95": 0.0800000011920929,
					"sd": 0.00510417812730604,
					"rme": 3.4371243799383917,
					"scoreRme": 6.384899949558504,
					"warmupRatio": 1.0000000026609217,
					"samples": 20
				},
				"one_change_B": {
					"score": 0.10874999985098839,
					"median": 0.10999999940395355,
					"min": 0.1,
					"mean": 0.11049999989569188,
					"p95": 0.12000000029802323,
					"sd": 0.006863327533801392,
					"rme": 2.9068771482799534,
					"scoreRme": 4.92750181934579,
					"warmupRatio": 1.0229885061211812,
					"samples": 20
				},
				"ctx_through_wall_A": {
					"score": 0.40999999940395365,
					"median": 0.4,
					"min": 0.37999999821186065,
					"mean": 0.40299999967217454,
					"p95": 0.4199999988079071,
					"sd": 0.016254553270845087,
					"rme": 1.8876619548444737,
					"scoreRme": 3.0832819530112032,
					"warmupRatio": 0.969512195986236,
					"samples": 20
				},
				"ctx_through_wall_B": {
					"score": 0.3524999998509884,
					"median": 0.35999999940395355,
					"min": 0.3199999988079071,
					"mean": 0.3609999996423721,
					"p95": 0.4199999988079071,
					"sd": 0.024687520987179665,
					"rme": 3.200549225692496,
					"scoreRme": 5.03191488146199,
					"warmupRatio": 1.042553192141442,
					"samples": 20
				}
			},
			"meta": {
				"gates": "pass",
				"mountRenders": {
					"rowA": 1000,
					"innerA": 1000,
					"leafA": 1000,
					"rowB": 1000,
					"innerB": 1000,
					"leafB": 1000
				}
			}
		},
		{
			"name": "octane-jsx",
			"ops": {
				"mount": {
					"score": 13.237500000745058,
					"median": 13.100000008940697,
					"min": 12.599999994039536,
					"mean": 13.185000003129243,
					"p95": 13.700000002980232,
					"sd": 0.3099660427457571,
					"rme": 1.1002419889886108,
					"scoreRme": 2.024044652735401,
					"warmupRatio": 0.9830028331717079,
					"samples": 20
				},
				"parent_rerender_equal_A": {
					"score": 0.08749999962747096,
					"median": 0.09000000059604644,
					"min": 0.07999999970197677,
					"mean": 0.09199999995529652,
					"p95": 0.1,
					"sd": 0.00615587017876012,
					"rme": 3.1315248025561266,
					"scoreRme": 4.423588349815719,
					"warmupRatio": 1.0857142916139293,
					"samples": 20
				},
				"parent_rerender_equal_B": {
					"score": 0.1524999998509884,
					"median": 0.15,
					"min": 0.14000000059604645,
					"mean": 0.15199999995529645,
					"p95": 0.16000000089406968,
					"sd": 0.006958523414789552,
					"rme": 2.142534064787143,
					"scoreRme": 3.8770489530260894,
					"warmupRatio": 1.0000000012214063,
					"samples": 20
				},
				"one_change_A": {
					"score": 0.09000000003725289,
					"median": 0.09000000059604644,
					"min": 0.07999999970197677,
					"mean": 0.09149999991059303,
					"p95": 0.1,
					"sd": 0.004893604910196525,
					"rme": 2.5030068613785823,
					"scoreRme": 4.966033286759838,
					"warmupRatio": 1.02777777404099,
					"samples": 20
				},
				"one_change_B": {
					"score": 0.15124999973922967,
					"median": 0.15,
					"min": 0.13999999910593033,
					"mean": 0.14999999992549415,
					"p95": 0.16000000089406968,
					"sd": 0.0056195149532274734,
					"rme": 1.7533224871064672,
					"scoreRme": 3.542914509565198,
					"warmupRatio": 0.9834710765683693,
					"samples": 20
				},
				"ctx_through_wall_A": {
					"score": 0.6950000002980232,
					"median": 0.7,
					"min": 0.6200000017881393,
					"mean": 0.7150000004470349,
					"p95": 0.8400000005960464,
					"sd": 0.07074788417272034,
					"rme": 4.630859924775939,
					"scoreRme": 6.775304392875654,
					"warmupRatio": 1.0395683461643943,
					"samples": 20
				},
				"ctx_through_wall_B": {
					"score": 0.6600000005215406,
					"median": 0.6599999994039536,
					"min": 0.6,
					"mean": 0.6600000001490115,
					"p95": 0.7800000011920929,
					"sd": 0.04255027982610463,
					"rme": 3.0172598613464583,
					"scoreRme": 3.3175219474110347,
					"warmupRatio": 1.0075757571182207,
					"samples": 20
				}
			},
			"meta": {
				"gates": "pass",
				"mountRenders": {
					"rowA": 1000,
					"innerA": 1000,
					"leafA": 1000,
					"rowB": 1000,
					"innerB": 1000,
					"leafB": 1000
				}
			}
		},
		{
			"name": "react",
			"ops": {
				"mount": {
					"score": 12.650000000372529,
					"median": 12.700000002980232,
					"min": 12.199999988079071,
					"mean": 12.655000000447036,
					"p95": 13.5,
					"sd": 0.2781044882272095,
					"rme": 1.0284900128568943,
					"scoreRme": 0.7900354813034184,
					"warmupRatio": 0.9970355730048212,
					"samples": 20
				},
				"parent_rerender_equal_A": {
					"score": 0.1849999999627471,
					"median": 0.18999999910593032,
					"min": 0.17000000029802323,
					"mean": 0.18649999998509878,
					"p95": 0.2,
					"sd": 0.008127276924918653,
					"rme": 2.0394847033287924,
					"scoreRme": 2.4159078169384487,
					"warmupRatio": 1.0135135137176015,
					"samples": 20
				},
				"parent_rerender_equal_B": {
					"score": 0.2162500001490116,
					"median": 0.22000000029802322,
					"min": 0.2,
					"mean": 0.21850000008940698,
					"p95": 0.2300000011920929,
					"sd": 0.008750939940756068,
					"rme": 1.8743793553213661,
					"scoreRme": 2.876847650641129,
					"warmupRatio": 1.0057803464722908,
					"samples": 20
				},
				"one_change_A": {
					"score": 0.20874999985098838,
					"median": 0.20999999940395356,
					"min": 0.2,
					"mean": 0.21299999974668032,
					"p95": 0.22999999970197677,
					"sd": 0.009233805119504194,
					"rme": 2.0288751929596995,
					"scoreRme": 3.342704210846274,
					"warmupRatio": 1.0419161669807635,
					"samples": 20
				},
				"one_change_B": {
					"score": 0.24250000007450584,
					"median": 0.25,
					"min": 0.22999999970197677,
					"mean": 0.24650000005960462,
					"p95": 0.27000000029802323,
					"sd": 0.011367080850802925,
					"rme": 2.15817300421077,
					"scoreRme": 4.016864691501895,
					"warmupRatio": 1.0154639173674018,
					"samples": 20
				},
				"ctx_through_wall_A": {
					"score": 1.0350000001490114,
					"median": 1.0199999988079071,
					"min": 0.9400000005960465,
					"mean": 1.0249999998509884,
					"p95": 1.1200000017881393,
					"sd": 0.05539333048056534,
					"rme": 2.5292271943929925,
					"scoreRme": 5.017399259680953,
					"warmupRatio": 0.9710144919659475,
					"samples": 20
				},
				"ctx_through_wall_B": {
					"score": 1.0674999997019767,
					"median": 1.0400000005960464,
					"min": 1.0199999988079071,
					"mean": 1.073999999910593,
					"p95": 1.280000001192093,
					"sd": 0.07286613583892781,
					"rme": 3.1752336488262936,
					"scoreRme": 6.799554869179607,
					"warmupRatio": 1.0257611246873293,
					"samples": 20
				}
			},
			"meta": {
				"gates": "pass",
				"mountRenders": {
					"rowA": 1000,
					"innerA": 1000,