{
  "suite": "memo-wall",
  "iterations": 20,
  "targets": [
    {
      "name": "octane-tsrx",
      "ops": {
        "mount": {
          "median": 10.200000000186265,
          "min": 9.899999999906868,
          "p95": 12.5,
          "sd": 0.5572028356022725,
          "samples": 20
        },
        "parent_rerender_equal_A": {
          "median": 0.07000000001862645,
          "min": 0.06000000000931323,
          "p95": 0.08000000002793968,
          "sd": 0.007681145745019284,
          "samples": 20
        },
        "parent_rerender_equal_B": {
          "median": 0.11000000000931323,
          "min": 0.08000000002793968,
          "p95": 0.12999999998137354,
          "sd": 0.01359227721425476,
          "samples": 20
        },
        "one_change_A": {
          "median": 0.07999999998137355,
          "min": 0.06999999997206033,
          "p95": 0.08000000002793968,
          "sd": 0.00458257569515907,
          "samples": 20
        },
        "one_change_B": {
          "median": 0.11999999997206032,
          "min": 0.1,
          "p95": 0.13000000002793968,
          "sd": 0.007921489762286934,
          "samples": 20
        },
        "ctx_through_wall_A": {
          "median": 0.4,
          "min": 0.3599999999627471,
          "p95": 0.4200000000186265,
          "sd": 0.016093476942266698,
          "samples": 20
        },
        "ctx_through_wall_B": {
          "median": 0.4,
          "min": 0.36000000005587934,
          "p95": 0.4200000000186265,
          "sd": 0.01326649915833276,
          "samples": 20
        }
      },
      "meta": {
        "gates": "pass",
        "mountRenders": {
          "rowA": 1000,
          "innerA": 1000,
          "leafA": 1000,
          "rowB": 1000,
          "innerB": 1000,
          "leafB": 1000
        }
      }
    },
    {
      "name": "octane-jsx",
      "ops": {
        "mount": {
          "median": 12.699999999720603,
          "min": 12.299999999813735,
          "p95": 13.399999999906868,
          "sd": 0.2754995463024436,
          "samples": 20
        },
        "parent_rerender_equal_A": {
          "median": 0.11000000000931323,
          "min": 0.08999999999068678,
          "p95": 0.12000000001862646,
          "sd": 0.009420721845157036,
          "samples": 20
        },
        "parent_rerender_equal_B": {
          "median": 0.16999999997206033,
          "min": 0.15,
          "p95": 0.18999999999068679,
          "sd": 0.011079259902155513,
          "samples": 20
        },
        "one_change_A": {
          "median": 0.11999999997206032,
          "min": 0.1,
          "p95": 0.13000000002793968,
          "sd": 0.006689544081661252,
          "samples": 20
        },
        "one_change_B": {
          "median": 0.17000000001862645,
          "min": 0.1599999999627471,
          "p95": 0.18999999999068679,
          "sd": 0.008426149771076337,
          "samples": 20
        },
        "ctx_through_wall_A": {
          "median": 0.5599999999627471,
          "min": 0.5399999999441206,
          "p95": 0.6,
          "sd": 0.017058722111470376,
          "samples": 20
        },
        "ctx_through_wall_B": {
          "median": 0.5400000000372529,
          "min": 0.5,
          "p95": 0.5799999999813735,
          "sd": 0.019261360297119817,
          "samples": 20
        }
      },
      "meta": {
        "gates": "pass",
        "mountRenders": {
          "rowA": 1000,
          "innerA": 1000,
          "leafA": 1000,
          "rowB": 1000,
          "innerB": 1000,
          "leafB": 1000
        }
      }
    },
    {
      "name": "react",
      "ops": {
        "mount": {
          "median": 78,
          "min": 77.60000000009313,
          "p95": 79.20000000018626,
          "sd": 0.39984371950514225,
          "samples": 20
        },
        "parent_rerender_equal_A": {
          "median": 0.909999999962747,
          "min": 0.8899999999906868,
          "p95": 0.9599999999627471,
          "sd": 0.014177446873568275,
          "samples": 20
        },
        "parent_rerender_equal_B": {
          "median": 0.9800000000279396,
          "min": 0.9600000000093132,
          "p95": 1,
          "sd": 0.010897247353510197,
          "samples": 20
        },
        "one_change_A": {
          "median": 0.9700000000186264,
          "min": 0.9400000000372529,
          "p95": 0.9800000000279396,
          "sd": 0.009539392008897479,
          "samples": 20
        },
        "one_change_B": {
          "median": 1.0200000000186265,
          "min": 1.0100000000093132,
          "p95": 1.05,
          "sd": 0.010246950764141855,
          "samples": 20
        },
        "ctx_through_wall_A": {
          "median": 4.9,
          "min": 4.7399999999441205,
          "p95": 14.579999999981373,
          "sd": 2.1086628464471278,
          "samples": 20
        },
        "ctx_through_wall_B": {
          "median": 4.779999999981373,
          "min": 4.659999999962747,
          "p95": 11.260000000055879,
          "sd": 1.6536078737278472,
          "samples": 20
        }
      },
      "meta": {
        "gates": "pass",
        "mountRenders": {
          "rowA": 1000,
          "innerA": 1000,
          "leafA": 1000,
          "rowB": 1000,
          "innerB": 1000,
          "leafB": 1000
        }
      }
    },
    {
      "name": "solid",
      "ops": {
        "mount": {
          "median": 10,
          "min": 9.600000000093132,
          "p95": 11.100000000093132,
          "sd": 0.2889204043073094,
          "samples": 20
        },
        "parent_rerender_equal_A": {
          "median": 0.010000000009313226,
          "min": 0,
          "p95": 0.010000000009313226,
          "sd": 0.00497493719016637,
          "samples": 20
        },
        "parent_rerender_equal_B": {
          "median": 0,
          "min": 0,
          "p95": 0.010000000009313226,
          "sd": 0.004898979484425725,
          "samples": 20
        },
        "one_change_A": {
          "median": 0.06000000000931323,
          "min": 0.05,
          "p95": 0.07000000001862645,
          "sd": 0.0058949130622237235,
          "samples": 20
        },
        "one_change_B": {
          "median": 0.06000000000931323,
          "min": 0.05,
          "p95": 0.07000000001862645,
          "sd": 0.005385164805664495,
          "samples": 20
        },
        "ctx_through_wall_A": {
          "median": 0.3,
          "min": 0.2599999999627471,
          "p95": 0.32000000001862644,
          "sd": 0.014282856856694464,
          "samples": 20
        },
        "ctx_through_wall_B": {
          "median": 0.3,
          "min": 0.27999999998137354,
          "p95": 0.32000000001862644,
          "sd": 0.012449899609583604,
          "samples": 20
        }
      },
      "meta": {
        "gates": "pass",
        "mountRenders": {
          "rowA": 1000,
          "innerA": 1000,
          "leafA": 1000,
          "rowB": 1000,
          "innerB": 1000,
          "leafB": 1000
        }
      }
    },
    {
      "name": "ripple",
      "ops": {
        "mount": {
          "median": 13.800000000279397,
          "min": 13.5,
          "p95": 14.600000000093132,
          "sd": 0.32999999991646317,
          "samples": 20
        },
        "parent_rerender_equal_A": {
          "median": 0.2599999999627471,
          "min": 0.25,
          "p95": 0.27000000001862645,
          "sd": 0.005894913061433785,
          "samples": 20
        },
        "parent_rerender_equal_B": {
          "median": 0.23999999999068677,
          "min": 0.22999999998137355,
          "p95": 0.3100000000093132,
          "sd": 0.016515144571624396,
          "samples": 20
        },
        "one_change_A": {
          "median": 0.3,
          "min": 0.27999999998137354,
          "p95": 0.3099999999627471,
          "sd": 0.00806225773992361,
          "samples": 20
        },
        "one_change_B": {
          "median": 0.28999999999068676,
          "min": 0.27000000001862645,