{
  "suite": "news",
  "iterations": 20,
  "targets": [
    {
      "name": "octane-tsrx",
      "ops": {
        "ssr_render": {
          "score": 0.01738037500000189,
          "median": 0.02033399999993435,
          "min": 0.014083000000027823,
          "mean": 0.023577200000011088,
          "p95": 0.04866700000002311,
          "sd": 0.01075965128862339,
          "rme": 21.357981176209712,
          "scoreRme": 15.87675913148301,
          "warmupRatio": 1.8948023273382815,
          "samples": 20
        },
        "hydrate": {
          "score": 1.8250000029802322,
          "median": 1.8000000715255737,
          "min": 1.6999999284744263,
          "mean": 1.8400000154972076,
          "p95": 2,
          "sd": 0.08825799757503203,
          "rme": 2.2448662653873823,
          "scoreRme": 4.742474611104433,
          "warmupRatio": 1.0136986333806244,
          "samples": 20
        }
      },
      "meta": {
        "htmlBytes": 42398,
        "cards": 50,
        "domBeforeHydration": {
          "root": "#app",
          "total": 663,
          "elements": 356,
          "text": 303,
          "comments": 4,
          "emptyText": 0,
          "whitespaceText": 0,
          "hydrationMarkersPhysical": 3,
          "hydrationMarkersLogical": 3,
          "hydrationMarkersCounted": 0,
          "hydrationMarkerMaxMultiplicity": 1,
          "leadingHydrationStartsPhysical": 0,
          "leadingHydrationStartsLogical": 0,
          "commentsByData": {
            "]": 2,
            "[": 1,
            "[f1": 1
          },
          "commentParents": {
            "div.site": 2,
            "main.feed": 2
          }
        },
        "domAfterHydration": {
          "root": "#app",
          "total": 663,
          "elements": 356,
          "text": 303,
          "comments": 4,
          "emptyText": 0,
          "whitespaceText": 0,
          "hydrationMarkersPhysical": 3,
          "hydrationMarkersLogical": 3,
          "hydrationMarkersCounted": 0,
          "hydrationMarkerMaxMultiplicity": 1,
          "leadingHydrationStartsPhysical": 0,
          "leadingHydrationStartsLogical": 0,
          "commentsByData": {
            "]": 2,
            "[": 1,
            "[f1": 1
          },
          "commentParents": {
            "div.site": 2,
            "main.feed": 2
          }
        }
      }
    },
    {
      "name": "octane-jsx",
      "ops": {
        "ssr_render": {
          "score": 0.02911462499999118,
          "median": 0.03499999999996817,
          "min": 0.0222079999999778,
          "mean": 0.039345850000006524,
          "p95": 0.0789590000000544,
          "sd": 0.016843103309135608,
          "rme": 20.034449384118933,
          "scoreRme": 15.672317388675374,
          "warmupRatio": 1.8830055341612602,
          "samples": 20
        },
        "hydrate": {
          "score": 2.2625000029802322,
          "median": 2.3000000715255737,
          "min": 2.100000023841858,
          "mean": 2.280000013113022,
          "p95": 2.399999976158142,
          "sd": 0.07677718501873504,
          "rme": 1.5759831360872196,
          "scoreRme": 2.749693580032148,
          "warmupRatio": 1.0055248697745538,
          "samples": 20
        }
      },
      "meta": {
        "htmlBytes": 42398,
        "cards": 50,
        "domBeforeHydration": {
          "root": "#app",
          "total": 663,
          "elements": 356,
          "text": 303,
          "comments": 4,
          "emptyText": 0,
          "whitespaceText": 0,
          "hydrationMarkersPhysical": 3,
          "hydrationMarkersLogical": 3,
          "hydrationMarkersCounted": 0,
          "hydrationMarkerMaxMultiplicity": 1,
          "leadingHydrationStartsPhysical": 0,
          "leadingHydrationStartsLogical": 0,
          "commentsByData": {
            "]": 2,
            "[": 1,
            "[f1": 1
          },
          "commentParents": {
            "div.site": 2,
            "main.feed": 2
          }
        },
        "domAfterHydration": {
          "root": "#app",
          "total": 663,
          "elements": 356,
          "text": 303,
          "comments": 4,
          "emptyText": 0,
          "whitespaceText": 0,
          "hydrationMarkersPhysical": 3,
          "hydrationMarkersLogical": 3,
          "hydrationMarkersCounted": 0,
          "hydrationMarkerMaxMultiplicity": 1,
          "leadingHydrationStartsPhysical": 0,
          "leadingHydrationStartsLogical": 0,
          "commentsByData": {
            "]": 2,
            "[": 1,
            "[f1": 1
          },
          "commentParents": {
            "div.site": 2,
            "main.feed": 2
          }
        }
      }
    },
    {
      "name": "react",
      "ops": {
        "ssr_render": {
          "score": 0.09628112500001151,
          "median": 0.11804100000000517,
          "min": 0.0805000000000291,
          "mean": 0.11489365000000476,
          "p95": 0.19900000000001228,
          "sd": 0.030263950680067857,
          "rme": 12.327750168836529,
          "scoreRme": 15.875598689350984,
          "warmupRatio": 1.341937477361091,
          "samples": 20
        },
        "hydrate": {
          "score": 2.637499988079071,
          "median": 2.600000023841858,
          "min": 2.5,
          "mean": 2.6249999940395354,
          "p95": 2.700000047683716,
          "sd": 0.07863975834734149,
          "rme": 1.4020615971634571,
          "scoreRme": 2.35874162784297,
          "warmupRatio": 1.0047393489437164,
          "samples": 20
        }
      },
      "meta": {
        "htmlBytes": 42364,
        "cards": 50,
        "domBeforeHydration": {
          "root": "#app",
          "total": 659,
          "elements": 356,
          "text": 303,
          "comments": 0,
          "emptyText": 0,
          "whitespaceText": 0,
          "hydrationMarkersPhysical": 0,
          "hydrationMarkersLogical": 0,
          "hydrationMarkersCounted": 0,
          "hydrationMarkerMaxMultiplicity": 0,
          "leadingHydrationStartsPhysical": 0,
          "leadingHydrationStartsLogical": 0,
          "commentsByData": {},
          "commentParents": {}
        },
        "domAfterHydration": {
          "root": "#app",
          "total": 659,
          "elements": 356,
          "text": 303,
          "comments": 0,
          "emptyText": 0,
          "whitespaceText": 0,
          "hydrationMarkersPhysical": 0,
          "hydrationMarkersLogical": 0,
          "hydrationMarkersCounted": 0,
          "hydrationMarkerMaxMultiplicity": 0,
          "leadingHydrationStartsPhysical": 0,
          "leadingHydrationStartsLogical": 0,
          "commentsByData": {},
          "commentParents": {}
        }
      }
    },
    {
      "name": "preact",
      "ops": {
        "ssr_render": {
          "score": 0.07610937500000148,
          "median": 0.08583299999997962,
          "min": 0.0677079999999819,
          "mean": 0.09101875000000348,
          "p95": 0.15950000000003683,
          "sd": 0.026060589894918818,
          "rme": 13.400086617061568,
          "scoreRme": 13.888846407033803,
          "warmupRatio": 1.5077659618148203,
          "samples": 20
        },
        "hydrate": {
          "score": 1.7999999970197678,
          "median": 1.8000000715255737,
          "min": 1.600000023841858,
          "mean": 1.8050000011920928,
          "p95": 2,
          "sd": 0.09445131078690136,
          "rme": 2.4489787310967475,
          "scoreRme": 4.300710243609327,
          "warmupRatio": 0.9930555538883732,
          "samples": 20
        }
      },
      "meta": {
        "htmlBytes": 42364,
        "cards": 50,
        "domBeforeHydration": {
          "root": "#app",
          "total": 659,
          "elements": 356,
          "text": 303,
          "comments": 0,
          "emptyText": 0,
          "whitespaceText": 0,
          "hydrationMarkersPhysical": 0,
          "hydrationMarkersLogical": 0,
          "hydrationMarkersCounted": 0,