{
  "suite": "news",
  "iterations": 20,
  "targets": [
    {
      "name": "octane-tsrx",
      "ops": {
        "ssr_render": {
          "score": 0.060536624999969035,
          "median": 0.060875000000010004,
          "min": 0.0548750000000382,
          "mean": 0.07100844999999936,
          "p95": 0.109375,
          "sd": 0.017768005022268413,
          "rme": 11.710700282115008,
          "scoreRme": 9.6337187486694,
          "warmupRatio": 1.3998075545185247,
          "samples": 20
        },
        "hydrate": {
          "score": 1.4624999985098839,
          "median": 1.5,
          "min": 1.399999976158142,
          "mean": 1.4600000008940697,
          "p95": 1.5999999940395355,
          "sd": 0.05982430216895571,
          "rme": 1.9176927036453728,
          "scoreRme": 2.9589791879317033,
          "warmupRatio": 1.0085470105934826,
          "samples": 20
        }
      },
      "meta": {
        "htmlBytes": 43196,
        "cards": 50,
        "domBeforeHydration": {
          "root": "#app",
          "total": 763,
          "elements": 356,
          "text": 303,
          "comments": 104,
          "emptyText": 0,
          "whitespaceText": 0,
          "hydrationMarkersPhysical": 104,
          "hydrationMarkersLogical": 104,
          "hydrationMarkersCounted": 0,
          "hydrationMarkerMaxMultiplicity": 1,
          "leadingHydrationStartsPhysical": 0,
          "leadingHydrationStartsLogical": 0,
          "commentsByData": {
            "[": 52,
            "]": 52
          },
          "commentParents": {
            "main.feed": 102,
            "div.site": 2
          }
        },
        "domAfterHydration": {
          "root": "#app",
          "total": 763,
          "elements": 356,
          "text": 303,
          "comments": 104,
          "emptyText": 0,
          "whitespaceText": 0,
          "hydrationMarkersPhysical": 104,
          "hydrationMarkersLogical": 104,
          "hydrationMarkersCounted": 0,
          "hydrationMarkerMaxMultiplicity": 1,
          "leadingHydrationStartsPhysical": 0,
          "leadingHydrationStartsLogical": 0,
          "commentsByData": {
            "[": 52,
            "]": 52
          },
          "commentParents": {
            "main.feed": 102,
            "div.site": 2
          }
        }
      }
    },
    {
      "name": "octane-jsx",
      "ops": {
        "ssr_render": {
          "score": 0.05229687500000324,
          "median": 0.05791700000003175,
          "min": 0.049167000000011285,
          "mean": 0.06018130000000212,
          "p95": 0.0887079999999969,
          "sd": 0.011612852857254984,
          "rme": 9.030911552988966,
          "scoreRme": 6.502834281410462,
          "warmupRatio": 1.355745443680933,
          "samples": 20
        },
        "hydrate": {
          "score": 1.6625000014901161,
          "median": 1.699999988079071,
          "min": 1.5999999940395355,
          "mean": 1.6949999988079072,
          "p95": 2,
          "sd": 0.10500626720999029,
          "rme": 2.899344014922766,
          "scoreRme": 3.7420654201032812,
          "warmupRatio": 1.0225563896127605,
          "samples": 20
        }
      },
      "meta": {
        "htmlBytes": 43196,
        "cards": 50,
        "domBeforeHydration": {
          "root": "#app",
          "total": 763,
          "elements": 356,
          "text": 303,
          "comments": 104,
          "emptyText": 0,
          "whitespaceText": 0,
          "hydrationMarkersPhysical": 104,
          "hydrationMarkersLogical": 104,
          "hydrationMarkersCounted": 0,
          "hydrationMarkerMaxMultiplicity": 1,
          "leadingHydrationStartsPhysical": 0,
          "leadingHydrationStartsLogical": 0,
          "commentsByData": {
            "[": 52,
            "]": 52
          },
          "commentParents": {
            "main.feed": 102,
            "div.site": 2
          }
        },
        "domAfterHydration": {
          "root": "#app",
          "total": 763,
          "elements": 356,
          "text": 303,
          "comments": 104,
          "emptyText": 0,
          "whitespaceText": 0,
          "hydrationMarkersPhysical": 104,
          "hydrationMarkersLogical": 104,
          "hydrationMarkersCounted": 0,
          "hydrationMarkerMaxMultiplicity": 1,
          "leadingHydrationStartsPhysical": 0,
          "leadingHydrationStartsLogical": 0,
          "commentsByData": {
            "[": 52,
            "]": 52
          },
          "commentParents": {
            "main.feed": 102,
            "div.site": 2
          }
        }
      }
    },
    {
      "name": "react",
      "ops": {
        "ssr_render": {
          "score": 0.07924999999999471,
          "median": 0.083500000000015,
          "min": 0.06479100000001381,
          "mean": 0.08989779999999711,
          "p95": 0.1415829999999687,
          "sd": 0.019985957326924455,
          "rme": 10.40471341461321,
          "scoreRme": 3.9877947451829034,
          "warmupRatio": 1.295936908517414,
          "samples": 20
        },
        "hydrate": {
          "score": 2.5124999955296516,
          "median": 2.5,
          "min": 2.399999976158142,
          "mean": 2.514999996125698,
          "p95": 2.5999999940395355,
          "sd": 0.08750939689816113,
          "rme": 1.6284368914194447,
          "scoreRme": 3.2981272550137106,
          "warmupRatio": 0.9950248759095791,
          "samples": 20
        }
      },
      "meta": {
        "htmlBytes": 42364,
        "cards": 50,
        "domBeforeHydration": {
          "root": "#app",
          "total": 659,
          "elements": 356,
          "text": 303,
          "comments": 0,
          "emptyText": 0,
          "whitespaceText": 0,
          "hydrationMarkersPhysical": 0,
          "hydrationMarkersLogical": 0,
          "hydrationMarkersCounted": 0,
          "hydrationMarkerMaxMultiplicity": 0,
          "leadingHydrationStartsPhysical": 0,
          "leadingHydrationStartsLogical": 0,
          "commentsByData": {},
          "commentParents": {}
        },
        "domAfterHydration": {
          "root": "#app",
          "total": 659,
          "elements": 356,
          "text": 303,
          "comments": 0,
          "emptyText": 0,
          "whitespaceText": 0,
          "hydrationMarkersPhysical": 0,
          "hydrationMarkersLogical": 0,
          "hydrationMarkersCounted": 0,
          "hydrationMarkerMaxMultiplicity": 0,
          "leadingHydrationStartsPhysical": 0,
          "leadingHydrationStartsLogical": 0,
          "commentsByData": {},
          "commentParents": {}
        }
      }
    },
    {
      "name": "preact",
      "ops": {
        "ssr_render": {
          "score": 0.07166662499999887,
          "median": 0.0709590000000162,
          "min": 0.061249999999972715,
          "mean": 0.07425195000000429,
          "p95": 0.1275410000000079,
          "sd": 0.01424601739166883,
          "rme": 8.97924532344192,
          "scoreRme": 10.4331497638174,
          "warmupRatio": 1.0709291110054746,
          "samples": 20
        },
        "hydrate": {
          "score": 1.75,
          "median": 1.7000000178813934,
          "min": 1.5999999940395355,
          "mean": 1.7400000020861626,
          "p95": 1.9000000059604645,
          "sd": 0.10462967491487901,
          "rme": 2.814231745160789,
          "scoreRme": 3.6118445682766906,
          "warmupRatio": 1.0000000021287374,
          "samples": 20
        }
      },
      "meta": {
        "htmlBytes": 42364,
        "cards": 50,
        "domBeforeHydration": {
          "root": "#app",
          "total": 659,
          "elements": 356,
          "text": 303,
          "comments": 0,
          "emptyText": 0,
          "whitespaceText": 0,
          "hydrationMarkersPhysical": 0,
          "hydrationMarkersLogical": 0,
          "hydrationMarkersCounted": 0,
          "hydrationMarkerMaxMultiplicity": 0,