{
  "suite": "news",
  "iterations": 20,
  "targets": [
    {
      "name": "octane-tsrx",
      "ops": {
        "ssr_render": {
          "score": 0.04945837499999328,
          "median": 0.05083299999995461,
          "min": 0.046125000000017735,
          "mean": 0.05559159999999963,
          "p95": 0.07958300000001373,
          "sd": 0.009559897959159477,
          "rme": 8.04819172085103,
          "scoreRme": 3.0079358075521316,
          "warmupRatio": 1.3134959448225656,
          "samples": 20
        },
        "hydrate": {
          "score": 1.387500001117587,
          "median": 1.3999999910593033,
          "min": 1.2999999970197678,
          "mean": 1.3899999998509884,
          "p95": 1.5,
          "sd": 0.07181848375050538,
          "rme": 2.418107824021442,
          "scoreRme": 5.02911343872724,
          "warmupRatio": 1.0180180155871006,
          "samples": 20
        }
      },
      "meta": {
        "htmlBytes": 43196,
        "cards": 50
      }
    },
    {
      "name": "octane-jsx",
      "ops": {
        "ssr_render": {
          "score": 0.05237524999999721,
          "median": 0.058708000000024185,
          "min": 0.04733300000003737,
          "mean": 0.06481269999999881,
          "p95": 0.10387500000001637,
          "sd": 0.018257594495095404,
          "rme": 13.183710981984925,
          "scoreRme": 14.021858482518844,
          "warmupRatio": 1.340291931780778,
          "samples": 20
        },
        "hydrate": {
          "score": 1.674999998882413,
          "median": 1.7000000029802322,
          "min": 1.5,
          "mean": 1.6950000002980232,
          "p95": 1.9000000059604645,
          "sd": 0.08870412244144305,
          "rme": 2.449223014081288,
          "scoreRme": 5.815460713669534,
          "warmupRatio": 1.0298507478454113,
          "samples": 20
        }
      },
      "meta": {
        "htmlBytes": 43196,
        "cards": 50
      }
    },
    {
      "name": "react",
      "ops": {
        "ssr_render": {
          "score": 0.08806787500000013,
          "median": 0.11074999999999591,
          "min": 0.07579200000003539,
          "mean": 0.10638350000000116,
          "p95": 0.15100000000001046,
          "sd": 0.023554092686054382,
          "rme": 10.362065561047494,
          "scoreRme": 15.327930757274217,
          "warmupRatio": 1.308060686146895,
          "samples": 20
        },
        "hydrate": {
          "score": 2.587499998509884,
          "median": 2.5999999940395355,
          "min": 2.5,
          "mean": 2.5749999985098837,
          "p95": 2.7000000029802322,
          "sd": 0.05501195999432682,
          "rme": 0.9998483076972354,
          "scoreRme": 1.1425120584958035,
          "warmupRatio": 0.990338164101671,
          "samples": 20
        }
      },
      "meta": {
        "htmlBytes": 42364,
        "cards": 50
      }
    },
    {
      "name": "preact",
      "ops": {
        "ssr_render": {
          "score": 0.069432374999991,
          "median": 0.07670899999999392,
          "min": 0.06633299999998599,
          "mean": 0.07942514999999731,
          "p95": 0.13520899999997482,
          "sd": 0.016009409983785004,
          "rme": 9.433470884742873,
          "scoreRme": 4.632204239461549,
          "warmupRatio": 1.2954781541033422,
          "samples": 20
        },
        "hydrate": {
          "score": 1.6875,
          "median": 1.7000000029802322,
          "min": 1.5999999940395355,
          "mean": 1.705000002682209,
          "p95": 1.8999999910593033,
          "sd": 0.08870411908169792,
          "rme": 2.4348579740925547,
          "scoreRme": 5.579271784263562,
          "warmupRatio": 1.029629632278725,
          "samples": 20
        }
      },
      "meta": {
        "htmlBytes": 42364,
        "cards": 50
      }
    },
    {
      "name": "ripple",
      "ops": {
        "ssr_render": {
          "score": 0.024130000000006646,
          "median": 0.025624999999990905,
          "min": 0.021583000000021002,
          "mean": 0.03184784999999977,
          "p95": 0.09375,
          "sd": 0.016463974621724883,
          "rme": 24.194062565096157,
          "scoreRme": 13.918224928609884,
          "warmupRatio": 1.7863292581846044,
          "samples": 20
        },
        "hydrate": {
          "score": 1.1499999966472387,
          "median": 1.0999999940395355,
          "min": 1,
          "mean": 1.1249999970197677,
          "p95": 1.2000000029802322,
          "sd": 0.05501195928150775,
          "rme": 2.2885416571469337,
          "scoreRme": 3.886460990837774,
          "warmupRatio": 0.9673913045766955,
          "samples": 20
        }
      },
      "meta": {
        "htmlBytes": 42396,
        "cards": 50
      }
    },
    {
      "name": "solid",
      "ops": {
        "ssr_render": {
          "score": 0.06386449999997978,
          "median": 0.06945799999999736,
          "min": 0.05933399999997846,
          "mean": 0.07449999999999476,
          "p95": 0.12154199999997672,
          "sd": 0.016723377951398704,
          "rme": 10.505626650656172,
          "scoreRme": 4.9420931347692685,
          "warmupRatio": 1.384603339884144,
          "samples": 20
        },
        "hydrate": {
          "score": 1.7624999955296516,
          "median": 1.7999999970197678,
          "min": 1.6000000089406967,
          "mean": 1.7699999988079071,
          "p95": 1.9000000059604645,
          "sd": 0.08645047106297965,
          "rme": 2.2858531600473513,
          "scoreRme": 2.455323159669216,
          "warmupRatio": 1.0070922013472805,
          "samples": 20
        }
      },
      "meta": {
        "htmlBytes": 42820,
        "cards": 50
      }
    },
    {
      "name": "svelte",
      "ops": {
        "ssr_render": {
          "score": 0.015911374999987515,
          "median": 0.018458000000009633,
          "min": 0.014916000000027907,
          "mean": 0.020204049999989593,
          "p95": 0.040208000000006905,
          "sd": 0.006383013588512809,
          "rme": 14.78568892523025,
          "scoreRme": 6.522432164328805,
          "warmupRatio": 1.64615723028467,
          "samples": 20
        },
        "hydrate": {
          "score": 1.4874999970197678,
          "median": 1.5,
          "min": 1.2999999970197678,
          "mean": 1.4649999983608724,
          "p95": 1.7000000029802322,
          "sd": 0.09333020265871275,
          "rme": 2.9815274709455113,
          "scoreRme": 7.006397924296283,
          "warmupRatio": 0.9747899174185158,
          "samples": 20
        }
      },
      "meta": {
        "htmlBytes": 42656,
        "cards": 50
      }
    },
    {
      "name": "vue-vapor",
      "ops": {
        "ssr_render": {
          "score": 0.01982299999999526,
          "median": 0.024416999999971267,
          "min": 0.014625000000023647,
          "mean": 0.029143749999997227,
          "p95": 0.05699999999995953,
          "sd": 0.011880982056142624,
          "rme": 19.079242925521125,
          "scoreRme": 15.58957420692037,
          "warmupRatio": 2.053851586541146,
          "samples": 20
        },
        "hydrate": {
          "score": 1.6499999966472387,
          "median": 1.5999999940395355,
          "min": 1.5,
          "mean": 1.624999998509884,
          "p95": 1.7999999970197678,
          "sd": 0.08506963046138162,
          "rme": 2.4500526199844614,
          "scoreRme": 5.4174908210797295,
          "warmupRatio": 0.9848484868496739,
          "samples": 20
        }
      },
      "meta": {
        "htmlBytes": 42380,
        "cards": 50
      }
    }
  ],
  "harnessExit": 0
}
