{
  "suite": "news",
  "iterations": 20,
  "targets": [
    {
      "name": "octane-tsrx",
      "ops": {
        "ssr_render": {
          "score": 0.05804687499998096,
          "median": 0.06074999999998454,
          "min": 0.054791000000022905,
          "mean": 0.0659853999999939,
          "p95": 0.09354199999995672,
          "sd": 0.011243433116830685,
          "rme": 7.97453406498089,
          "scoreRme": 4.6960896711532,
          "warmupRatio": 1.3362024226114644,
          "samples": 20
        },
        "hydrate": {
          "score": 1.3500000014901161,
          "median": 1.300000011920929,
          "min": 1.2000000029802322,
          "mean": 1.3399999998509884,
          "p95": 1.4000000059604645,
          "sd": 0.05982430216895579,
          "rme": 2.089426380110558,
          "scoreRme": 3.310688608890422,
          "warmupRatio": 0.9907407371636444,
          "samples": 20
        }
      },
      "meta": {
        "htmlBytes": 43196,
        "cards": 50
      }
    },
    {
      "name": "octane-jsx",
      "ops": {
        "ssr_render": {
          "score": 0.05642187499999807,
          "median": 0.06208300000002964,
          "min": 0.05216599999999971,
          "mean": 0.06331044999999733,
          "p95": 0.08683400000001029,
          "sd": 0.009568650047639278,
          "rme": 7.073420904619182,
          "scoreRme": 5.598718699754386,
          "warmupRatio": 1.2764707837163356,
          "samples": 20
        },
        "hydrate": {
          "score": 1.549999998882413,
          "median": 1.5999999940395355,
          "min": 1.5,
          "mean": 1.5649999983608722,
          "p95": 1.7000000029802322,
          "sd": 0.06708203772329517,
          "rme": 2.006070241742664,
          "scoreRme": 2.8835030946175184,
          "warmupRatio": 1.0161290313083287,
          "samples": 20
        }
      },
      "meta": {
        "htmlBytes": 43196,
        "cards": 50
      }
    },
    {
      "name": "react",
      "ops": {
        "ssr_render": {
          "score": 0.08114075000000298,
          "median": 0.08404100000001336,
          "min": 0.07558299999999463,
          "mean": 0.09266045000000248,
          "p95": 0.14170799999999417,
          "sd": 0.019447869055163578,
          "rme": 9.82272187018629,
          "scoreRme": 3.153979098680673,
          "warmupRatio": 1.3626014055822293,
          "samples": 20
        },
        "hydrate": {
          "score": 2.5,
          "median": 2.5,
          "min": 2.3999999910593033,
          "mean": 2.495000000298023,
          "p95": 2.7000000029802322,
          "sd": 0.08870411819755442,
          "rme": 1.6639009260456947,
          "scoreRme": 2.5282911977936267,
          "warmupRatio": 0.9950000002980233,
          "samples": 20
        }
      },
      "meta": {
        "htmlBytes": 42364,
        "cards": 50
      }
    },
    {
      "name": "ripple",
      "ops": {
        "ssr_render": {
          "score": 0.026812374999998667,
          "median": 0.02924999999999045,
          "min": 0.022458999999969365,
          "mean": 0.029922950000005243,
          "p95": 0.04816600000003746,
          "sd": 0.006628687569365091,
          "rme": 10.367579480644395,
          "scoreRme": 13.653629161305386,
          "warmupRatio": 1.2226210844811338,
          "samples": 20
        },
        "hydrate": {
          "score": 1.1125000026077032,
          "median": 1.1000000089406967,
          "min": 1,
          "mean": 1.1250000022351743,
          "p95": 1.2000000029802322,
          "sd": 0.0638666381640399,
          "rme": 2.656903392856891,
          "scoreRme": 6.272265401128371,
          "warmupRatio": 1.0337078630803826,
          "samples": 20
        }
      },
      "meta": {
        "htmlBytes": 42396,
        "cards": 50
      }
    },
    {
      "name": "solid",
      "ops": {
        "ssr_render": {
          "score": 0.04598437499999619,
          "median": 0.04975000000001728,
          "min": 0.043624999999963165,
          "mean": 0.0561229499999996,
          "p95": 0.09441700000002129,
          "sd": 0.014991490647682456,
          "rme": 12.50139731011329,
          "scoreRme": 4.37608466126482,
          "warmupRatio": 1.4877091403330431,
          "samples": 20
        },
        "hydrate": {
          "score": 1.7749999985098839,
          "median": 1.7999999970197678,
          "min": 1.5999999940395355,
          "mean": 1.7649999991059304,
          "p95": 2,
          "sd": 0.09333019992767515,
          "rme": 2.4747521894876177,
          "scoreRme": 3.330985719747095,
          "warmupRatio": 0.9859154937854245,
          "samples": 20
        }
      },
      "meta": {
        "htmlBytes": 42820,
        "cards": 50
      }
    },
    {
      "name": "vue-vapor",
      "ops": {
        "ssr_render": {
          "score": 0.027020749999998372,
          "median": 0.03379200000000537,
          "min": 0.01770800000002737,
          "mean": 0.04507499999999709,
          "p95": 0.11229199999996808,
          "sd": 0.03175859618068448,
          "rme": 32.97461945500804,
          "scoreRme": 15.290637340473804,
          "warmupRatio": 2.6599974093981658,
          "samples": 20
        },
        "hydrate": {
          "score": 1.612500000745058,
          "median": 1.6000000089406967,
          "min": 1.5,
          "mean": 1.6449999995529652,
          "p95": 1.7999999970197678,
          "sd": 0.07591546511070689,
          "rme": 2.159825107769289,
          "scoreRme": 3.323198766148896,
          "warmupRatio": 1.0232558125565885,
          "samples": 20
        }
      },
      "meta": {
        "htmlBytes": 42380,
        "cards": 50
      }
    }
  ],
  "harnessExit": 0
}
