{
	"suite": "portal-swarm",
	"iterations": 20,
	"targets": [
		{
			"name": "octane-tsrx",
			"ops": {
				"mount_closed": {
					"score": 2.724999997764826,
					"median": 2.7000000029802322,
					"min": 2.5999999940395355,
					"mean": 2.7149999998509884,
					"p95": 2.8999999910593033,
					"sd": 0.07451598017415616,
					"rme": 1.2844991318836387,
					"scoreRme": 3.1761518139749456,
					"warmupRatio": 0.9954128449898899,
					"samples": 20
				},
				"open_all": {
					"score": 1.1374999973922968,
					"median": 1.199999988079071,
					"min": 1,
					"mean": 1.2799999989569186,
					"p95": 3.7000000029802322,
					"sd": 0.5745478778938792,
					"rme": 21.007312024530954,
					"scoreRme": 7.796703274006371,
					"warmupRatio": 1.2857142906267565,
					"samples": 20
				},
				"rerender_open_A": {
					"score": 0.025000000186264516,
					"median": 0.029999999701976775,
					"min": 0.010000000894069671,
					"mean": 0.027000000104308124,
					"p95": 0.04000000059604645,
					"sd": 0.008013146898071569,
					"rme": 13.889722496374675,
					"scoreRme": 30.965117701654915,
					"warmupRatio": 1.100000000745058,
					"samples": 20
				},
				"rerender_open_B": {
					"score": 0.21250000018626453,
					"median": 0.21000000089406967,
					"min": 0.2,
					"mean": 0.2129999999701977,
					"p95": 0.24000000059604645,
					"sd": 0.010809352684198227,
					"rme": 2.3750585166222336,
					"scoreRme": 2.7823528617399624,
					"warmupRatio": 1.0176470568796754,
					"samples": 20
				},
				"rerender_open_B_stable": {
					"score": 0.012499999813735483,
					"median": 0.010000000894069671,
					"min": 0.009999999403953552,
					"mean": 0.014000000059604648,
					"p95": 0.020000000298023225,
					"sd": 0.005026247099225484,
					"rme": 16.80235005590549,
					"scoreRme": 30.965121085374086,
					"warmupRatio": 1.1000000253319744,
					"samples": 20
				},
				"open_close_cycle": {
					"score": 1.5375,
					"median": 1.5,
					"min": 1.4,
					"mean": 1.547000000178814,
					"p95": 2.1599999994039534,
					"sd": 0.16736659999954573,
					"rme": 5.063288928547695,
					"scoreRme": 4.913943100598356,
					"warmupRatio": 0.9674796752813385,
					"samples": 20
				},
				"open_close_distinct": {
					"score": 1.6774999998509885,
					"median": 1.6799999982118607,
					"min": 1.6,
					"mean": 1.6949999995529652,
					"p95": 1.9599999994039536,
					"sd": 0.08750939814389848,
					"rme": 2.416235300880602,
					"scoreRme": 3.7086039627043146,
					"warmupRatio": 0.9985096866788263,
					"samples": 20
				},
				"dispatch_through_portal": {
					"score": 0.0013125000149011613,
					"median": 0.0014999999850988388,
					"min": 0.0009999999403953552,
					"mean": 0.0017000000067055223,
					"p95": 0.003500000014901161,
					"sd": 0.0007326951079830548,
					"rme": 20.17105433695951,
					"scoreRme": 16.485740330856558,
					"warmupRatio": 1,
					"samples": 20
				}
			},
			"meta": {
				"gates": "pass",
				"items": 200,
				"sections": 3,
				"portalsAtOpenAll": 600,
				"hitsPerDispatchSample": 200
			}
		},
		{
			"name": "react",
			"ops": {
				"mount_closed": {
					"score": 4.062499998137355,
					"median": 4,
					"min": 3.7999999970197678,
					"mean": 4.030000000447035,
					"p95": 4.200000002980232,
					"sd": 0.10310954829939623,
					"rme": 1.1974243037189929,
					"scoreRme": 2.6807762689533314,
					"warmupRatio": 0.9876923084202602,
					"samples": 20
				},
				"open_all": {
					"score": 1.324999999254942,
					"median": 1.3999999910593033,
					"min": 1.2999999970197678,
					"mean": 1.3799999982118607,
					"p95": 1.6000000089406967,
					"sd": 0.08335087658867416,
					"rme": 2.826736431882565,
					"scoreRme": 2.9212375787064855,
					"warmupRatio": 1.0754716978744918,
					"samples": 20
				},
				"rerender_open_A": {
					"score": 0.2700000001117587,
					"median": 0.2800000011920929,
					"min": 0.22999999970197677,
					"mean": 0.27650000013411047,
					"p95": 0.34000000059604646,
					"sd": 0.03133435997988297,
					"rme": 5.30371187717279,
					"scoreRme": 8.759259269618243,
					"warmupRatio": 1.0185185180969323,
					"samples": 20
				},
				"rerender_open_B": {
					"score": 0.24124999996274707,
					"median": 0.25,
					"min": 0.19000000059604644,
					"mean": 0.2455000001192093,
					"p95": 0.3,
					"sd": 0.02684752256562925,
					"rme": 5.118078584824117,
					"scoreRme": 7.51108520921848,
					"warmupRatio": 1.067357513581434,
					"samples": 20
				},
				"rerender_open_B_stable": {
					"score": 0.13124999981373547,
					"median": 0.1299999997019768,
					"min": 0.10999999940395355,
					"mean": 0.13199999988079075,
					"p95": 0.15,
					"sd": 0.008335087527137502,
					"rme": 2.955224403648071,
					"scoreRme": 6.3135579714223535,
					"warmupRatio": 1.0190476207776407,
					"samples": 20
				},
				"open_close_cycle": {
					"score": 1.9500000003725289,
					"median": 1.9399999976158142,
					"min": 1.7799999982118606,
					"mean": 1.9420000000298026,
					"p95": 2.2400000005960465,
					"sd": 0.11696153233565046,
					"rme": 2.818694800452255,
					"scoreRme": 5.443234823078753,
					"warmupRatio": 0.996153845810708,
					"samples": 20
				},
				"open_close_distinct": {
					"score": 2.3925000004470354,
					"median": 2.260000002384186,
					"min": 2,
					"mean": 2.321000000089407,
					"p95": 2.8599999994039536,
					"sd": 0.2118067638681666,
					"rme": 4.27089520088053,
					"scoreRme": 7.292174320026587,
					"warmupRatio": 0.9582027165198019,
					"samples": 20
				},
				"dispatch_through_portal": {
					"score": 0.0037500000186264514,
					"median": 0.003500000014901161,
					"min": 0.003499999940395355,
					"mean": 0.003750000007450581,
					"p95": 0.004500000029802323,
					"sd": 0.0003034884906255379,
					"rme": 3.7876094168207746,
					"scoreRme": 5.959239916978583,
					"warmupRatio": 0.9999999950329463,
					"samples": 20
				}
			},
			"meta": {
				"gates": "pass",
				"items": 200,
				"sections": 3,
				"portalsAtOpenAll": 600,
				"hitsPerDispatchSample": 200
			}
		},
		{
			"name": "solid",
			"ops": {
				"mount_closed": {
					"score": 4.437500001862645,
					"median": 4.4000000059604645,
					"min": 4.299999997019768,
					"mean": 4.435000000894069,
					"p95": 4.799999997019768,
					"sd": 0.13869694326392076,
					"rme": 1.463617171308564,
					"scoreRme": 2.837629147643221,
					"warmupRatio": 0.9915492954423942,
					"samples": 20
				},
				"open_all": {
					"score": 0.8875000011175871,
					"median": 0.9000000059604645,
					"min": 0.7999999970197678,
					"mean": 0.9799999989569187,
					"p95": 1.2000000029802322,
					"sd": 0.12396943451917392,
					"rme": 5.92028720147333,
					"scoreRme": 3.3309860672959317,
					"warmupRatio": 1.253521121824055,
					"samples": 20
				},
				"rerender_open_A": {
					"score": 0,
					"median": 0,
					"min": 0,
					"mean": 0.0044999999552965166,
					"p95": 0.020000000298023225,
					"sd": 0.006863327419531498,
					"rme": 71.37998276104972,
					"scoreRme": 0,
					"warmupRatio": 1,
					"samples": 20
				},
				"rerender_open_B": {
					"score": 0,
					"median": 0,
					"min": 0,
					"mean": 0.003999999985098838,
					"p95": 0.010000000894069671,
					"sd": 0.005026246880776139,
					"rme": 58.80822310921484,
					"scoreRme": 0,
					"warmupRatio": 1,
					"samples": 20
				},
				"rerender_open_B_stable": {
					"score": 0.0025000000372529026,
					"median": 0.009999999403953552,
					"min": 0,
					"mean": 0.005000000074505805,
					"p95": 0.010000000894069671,
					"sd": 0.005129891836867142,
					"rme": 48.016713099108834,
					"scoreRme": 154.82559312243717,
					"warmupRatio": 2,
					"samples": 20
				},
				"open_close_cycle": {
					"score": 1.1900000002235174,
					"median": 1.2,
					"min": 1.1599999994039536,
					"mean": 1.2169999998807908,
					"p95": 1.3200000017881393,
					"sd": 0.04953467705663988,
					"rme": 1.9049035372655687,
					"scoreRme": 1.6796553167644164,
					"warmupRatio": 1.0546218482909668,