{
	"suite": "portal-swarm",
	"iterations": 20,
	"targets": [
		{
			"name": "octane-tsrx",
			"ops": {
				"mount_closed": {
					"median": 2.4000000059604645,
					"min": 2.300000011920929,
					"p95": 2.5,
					"sd": 0.05361902605695633,
					"samples": 20
				},
				"open_all": {
					"median": 1.2000000029802322,
					"min": 1.0999999940395355,
					"p95": 1.300000011920929,
					"sd": 0.0766485476603375,
					"samples": 20
				},
				"rerender_open_A": {
					"median": 0.020000000298023225,
					"min": 0.009999999403953552,
					"p95": 0.030000001192092896,
					"sd": 0.006782330106160446,
					"samples": 20
				},
				"rerender_open_B": {
					"median": 0.17000000029802323,
					"min": 0.15,
					"p95": 0.2,
					"sd": 0.009733961275655718,
					"samples": 20
				},
				"rerender_open_B_stable": {
					"median": 0.010000000894069671,
					"min": 0.009999999403953552,
					"p95": 0.030000001192092896,
					"sd": 0.005916079997193907,
					"samples": 20
				},
				"open_close_cycle": {
					"median": 1.5199999988079071,
					"min": 1.4400000005960465,
					"p95": 1.6,
					"sd": 0.047528938309974886,
					"samples": 20
				},
				"open_close_distinct": {
					"median": 1.6599999994039536,
					"min": 1.5199999988079071,
					"p95": 1.9,
					"sd": 0.08449260348474649,
					"samples": 20
				},
				"dispatch_through_portal": {
					"median": 0.0010000000149011613,
					"min": 0.0004999999701976776,
					"p95": 0.0020000000298023225,
					"sd": 0.0004023369360781963,
					"samples": 20
				}
			},
			"meta": {
				"gates": "pass",
				"items": 200,
				"sections": 3,
				"portalsAtOpenAll": 600,
				"hitsPerDispatchSample": 200
			}
		},
		{
			"name": "react",
			"ops": {
				"mount_closed": {
					"median": 18.099999994039536,
					"min": 17.700000002980232,
					"p95": 18.700000002980232,
					"sd": 0.2070627920306732,
					"samples": 20
				},
				"open_all": {
					"median": 6.5999999940395355,
					"min": 6.299999997019768,
					"p95": 7,
					"sd": 0.15297058525192456,
					"samples": 20
				},
				"rerender_open_A": {
					"median": 1.7,
					"min": 1.6400000005960464,
					"p95": 1.8599999994039536,
					"sd": 0.05042568784390823,
					"samples": 20
				},
				"rerender_open_B": {
					"median": 1.4,
					"min": 1.3599999994039536,
					"p95": 1.4200000002980233,
					"sd": 0.023764469139311583,
					"samples": 20
				},
				"rerender_open_B_stable": {
					"median": 0.7700000002980232,
					"min": 0.7199999988079071,
					"p95": 0.7900000005960465,
					"sd": 0.017109938923151543,
					"samples": 20
				},
				"open_close_cycle": {
					"median": 9.4,
					"min": 8.540000000596047,
					"p95": 20.459999999403955,
					"sd": 2.4781493093250275,
					"samples": 20
				},
				"open_close_distinct": {
					"median": 10.019999998807908,
					"min": 9.140000000596046,
					"p95": 21.380000001192094,
					"sd": 2.5308518331069907,
					"samples": 20
				},
				"dispatch_through_portal": {
					"median": 0.003999999985098839,
					"min": 0.003500000014901161,
					"p95": 0.004500000029802323,
					"sd": 0.00027838822028256407,
					"samples": 20
				}
			},
			"meta": {
				"gates": "pass",
				"items": 200,
				"sections": 3,
				"portalsAtOpenAll": 600,
				"hitsPerDispatchSample": 200
			}
		},
		{
			"name": "solid",
			"ops": {
				"mount_closed": {
					"median": 4.600000008940697,
					"min": 4.300000011920929,
					"p95": 5.299999997019768,
					"sd": 0.22781571407562579,
					"samples": 20
				},
				"open_all": {
					"median": 1,
					"min": 0.8999999910593033,
					"p95": 1.0999999940395355,
					"sd": 0.05894912987969621,
					"samples": 20
				},
				"rerender_open_A": {
					"median": 0,
					"min": 0,
					"p95": 0.010000000894069671,
					"sd": 0.004000000357627868,
					"samples": 20
				},
				"rerender_open_B": {
					"median": 0,
					"min": 0,
					"p95": 0.020000000298023225,
					"sd": 0.00556776453946765,
					"samples": 20
				},
				"rerender_open_B_stable": {
					"median": 0,
					"min": 0,
					"p95": 0.010000000894069671,
					"sd": 0.004582575763241558,
					"samples": 20
				},
				"open_close_cycle": {
					"median": 1.1200000017881393,
					"min": 1.1,
					"p95": 1.2799999982118606,
					"sd": 0.04958830509510659,
					"samples": 20
				},
				"open_close_distinct": {
					"median": 1.2,
					"min": 1.1599999994039536,
					"p95": 1.3400000005960464,
					"sd": 0.04998999931994092,
					"samples": 20
				},
				"dispatch_through_portal": {
					"median": 0.0005000000447034835,
					"min": 0.0004999999701976776,
					"p95": 0.0015000000596046448,
					"sd": 0.0002915476041977209,
					"samples": 20
				}
			},
			"meta": {
				"gates": "pass",
				"items": 200,
				"sections": 3,
				"portalsAtOpenAll": 600,
				"hitsPerDispatchSample": 200
			}
		}
	],
	"harnessExit": 0
}
