{
  "suite": "portal-swarm",
  "iterations": 20,
  "targets": [
    {
      "name": "octane-tsrx",
      "ops": {
        "mount_closed": {
          "median": 2.900000035762787,
          "min": 2.699999988079071,
          "p95": 3.100000023841858,
          "sd": 0.09433981169965294,
          "samples": 20
        },
        "open_all": {
          "median": 1.300000011920929,
          "min": 1.199999988079071,
          "p95": 3.899999976158142,
          "sd": 0.5734980338989158,
          "samples": 20
        },
        "rerender_open_A": {
          "median": 0.03999999761581421,
          "min": 0.02999999523162842,
          "p95": 0.05,
          "sd": 0.0053619028141273384,
          "samples": 20
        },
        "rerender_open_B": {
          "median": 0.25,
          "min": 0.2399999976158142,
          "p95": 0.2900000035762787,
          "sd": 0.01373863249918969,
          "samples": 20
        },
        "rerender_open_B_stable": {
          "median": 0.020000004768371583,
          "min": 0.009999996423721314,
          "p95": 0.030000001192092896,
          "sd": 0.005722761503430648,
          "samples": 20
        },
        "open_close_cycle": {
          "median": 1.5199999928474426,
          "min": 1.4199999928474427,
          "p95": 1.7,
          "sd": 0.0807217453782226,
          "samples": 20
        },
        "open_close_distinct": {
          "median": 1.6599999904632567,
          "min": 1.5799999952316284,
          "p95": 1.8399999976158141,
          "sd": 0.07224956770374905,
          "samples": 20
        },
        "dispatch_through_portal": {
          "median": 0.0025,
          "min": 0.0015000000596046448,
          "p95": 0.0035000002384185792,
          "sd": 0.0005356071360356726,
          "samples": 20
        }
      },
      "meta": {
        "gates": "pass",
        "items": 200,
        "sections": 3,
        "portalsAtOpenAll": 600,
        "hitsPerDispatchSample": 200
      }
    },
    {
      "name": "react",
      "ops": {
        "mount_closed": {
          "median": 17.900000035762787,
          "min": 17.599999964237213,
          "p95": 18.600000023841858,
          "sd": 0.25573423672458784,
          "samples": 20
        },
        "open_all": {
          "median": 6.5,
          "min": 6.299999952316284,
          "p95": 7.300000011920929,
          "sd": 0.27798381603768724,
          "samples": 20
        },
        "rerender_open_A": {
          "median": 1.719999998807907,
          "min": 1.6600000023841859,
          "p95": 1.8,
          "sd": 0.03448187919714727,
          "samples": 20
        },
        "rerender_open_B": {
          "median": 1.3600000023841858,
          "min": 1.3100000023841858,
          "p95": 1.4300000011920928,
          "sd": 0.029030156741175785,
          "samples": 20
        },
        "rerender_open_B_stable": {
          "median": 0.7800000011920929,
          "min": 0.7399999976158143,
          "p95": 0.7899999976158142,
          "sd": 0.013143439840774125,
          "samples": 20
        },
        "open_close_cycle": {
          "median": 8.680000007152557,
          "min": 8.479999995231628,
          "p95": 19.2,
          "sd": 2.2963266317529145,
          "samples": 20
        },
        "open_close_distinct": {
          "median": 9.180000007152557,
          "min": 8.920000004768372,
          "p95": 19.739999997615815,
          "sd": 2.3116972113357965,
          "samples": 20
        },
        "dispatch_through_portal": {
          "median": 0.005,
          "min": 0.0044999998807907105,
          "p95": 0.006000000238418579,
          "sd": 0.00039999999478460967,
          "samples": 20
        }
      },
      "meta": {
        "gates": "pass",
        "items": 200,
        "sections": 3,
        "portalsAtOpenAll": 600,
        "hitsPerDispatchSample": 200
      }
    },
    {
      "name": "solid",
      "ops": {
        "mount_closed": {
          "median": 4.200000047683716,
          "min": 4.199999988079071,
          "p95": 5.200000047683716,
          "sd": 0.223383087201795,
          "samples": 20
        },
        "open_all": {
          "median": 1.100000023841858,
          "min": 1,
          "p95": 1.199999988079071,
          "sd": 0.06689543603438655,
          "samples": 20
        },
        "rerender_open_A": {
          "median": 0,
          "min": 0,
          "p95": 0.010000002384185792,
          "sd": 0.0047696951135831655,
          "samples": 20
        },
        "rerender_open_B": {
          "median": 0,
          "min": 0,
          "p95": 0.019999998807907104,
          "sd": 0.005830951853957064,
          "samples": 20
        },
        "rerender_open_B_stable": {
          "median": 0.009999996423721314,
          "min": 0,
          "p95": 0.010000002384185792,
          "sd": 0.005000000298023598,
          "samples": 20
        },
        "open_close_cycle": {
          "median": 1.2600000023841857,
          "min": 1.1799999952316285,
          "p95": 1.4,
          "sd": 0.06414826572271184,
          "samples": 20
        },
        "open_close_distinct": {
          "median": 1.2799999952316283,
          "min": 1.2200000047683717,
          "p95": 1.4399999976158142,
          "sd": 0.05595533819862872,
          "samples": 20
        },
        "dispatch_through_portal": {
          "median": 0.0009999999403953552,
          "min": 0.0005000001192092896,
          "p95": 0.002000000178813934,
          "sd": 0.0003391165184903747,
          "samples": 20
        }
      },
      "meta": {
        "gates": "pass",
        "items": 200,
        "sections": 3,
        "portalsAtOpenAll": 600,
        "hitsPerDispatchSample": 200
      }
    },
    {
      "name": "vue-vapor",
      "ops": {
        "mount_closed": {
          "median": 5.100000023841858,
          "min": 4.899999976158142,
          "p95": 5.199999988079071,
          "sd": 0.09733961206767981,
          "samples": 20
        },
        "open_all": {
          "median": 2.199999988079071,
          "min": 1.899999976158142,
          "p95": 2.5,
          "sd": 0.15644488567241932,
          "samples": 20
        },
        "rerender_open_A": {
          "median": 0.009999996423721314,
          "min": 0,
          "p95": 0.019999998807907104,
          "sd": 0.00583095195617831,
          "samples": 20
        },
        "rerender_open_B": {
          "median": 0,
          "min": 0,
          "p95": 0.010000002384185792,
          "sd": 0.0049749373832196995,
          "samples": 20
        },
        "rerender_open_B_stable": {
          "median": 0,
          "min": 0,
          "p95": 0.010000002384185792,
          "sd": 0.003570714356159026,
          "samples": 20
        },
        "open_close_cycle": {
          "median": 2.439999997615814,
          "min": 2.3400000095367433,
          "p95": 2.6399999976158144,
          "sd": 0.06554387689037837,
          "samples": 20
        },
        "open_close_distinct": {
          "median": 2.5,
          "min": 2.3600000023841856,
          "p95": 2.759999990463257,
          "sd": 0.08897190292072318,
          "samples": 20
        },
        "dispatch_through_portal": {
          "median": 0.0025,
          "min": 0.0014999997615814209,
          "p95": 0.003499999940395355,
          "sd": 0.0003960744892606602,
          "samples": 20
        }
      },
      "meta": {
        "gates": "pass",
        "items": 200,
        "sections": 3,
        "portalsAtOpenAll": 600,
        "hitsPerDispatchSample": 200
      }
    }
  ],
  "harnessExit": 0
}
