{
  "suite": "portal-swarm",
  "iterations": 20,
  "targets": [
    {
      "name": "octane-tsrx",
      "ops": {
        "mount_closed": {
          "median": 2.8999999999068677,
          "min": 2.7000000001862645,
          "p95": 3,
          "sd": 0.07483314774294603,
          "samples": 20
        },
        "open_all": {
          "median": 1.3000000002793968,
          "min": 1.1999999997206032,
          "p95": 1.400000000372529,
          "sd": 0.06244998001604714,
          "samples": 20
        },
        "rerender_open_A": {
          "median": 0.03999999999068678,
          "min": 0.029999999981373548,
          "p95": 0.05,
          "sd": 0.005361902650204309,
          "samples": 20
        },
        "rerender_open_B": {
          "median": 0.2600000000093132,
          "min": 0.22999999998137355,
          "p95": 0.28999999999068676,
          "sd": 0.013076696826420035,
          "samples": 20
        },
        "rerender_open_B_stable": {
          "median": 0.02000000001862645,
          "min": 0.009999999962747096,
          "p95": 0.030000000027939677,
          "sd": 0.006224949804791801,
          "samples": 20
        },
        "open_close_cycle": {
          "median": 1.5200000000186265,
          "min": 1.3799999999813735,
          "p95": 1.7600000000558793,
          "sd": 0.07909487974533941,
          "samples": 20
        },
        "open_close_distinct": {
          "median": 1.659999999962747,
          "min": 1.5200000000186265,
          "p95": 1.8,
          "sd": 0.06916646586133109,
          "samples": 20
        },
        "dispatch_through_portal": {
          "median": 0.0025,
          "min": 0.0014999999990686775,
          "p95": 0.0035000000009313224,
          "sd": 0.0004023369235711346,
          "samples": 20
        }
      },
      "meta": {
        "gates": "pass",
        "items": 200,
        "sections": 3,
        "portalsAtOpenAll": 600,
        "hitsPerDispatchSample": 200
      }
    },
    {
      "name": "react",
      "ops": {
        "mount_closed": {
          "median": 17.600000000093132,
          "min": 17.100000000093132,
          "p95": 18.399999999906868,
          "sd": 0.25391927845770085,
          "samples": 20
        },
        "open_all": {
          "median": 6.5,
          "min": 6.2999999998137355,
          "p95": 6.7999999998137355,
          "sd": 0.13564659968241619,
          "samples": 20
        },
        "rerender_open_A": {
          "median": 1.6600000000093131,
          "min": 1.6299999999813735,
          "p95": 1.7399999999906868,
          "sd": 0.03338787205251501,
          "samples": 20
        },
        "rerender_open_B": {
          "median": 1.3699999999720602,
          "min": 1.3100000000093133,
          "p95": 1.4100000000093131,
          "sd": 0.02833284313746012,
          "samples": 20
        },
        "rerender_open_B_stable": {
          "median": 0.7800000000279397,
          "min": 0.75,
          "p95": 0.8100000000093133,
          "sd": 0.014585952144473972,
          "samples": 20
        },
        "open_close_cycle": {
          "median": 8.7,
          "min": 8.420000000018627,
          "p95": 19.020000000018626,
          "sd": 2.2642314369387275,
          "samples": 20
        },
        "open_close_distinct": {
          "median": 9.1,
          "min": 8.879999999981374,
          "p95": 19.43999999994412,
          "sd": 2.257577462669092,
          "samples": 20
        },
        "dispatch_through_portal": {
          "median": 0.005499999998137355,
          "min": 0.004499999999534338,
          "p95": 0.006000000000931323,
          "sd": 0.0004322904113741192,
          "samples": 20
        }
      },
      "meta": {
        "gates": "pass",
        "items": 200,
        "sections": 3,
        "portalsAtOpenAll": 600,
        "hitsPerDispatchSample": 200
      }
    },
    {
      "name": "solid",
      "ops": {
        "mount_closed": {
          "median": 4.2999999998137355,
          "min": 4.099999999627471,
          "p95": 4.400000000372529,
          "sd": 0.06403124242305362,
          "samples": 20
        },
        "open_all": {
          "median": 1.1000000000931323,
          "min": 1,
          "p95": 1.2000000001862645,
          "sd": 0.05894913059656427,
          "samples": 20
        },
        "rerender_open_A": {
          "median": 0,
          "min": 0,
          "p95": 0.010000000009313226,
          "sd": 0.00476969600518096,
          "samples": 20
        },
        "rerender_open_B": {
          "median": 0,
          "min": 0,
          "p95": 0.010000000009313226,
          "sd": 0.00476969600518096,
          "samples": 20
        },
        "rerender_open_B_stable": {
          "median": 0.009999999962747096,
          "min": 0,
          "p95": 0.019999999972060322,
          "sd": 0.005722761563847181,
          "samples": 20
        },
        "open_close_cycle": {
          "median": 1.2400000000372529,
          "min": 1.2,
          "p95": 1.4,
          "sd": 0.06079473661085117,
          "samples": 20
        },
        "open_close_distinct": {
          "median": 1.2799999999813736,
          "min": 1.2400000000372529,
          "p95": 1.4400000000372528,
          "sd": 0.0546260011388096,
          "samples": 20
        },
        "dispatch_through_portal": {
          "median": 0.0014999999990686775,
          "min": 0.0005000000004656613,
          "p95": 0.001500000001396984,
          "sd": 0.00029580398923369206,
          "samples": 20
        }
      },
      "meta": {
        "gates": "pass",
        "items": 200,
        "sections": 3,
        "portalsAtOpenAll": 600,
        "hitsPerDispatchSample": 200
      }
    },
    {
      "name": "ripple",
      "ops": {
        "mount_closed": {
          "median": 2.5,
          "min": 2.3000000002793968,
          "p95": 2.7000000001862645,
          "sd": 0.10295630137006846,
          "samples": 20
        },
        "open_all": {
          "median": 2.6000000000931323,
          "min": 2.5,
          "p95": 2.900000000372529,
          "sd": 0.11947803144685952,
          "samples": 20
        },
        "rerender_open_A": {
          "median": 0.03999999999068678,
          "min": 0.029999999981373548,
          "p95": 0.05,
          "sd": 0.007399324290138926,
          "samples": 20
        },
        "rerender_open_B": {
          "median": 0.03999999999068678,
          "min": 0.029999999981373548,
          "p95": 0.05,
          "sd": 0.006999999998203879,
          "samples": 20
        },
        "rerender_open_B_stable": {
          "median": 0.0400000000372529,
          "min": 0.029999999981373548,
          "p95": 0.05,
          "sd": 0.006403124241214503,
          "samples": 20
        },
        "open_close_cycle": {
          "median": 2.2799999999813734,
          "min": 2.1599999999627473,
          "p95": 2.4600000000558793,
          "sd": 0.06476881967459024,
          "samples": 20
        },
        "open_close_distinct": {
          "median": 2.3799999999813735,
          "min": 2.2799999999813734,
          "p95": 2.5200000000186265,
          "sd": 0.05095095681025819,
          "samples": 20
        },
        "dispatch_through_portal": {
          "median": 0.0019999999995343387,
          "min": 0.0014999999990686775,
          "p95": 0.0025,
          "sd": 0.00035000000032596294,
          "samples": 20
        }
      },
      "meta": {
        "gates": "pass",
        "items": 200,
        "sections": 3,
        "portalsAtOpenAll": 600,
        "hitsPerDispatchSample": 200
      }
    },
    {
      "name": "vue-vapor",
      "ops": {
        "mount_closed": {
          "median": 5.100000000093132,
          "min": 5,
          "p95": 5.2000000001862645,
          "sd": 0.06689544082183332,
          "samples": 20
        },
        "open_all": {
          "median": 2.2000000001862645,
          "min": 2,
          "p95": 2.400000000372529,