{
  "suite": "recursive-context",
  "iterations": 20,
  "targets": [
    {
      "name": "octane-tsrx",
      "ops": {
        "mount": {
          "score": 4.400000000372529,
          "median": 4.200000002980232,
          "min": 3.9000000059604645,
          "mean": 4.230000000447035,
          "p95": 4.600000008940697,
          "sd": 0.21299864052980125,
          "rme": 2.3566261617791855,
          "scoreRme": 3.212176887314223,
          "warmupRatio": 0.9261363638119487,
          "samples": 20
        },
        "update_root": {
          "score": 0.5749999973922968,
          "median": 0.5999999940395355,
          "min": 0.5,
          "mean": 0.5700000002980232,
          "p95": 0.7000000029802322,
          "sd": 0.06569466915396173,
          "rme": 5.393982143707531,
          "scoreRme": 10.282608676618297,
          "warmupRatio": 1.021739138955768,
          "samples": 20
        },
        "update_partial": {
          "score": 0.01250000111758709,
          "median": 0,
          "min": 0,
          "mean": 0.030000001192092896,
          "p95": 0.10000000894069672,
          "sd": 0.047016236466420204,
          "rme": 73.34674079988116,
          "scoreRme": 236.49999999999997,
          "warmupRatio": 3.9999998509884014,
          "samples": 20
        },
        "partial_unmount": {
          "score": 0.02500000223517418,
          "median": 0,
          "min": 0,
          "mean": 0.0449999988079071,
          "p95": 0.10000000894069672,
          "sd": 0.05104177720125885,
          "rme": 53.08447367196231,
          "scoreRme": 154.8255931224366,
          "warmupRatio": 1.9999997019768028,
          "samples": 20
        },
        "partial_remount": {
          "score": 0.02499999850988388,
          "median": 0.09999999403953552,
          "min": 0,
          "mean": 0.07499999925494194,
          "p95": 0.20000000298023224,
          "sd": 0.07863975111692158,
          "rme": 49.07215176491413,
          "scoreRme": 154.82559312243657,
          "warmupRatio": 1,
          "samples": 20
        },
        "unmount": {
          "score": 0.3625000026077032,
          "median": 0.4000000059604645,
          "min": 0.09999999403953552,
          "mean": 0.38000000044703486,
          "p95": 0.5,
          "sd": 0.1105012523630576,
          "rme": 13.60936410952666,
          "scoreRme": 27.396663927362813,
          "warmupRatio": 0.9999999897233371,
          "samples": 20
        }
      }
    },
    {
      "name": "octane-jsx",
      "ops": {
        "mount": {
          "score": 7.312499998137355,
          "median": 7.299999997019768,
          "min": 7,
          "mean": 7.30499999821186,
          "p95": 7.899999991059303,
          "sd": 0.2187885288353213,
          "rme": 1.4017112481199625,
          "scoreRme": 2.0670539222657833,
          "warmupRatio": 1,
          "samples": 20
        },
        "update_root": {
          "score": 1.425000000745058,
          "median": 1.3999999910593033,
          "min": 1.2000000029802322,
          "mean": 1.4000000007450581,
          "p95": 1.7000000029802322,
          "sd": 0.13764944009443314,
          "rme": 4.601512899034414,
          "scoreRme": 7.520923766563836,
          "warmupRatio": 0.9999999986928806,
          "samples": 20
        },
        "update_partial": {
          "score": 0.0625,
          "median": 0.10000000894069672,
          "min": 0,
          "mean": 0.11000000089406967,
          "p95": 0.20000000298023224,
          "sd": 0.07880689284389228,
          "rme": 33.52939726856319,
          "scoreRme": 99.53893069463776,
          "warmupRatio": 2.200000047683716,
          "samples": 20
        },
        "partial_unmount": {
          "score": 0.04999999888241291,
          "median": 0.09999999403953552,
          "min": 0,
          "mean": 0.07999999970197677,
          "p95": 0.20000000298023224,
          "sd": 0.06958523685285446,
          "rme": 40.70814895306455,
          "scoreRme": 126.41456506992216,
          "warmupRatio": 1.7500000838190335,
          "samples": 20
        },
        "partial_remount": {
          "score": 0.11250000260770321,
          "median": 0.19999998807907104,
          "min": 0.09999999403953552,
          "mean": 0.15499999970197678,
          "p95": 0.29999999701976776,
          "sd": 0.060480526203235296,
          "rme": 18.26156923678847,
          "scoreRme": 26.277772805468498,
          "warmupRatio": 1.5555555261211638,
          "samples": 20
        },
        "unmount": {
          "score": 2.5624999962747097,
          "median": 2.5999999940395355,
          "min": 2.0999999940395355,
          "mean": 2.639999996870756,
          "p95": 3.3999999910593033,
          "sd": 0.34089665000298597,
          "rme": 6.043284465910056,
          "scoreRme": 10.009988437652648,
          "warmupRatio": 0.9317073174100203,
          "samples": 20
        }
      }
    },
    {
      "name": "solid",
      "ops": {
        "mount": {
          "score": 4.537499999627471,
          "median": 4.5999999940395355,
          "min": 4.300000011920929,
          "mean": 4.589999998360872,
          "p95": 5,
          "sd": 0.18324559089105627,
          "rme": 1.8684224586526792,
          "scoreRme": 2.7750917959116017,
          "warmupRatio": 0.994490357633669,
          "samples": 20
        },
        "update_root": {
          "score": 0.5374999977648258,
          "median": 0.5,
          "min": 0.5,
          "mean": 0.5249999992549419,
          "p95": 0.6000000089406967,
          "sd": 0.04442616450792911,
          "rme": 3.9603516352171764,
          "scoreRme": 8.051175155418457,
          "warmupRatio": 0.9534883746719154,
          "samples": 20
        },
        "update_partial": {
          "score": 0.06250000186264515,
          "median": 0.09999999403953552,
          "min": 0,
          "mean": 0.075,
          "p95": 0.20000000298023224,
          "sd": 0.0550119607071461,
          "rme": 34.32812565588102,
          "scoreRme": 69.24011017569892,
          "warmupRatio": 1,
          "samples": 20
        },
        "partial_unmount": {
          "score": 0.03750000149011612,
          "median": 0.09999999403953552,
          "min": 0,
          "mean": 0.06000000089406967,
          "p95": 0.20000000298023224,
          "sd": 0.05982430505306372,
          "rme": 46.663857371581905,
          "scoreRme": 115.4001836261645,
          "warmupRatio": 1.333333300219643,
          "samples": 20
        },
        "partial_remount": {
          "score": 0.11250000074505806,
          "median": 0.10000000894069672,
          "min": 0,
          "mean": 0.13000000044703483,
          "p95": 0.20000000298023224,
          "sd": 0.05712405735979228,
          "rme": 20.56505726982425,
          "scoreRme": 47.63251782348439,
          "warmupRatio": 1,
          "samples": 20
        },
        "unmount": {
          "score": 0.48750000074505806,
          "median": 0.5,
          "min": 0.09999999403953552,
          "mean": 0.5100000001490116,
          "p95": 0.6000000089406967,
          "sd": 0.12096106491995332,
          "rme": 11.100170659819446,
          "scoreRme": 29.61936641038631,
          "warmupRatio": 1.0256410278943242,
          "samples": 20
        }
      }
    },
    {
      "name": "react",
      "ops": {
        "mount": {
          "score": 5.399999996647239,
          "median": 5.399999991059303,
          "min": 5.200000002980232,
          "mean": 5.389999998360873,
          "p95": 5.700000002980232,
          "sd": 0.14104870200407507,
          "rme": 1.2247136530990337,
          "scoreRme": 2.1898147788821083,
          "warmupRatio": 0.9930555563100993,
          "samples": 20
        },
        "update_root": {
          "score": 0.6750000026077032,
          "median": 0.7000000029802322,
          "min": 0.5999999940395355,
          "mean": 0.7100000008940697,
          "p95": 0.7999999970197678,
          "sd": 0.07181848276768787,