{
  "suite": "recursive-context",
  "iterations": 20,
  "targets": [
    {
      "name": "octane-tsrx",
      "ops": {
        "mount": {
          "median": 4.400000035762787,
          "min": 4.300000011920929,
          "p95": 4.600000023841858,
          "sd": 0.06633249634625615,
          "samples": 20
        },
        "update_root": {
          "median": 0.5,
          "min": 0.3999999761581421,
          "p95": 0.5999999642372131,
          "sd": 0.05999999443690243,
          "samples": 20
        },
        "update_partial": {
          "median": 0.09999996423721313,
          "min": 0,
          "p95": 0.19999998807907104,
          "sd": 0.05999999642372574,
          "samples": 20
        },
        "partial_unmount": {
          "median": 0.10000002384185791,
          "min": 0,
          "p95": 0.19999998807907104,
          "sd": 0.04358898888844419,
          "samples": 20
        },
        "partial_remount": {
          "median": 0.10000002384185791,
          "min": 0,
          "p95": 0.20000004768371582,
          "sd": 0.04769696207030032,
          "samples": 20
        },
        "unmount": {
          "median": 0.5,
          "min": 0.2999999523162842,
          "p95": 0.5,
          "sd": 0.0668954502905777,
          "samples": 20
        }
      }
    },
    {
      "name": "octane-jsx",
      "ops": {
        "mount": {
          "median": 6.900000035762787,
          "min": 6.699999988079071,
          "p95": 7.099999964237213,
          "sd": 0.10908710945350891,
          "samples": 20
        },
        "update_root": {
          "median": 1.2000000476837158,
          "min": 1.100000023841858,
          "p95": 1.4000000357627869,
          "sd": 0.06538347991410111,
          "samples": 20
        },
        "update_partial": {
          "median": 0.10000002384185791,
          "min": 0.09999996423721313,
          "p95": 0.20000004768371582,
          "sd": 0.04000000953675427,
          "samples": 20
        },
        "partial_unmount": {
          "median": 0.09999996423721313,
          "min": 0,
          "p95": 0.20000004768371582,
          "sd": 0.053851650949111256,
          "samples": 20
        },
        "partial_remount": {
          "median": 0.19999998807907104,
          "min": 0.09999996423721313,
          "p95": 0.20000004768371582,
          "sd": 0.05000000000000604,
          "samples": 20
        },
        "unmount": {
          "median": 2.300000011920929,
          "min": 2.199999988079071,
          "p95": 2.400000035762787,
          "sd": 0.05722762102313798,
          "samples": 20
        }
      }
    },
    {
      "name": "solid",
      "ops": {
        "mount": {
          "median": 4.399999976158142,
          "min": 4.199999988079071,
          "p95": 4.5,
          "sd": 0.08000000268221284,
          "samples": 20
        },
        "update_root": {
          "median": 0.5,
          "min": 0.5,
          "p95": 0.699999988079071,
          "sd": 0.0589491257088286,
          "samples": 20
        },
        "update_partial": {
          "median": 0.09999996423721313,
          "min": 0,
          "p95": 0.10000002384185791,
          "sd": 0.049749372933624136,
          "samples": 20
        },
        "partial_unmount": {
          "median": 0.10000002384185791,
          "min": 0,
          "p95": 0.19999998807907104,
          "sd": 0.055677646732843325,
          "samples": 20
        },
        "partial_remount": {
          "median": 0.19999998807907104,
          "min": 0,
          "p95": 0.30000001192092896,
          "sd": 0.0670820397692647,
          "samples": 20
        },
        "unmount": {
          "median": 0.5,
          "min": 0.3999999761581421,
          "p95": 0.5,
          "sd": 0.04898978828562348,
          "samples": 20
        }
      }
    },
    {
      "name": "react",
      "ops": {
        "mount": {
          "median": 32.19999998807907,
          "min": 31.899999976158142,
          "p95": 32.40000003576279,
          "sd": 0.15033296235638857,
          "samples": 20
        },
        "update_root": {
          "median": 4.5,
          "min": 4.199999988079071,
          "p95": 4.699999988079071,
          "sd": 0.10535654058353762,
          "samples": 20
        },
        "update_partial": {
          "median": 1.300000011920929,
          "min": 1.199999988079071,
          "p95": 1.5,
          "sd": 0.08645807743417977,
          "samples": 20
        },
        "partial_unmount": {
          "median": 0.19999998807907104,
          "min": 0.09999996423721313,
          "p95": 0.30000001192092896,
          "sd": 0.0583095175173629,
          "samples": 20
        },
        "partial_remount": {
          "median": 1.300000011920929,
          "min": 1.0999999642372131,
          "p95": 1.4000000357627869,
          "sd": 0.07399324849298544,
          "samples": 20
        },
        "unmount": {
          "median": 1.199999988079071,
          "min": 1.0999999642372131,
          "p95": 1.300000011920929,
          "sd": 0.053619032309895,
          "samples": 20
        }
      }
    },
    {
      "name": "ripple",
      "ops": {
        "mount": {
          "median": 6.599999964237213,
          "min": 6.299999952316284,
          "p95": 6.800000011920929,
          "sd": 0.1160818782656124,
          "samples": 20
        },
        "update_root": {
          "median": 0.699999988079071,
          "min": 0.5,
          "p95": 0.800000011920929,
          "sd": 0.07141428545391798,
          "samples": 20
        },
        "update_partial": {
          "median": 0.30000001192092896,
          "min": 0.19999998807907104,
          "p95": 0.3999999761581421,
          "sd": 0.06224949248425309,
          "samples": 20
        },
        "partial_unmount": {
          "median": 0.20000004768371582,
          "min": 0.19999998807907104,
          "p95": 0.30000001192092896,
          "sd": 0.0497493663440855,
          "samples": 20
        },
        "partial_remount": {
          "median": 0.5,
          "min": 0.2999999523162842,
          "p95": 0.5,
          "sd": 0.06689544628102505,
          "samples": 20
        },
        "unmount": {
          "median": 0.30000001192092896,
          "min": 0.19999998807907104,
          "p95": 0.40000003576278687,
          "sd": 0.050990207292944255,
          "samples": 20
        }
      }
    },
    {
      "name": "vue-vapor",
      "ops": {
        "mount": {
          "median": 16.400000035762787,
          "min": 16.099999964237213,
          "p95": 16.900000035762787,
          "sd": 0.17748240642260385,
          "samples": 20
        },
        "update_root": {
          "median": 0.7999999523162842,
          "min": 0.699999988079071,
          "p95": 0.800000011920929,
          "sd": 0.05000000000000533,
          "samples": 20
        },
        "update_partial": {
          "median": 0.09999996423721313,
          "min": 0,
          "p95": 0.19999998807907104,
          "sd": 0.058309513428516084,
          "samples": 20
        },
        "partial_unmount": {
          "median": 0.09999996423721313,
          "min": 0,
          "p95": 0.19999998807907104,
          "sd": 0.05361902258311015,
          "samples": 20
        },
        "partial_remount": {
          "median": 0.30000001192092896,
          "min": 0.19999998807907104,
          "p95": 0.40000003576278687,
          "sd": 0.05099019560351034,
          "samples": 20
        },
        "unmount": {
          "median": 2,
          "min": 1.5,
          "p95": 2.200000047683716,
          "sd": 0.2088061377142104,
          "samples": 20
        }
      }
    }
  ],
  "harnessExit": 0
}
