{
  "suite": "recursive-context",
  "iterations": 20,
  "targets": [
    {
      "name": "octane-tsrx",
      "ops": {
        "mount": {
          "score": 4.025000000372529,
          "median": 4,
          "min": 3.8999999910593033,
          "mean": 4.055000000447035,
          "p95": 4.4000000059604645,
          "sd": 0.12343760452291508,
          "rme": 1.424658773535651,
          "scoreRme": 1.4689440585919795,
          "warmupRatio": 1.0093167700929193,
          "samples": 20
        },
        "update_root": {
          "score": 0.42499999701976776,
          "median": 0.5,
          "min": 0.3999999910593033,
          "mean": 0.4600000001490116,
          "p95": 0.6000000089406967,
          "sd": 0.06805570736533659,
          "rme": 6.924062048377552,
          "scoreRme": 9.10738825649057,
          "warmupRatio": 1.176470605250461,
          "samples": 20
        },
        "update_partial": {
          "score": 0.03749999962747097,
          "median": 0.09999999403953552,
          "min": 0,
          "mean": 0.054999999701976776,
          "p95": 0.10000000894069672,
          "sd": 0.051041778276829146,
          "rme": 43.43275118615107,
          "scoreRme": 115.4001836261645,
          "warmupRatio": 1.3333333167764874,
          "samples": 20
        },
        "partial_unmount": {
          "score": 0.08749999850988388,
          "median": 0.09999999403953552,
          "min": 0,
          "mean": 0.08999999910593033,
          "p95": 0.20000000298023224,
          "sd": 0.04472135969029103,
          "rme": 23.255555859533672,
          "scoreRme": 61.24180928518176,
          "warmupRatio": 1.0000000212873734,
          "samples": 20
        },
        "partial_remount": {
          "score": 0.08750000409781933,
          "median": 0.10000000894069672,
          "min": 0,
          "mean": 0.10000000149011612,
          "p95": 0.20000000298023224,
          "sd": 0.045883147457825034,
          "rme": 21.473726909142517,
          "scoreRme": 33.78571428571489,
          "warmupRatio": 0.9999999787126279,
          "samples": 20
        },
        "unmount": {
          "score": 0.47499999962747097,
          "median": 0.5,
          "min": 0.3999999910593033,
          "mean": 0.47000000029802325,
          "p95": 0.5999999940395355,
          "sd": 0.05712405557498686,
          "rme": 5.68820716818027,
          "scoreRme": 12.447368086351469,
          "warmupRatio": 0.9473684241484407,
          "samples": 20
        }
      },
      "meta": {
        "gates": "pass"
      }
    },
    {
      "name": "octane-jsx",
      "ops": {
        "mount": {
          "score": 7.037500001490116,
          "median": 7,
          "min": 6.800000011920929,
          "mean": 7.050000001490116,
          "p95": 7.300000011920929,
          "sd": 0.1395481430972738,
          "rme": 0.9263800106836094,
          "scoreRme": 1.8986361500956142,
          "warmupRatio": 1.003552397920744,
          "samples": 20
        },
        "update_root": {
          "score": 1.199999999254942,
          "median": 1.2000000029802322,
          "min": 1.1000000089406967,
          "mean": 1.2550000004470347,
          "p95": 1.5,
          "sd": 0.09445132386481965,
          "rme": 3.5222368311018797,
          "scoreRme": 3.7245246914252963,
          "warmupRatio": 1.104166668283546,
          "samples": 20
        },
        "update_partial": {
          "score": 0.11250000260770321,
          "median": 0.10000000894069672,
          "min": 0,
          "mean": 0.12000000029802323,
          "p95": 0.20000000298023224,
          "sd": 0.06958523662744132,
          "rme": 27.138765712297236,
          "scoreRme": 62.02573434103833,
          "warmupRatio": 1.111111068799173,
          "samples": 20
        },
        "partial_unmount": {
          "score": 0.06249999813735485,
          "median": 0.09999999403953552,
          "min": 0,
          "mean": 0.09499999955296516,
          "p95": 0.20000000298023224,
          "sd": 0.0510417791219201,
          "rme": 25.145277400907105,
          "scoreRme": 69.24011017569876,
          "warmupRatio": 1.6000000119209292,
          "samples": 20
        },
        "partial_remount": {
          "score": 0.14999999850988388,
          "median": 0.19999998807907104,
          "min": 0,
          "mean": 0.16499999836087226,
          "p95": 0.29999999701976776,
          "sd": 0.07451598164763924,
          "rme": 21.135849978650732,
          "scoreRme": 29.796202248880565,
          "warmupRatio": 1.0833333291941218,
          "samples": 20
        },
        "unmount": {
          "score": 2.362500002607703,
          "median": 2.2999999970197678,
          "min": 2.1000000089406967,
          "mean": 2.2950000017881393,
          "p95": 2.7000000029802322,
          "sd": 0.12343760519004186,
          "rme": 2.5172075616753617,
          "scoreRme": 5.655725793341502,
          "warmupRatio": 0.9523809529065665,
          "samples": 20
        }
      },
      "meta": {
        "gates": "pass"
      }
    },
    {
      "name": "solid",
      "ops": {
        "mount": {
          "score": 4.437500001862645,
          "median": 4.4000000059604645,
          "min": 4.300000011920929,
          "mean": 4.4600000031292435,
          "p95": 5.200000002980232,
          "sd": 0.18750438536150144,
          "rme": 1.9675727582782416,
          "scoreRme": 1.7262460628717546,
          "warmupRatio": 0.9915492962818963,
          "samples": 20
        },
        "update_root": {
          "score": 0.5499999988824129,
          "median": 0.5,
          "min": 0.4000000059604645,
          "mean": 0.5450000002980232,
          "p95": 0.7000000029802322,
          "sd": 0.06863327368110057,
          "rme": 5.893759938560959,
          "scoreRme": 8.126236004575208,
          "warmupRatio": 0.9772727319678246,
          "samples": 20
        },
        "update_partial": {
          "score": 0.06249999813735485,
          "median": 0.09999999403953552,
          "min": 0,
          "mean": 0.07499999850988388,
          "p95": 0.20000000298023224,
          "sd": 0.06386663724305237,
          "rme": 39.85355118914688,
          "scoreRme": 69.24011017569876,
          "warmupRatio": 1.4000000476837173,
          "samples": 20
        },
        "partial_unmount": {
          "score": 0.06250000186264515,
          "median": 0.09999999403953552,
          "min": 0,
          "mean": 0.07500000223517418,
          "p95": 0.20000000298023224,
          "sd": 0.06386663877803155,
          "rme": 39.85355016744509,
          "scoreRme": 99.53892916354553,
          "warmupRatio": 1.3999999940395358,
          "samples": 20
        },
        "partial_remount": {
          "score": 0.17500000074505806,
          "median": 0.20000000298023224,
          "min": 0.09999999403953552,
          "mean": 0.18499999940395356,
          "p95": 0.29999999701976776,
          "sd": 0.048936047339054614,
          "rme": 12.379736220522316,
          "scoreRme": 33.78571428571438,
          "warmupRatio": 1.071428556223305,
          "samples": 20
        },
        "unmount": {
          "score": 0.4874999988824129,
          "median": 0.5,
          "min": 0.3999999910593033,
          "mean": 0.48999999910593034,
          "p95": 0.6000000089406967,
          "sd": 0.07181848451491867,
          "rme": 6.859530442729812,
          "scoreRme": 10.992119239647522,
          "warmupRatio": 1.025641024171483,
          "samples": 20
        }
      },
      "meta": {
        "gates": "pass"
      }
    },
    {
      "name": "react",
      "ops": {
        "mount": {
          "score": 5.112499998882413,
          "median": 5.200000002980232,
          "min": 4.9000000059604645,
          "mean": 5.15,
          "p95": 5.300000011920929,
          "sd": 0.11470786693528102,
          "rme": 1.042413927628267,
          "scoreRme": 1.6208400552844657,
          "warmupRatio": 1.0048899756240575,