{
	"suite": "recursive-context",
	"iterations": 20,
	"targets": [
		{
			"name": "octane-tsrx",
			"ops": {
				"mount": {
					"median": 4.0999999940395355,
					"min": 3.7999999970197678,
					"p95": 4.5,
					"sd": 0.1964688294405843,
					"samples": 20
				},
				"update_root": {
					"median": 0.5,
					"min": 0.3999999910593033,
					"p95": 0.7000000029802322,
					"sd": 0.07664854693130377,
					"samples": 20
				},
				"update_partial": {
					"median": 0,
					"min": 0,
					"p95": 0.10000000894069672,
					"sd": 0.04898979649817465,
					"samples": 20
				},
				"partial_unmount": {
					"median": 0,
					"min": 0,
					"p95": 0.10000000894069672,
					"sd": 0.045825755356225524,
					"samples": 20
				},
				"partial_remount": {
					"median": 0.09999999403953552,
					"min": 0,
					"p95": 0.20000000298023224,
					"sd": 0.053851648458736,
					"samples": 20
				},
				"unmount": {
					"median": 0.5,
					"min": 0.3999999910593033,
					"p95": 0.5,
					"sd": 0.04582575763241558,
					"samples": 20
				}
			}
		},
		{
			"name": "octane-jsx",
			"ops": {
				"mount": {
					"median": 7.0999999940395355,
					"min": 6.600000008940697,
					"p95": 7.700000002980232,
					"sd": 0.28442925253742196,
					"samples": 20
				},
				"update_root": {
					"median": 0.7999999970197678,
					"min": 0.699999988079071,
					"p95": 0.9000000059604645,
					"sd": 0.07262919700637015,
					"samples": 20
				},
				"update_partial": {
					"median": 0.09999999403953552,
					"min": 0,
					"p95": 0.20000000298023224,
					"sd": 0.06633249769411319,
					"samples": 20
				},
				"partial_unmount": {
					"median": 0,
					"min": 0,
					"p95": 0.10000000894069672,
					"sd": 0.04974937053742289,
					"samples": 20
				},
				"partial_remount": {
					"median": 0.19999998807907104,
					"min": 0.09999999403953552,
					"p95": 0.3999999910593033,
					"sd": 0.07348469114793257,
					"samples": 20
				},
				"unmount": {
					"median": 0.5,
					"min": 0.3999999910593033,
					"p95": 0.6000000089406967,
					"sd": 0.0739932405382572,
					"samples": 20
				}
			}
		},
		{
			"name": "solid",
			"ops": {
				"mount": {
					"median": 4.300000011920929,
					"min": 4.199999988079071,
					"p95": 4.5999999940395355,
					"sd": 0.11521718484712005,
					"samples": 20
				},
				"update_root": {
					"median": 0.5,
					"min": 0.4000000059604645,
					"p95": 0.6000000089406967,
					"sd": 0.05099019560350531,
					"samples": 20
				},
				"update_partial": {
					"median": 0,
					"min": 0,
					"p95": 0.10000000894069672,
					"sd": 0.04974937465588627,
					"samples": 20
				},
				"partial_unmount": {
					"median": 0,
					"min": 0,
					"p95": 0.20000000298023224,
					"sd": 0.05361902675172621,
					"samples": 20
				},
				"partial_remount": {
					"median": 0.10000000894069672,
					"min": 0,
					"p95": 0.20000000298023224,
					"sd": 0.0668954407678856,
					"samples": 20
				},
				"unmount": {
					"median": 0.4000000059604645,
					"min": 0.29999999701976776,
					"p95": 0.5,
					"sd": 0.053851647766967096,
					"samples": 20
				}
			}
		},
		{
			"name": "react",
			"ops": {
				"mount": {
					"median": 33,
					"min": 32.400000005960464,
					"p95": 35,
					"sd": 0.6877499530019852,
					"samples": 20
				},
				"update_root": {
					"median": 4.5999999940395355,
					"min": 4.399999991059303,
					"p95": 5.0999999940395355,
					"sd": 0.1479019947034283,
					"samples": 20
				},
				"update_partial": {
					"median": 1,
					"min": 0.8999999910593033,
					"p95": 1.2000000029802322,
					"sd": 0.0916515134763959,
					"samples": 20
				},
				"partial_unmount": {
					"median": 0.20000000298023224,
					"min": 0,
					"p95": 0.29999999701976776,
					"sd": 0.07416198647837448,
					"samples": 20
				},
				"partial_remount": {
					"median": 1.0999999940395355,
					"min": 0.9000000059604645,
					"p95": 1.2000000029802322,
					"sd": 0.07262919510856936,
					"samples": 20
				},
				"unmount": {
					"median": 1.1000000089406967,
					"min": 0.9000000059604645,
					"p95": 1.2000000029802322,
					"sd": 0.0852936086506184,
					"samples": 20
				}
			}
		},
		{
			"name": "ripple",
			"ops": {
				"mount": {
					"median": 6.799999997019768,
					"min": 6.5999999940395355,
					"p95": 7.100000008940697,
					"sd": 0.11947803331179606,
					"samples": 20
				},
				"update_root": {
					"median": 0.6000000089406967,
					"min": 0.5,
					"p95": 0.7999999970197678,
					"sd": 0.07664854887539303,
					"samples": 20
				},
				"update_partial": {
					"median": 0.20000000298023224,
					"min": 0.09999999403953552,
					"p95": 0.30000001192092896,
					"sd": 0.05894913310264119,
					"samples": 20
				},
				"partial_unmount": {
					"median": 0.20000000298023224,
					"min": 0.09999999403953552,
					"p95": 0.29999999701976776,
					"sd": 0.06224949727180993,
					"samples": 20
				},
				"partial_remount": {
					"median": 0.29999999701976776,
					"min": 0.20000000298023224,
					"p95": 0.4000000059604645,
					"sd": 0.04358898991400537,
					"samples": 20
				},
				"unmount": {
					"median": 0.29999999701976776,
					"min": 0.09999999403953552,
					"p95": 0.4000000059604645,
					"sd": 0.0836660039001283,
					"samples": 20
				}
			}
		}
	],
	"harnessExit": 0
}
