{
	"suite": "signal-favoring",
	"iterations": 20,
	"targets": [
		{
			"name": "octane-tsrx",
			"ops": {
				"mount": {
					"score": 1.3374999985098839,
					"median": 1.3999999910593033,
					"min": 1.2000000029802322,
					"mean": 1.374999998509884,
					"p95": 1.5999999940395355,
					"sd": 0.0966545658032675,
					"rme": 3.2898334118165034,
					"scoreRme": 5.7272648203105705,
					"warmupRatio": 1.07476635633759,
					"samples": 20
				},
				"bump_shallow": {
					"score": 0.0032499999925494193,
					"median": 0.004000000059604645,
					"min": 0.0019999998807907105,
					"mean": 0.0045000000149011616,
					"p95": 0.01600000023841858,
					"sd": 0.0030348849320972586,
					"rme": 31.56341203379327,
					"scoreRme": 38.28420291290974,
					"warmupRatio": 1.8461538549711014,
					"samples": 20
				},
				"bump_middle": {
					"score": 0.0022500000521540643,
					"median": 0.002000000178813934,
					"min": 0,
					"mean": 0.002900000005960465,
					"p95": 0.005999999940395355,
					"sd": 0.0016511558839441827,
					"rme": 26.646753731801194,
					"scoreRme": 62.025734341038316,
					"warmupRatio": 1.6666666280340272,
					"samples": 20
				},
				"bump_deep": {
					"score": 0.0012499999627470968,
					"median": 0.0019999998807907105,
					"min": 0,
					"mean": 0.0018000000268220899,
					"p95": 0.004000000059604645,
					"sd": 0.001281446570129422,
					"rme": 33.318253021511616,
					"scoreRme": 69.24011017569877,
					"warmupRatio": 2.0000001192092935,
					"samples": 20
				},
				"bump_sweep": {
					"score": 0.026000000238418575,
					"median": 0.02400000035762787,
					"min": 0.02399999976158142,
					"mean": 0.02600000005960465,
					"p95": 0.03200000047683716,
					"sd": 0.0027529887790982725,
					"rme": 4.95547537998274,
					"scoreRme": 9.724197549929716,
					"warmupRatio": 0.9423076819474178,
					"samples": 20
				},
				"bump_sweep_batched": {
					"score": 0.010499999970197679,
					"median": 0.01199999988079071,
					"min": 0.007999999523162842,
					"mean": 0.012600000023841859,
					"p95": 0.04,
					"sd": 0.007257663827334779,
					"rme": 26.957557021506144,
					"scoreRme": 16.48573958218847,
					"warmupRatio": 1,
					"samples": 20
				},
				"bump_sweep_reverse": {
					"score": 0.012500000149011613,
					"median": 0.01199999988079071,
					"min": 0.00800000011920929,
					"mean": 0.013400000005960467,
					"p95": 0.04399999976158142,
					"sd": 0.007707822302170708,
					"rme": 26.92037626602292,
					"scoreRme": 17.147704548067086,
					"warmupRatio": 0.9599999790191653,
					"samples": 20
				},
				"unmount": {
					"score": 0.07500000111758709,
					"median": 0.20000000298023224,
					"min": 0,
					"mean": 0.1600000001490116,
					"p95": 0.30000001192092896,
					"sd": 0.12311740268338624,
					"rme": 36.012534917496154,
					"scoreRme": 98.82281321991614,
					"warmupRatio": 1.333333308498065,
					"samples": 20
				}
			}
		},
		{
			"name": "octane-jsx",
			"ops": {
				"mount": {
					"score": 1.8000000044703484,
					"median": 1.7999999970197678,
					"min": 1.6000000089406967,
					"mean": 1.7900000013411046,
					"p95": 1.9000000059604645,
					"sd": 0.06407232556877243,
					"rme": 1.6752193725618492,
					"scoreRme": 2.4830166382410526,
					"warmupRatio": 0.9999999968955914,
					"samples": 20
				},
				"bump_shallow": {
					"score": 0.012499999999999999,
					"median": 0.01399999976158142,
					"min": 0.01,
					"mean": 0.013799999982118605,
					"p95": 0.03199999988079071,
					"sd": 0.004629425314125489,
					"rme": 15.700093064043527,
					"scoreRme": 9.460000241654285,
					"warmupRatio": 1.3,
					"samples": 20
				},
				"bump_middle": {
					"score": 0.006500000096857549,
					"median": 0.00800000011920929,
					"min": 0.004000000059604645,
					"mean": 0.008499999999999997,
					"p95": 0.02199999988079071,
					"sd": 0.0038319981977436336,
					"rme": 21.09893824280631,
					"scoreRme": 18.19230769230775,
					"warmupRatio": 1.7307691992475436,
					"samples": 20
				},
				"bump_deep": {
					"score": 0.0017500000447034834,
					"median": 0.002000000178813934,
					"min": 0,
					"mean": 0.0027000000327825555,
					"p95": 0.00800000011920929,
					"sd": 0.0017501879711231453,
					"rme": 30.337176322074477,
					"scoreRme": 61.24180747137006,
					"warmupRatio": 2.1428570881181854,
					"samples": 20
				},
				"bump_sweep": {
					"score": 0.06400000005960464,
					"median": 0.07199999988079071,
					"min": 0.06,
					"mean": 0.07040000003576281,
					"p95": 0.08,
					"sd": 0.00614217518557755,
					"rme": 4.083229311147518,
					"scoreRme": 3.9504552872052554,
					"warmupRatio": 1.1718749989086064,
					"samples": 20
				},
				"bump_sweep_batched": {
					"score": 0.02399999998509884,
					"median": 0.02399999976158142,
					"min": 0.01600000023841858,
					"mean": 0.025,
					"p95": 0.06,
					"sd": 0.00897950881149008,
					"rme": 16.8099647520224,
					"scoreRme": 12.902132640042604,
					"warmupRatio": 1.0208333321045049,
					"samples": 20
				},
				"bump_sweep_reverse": {
					"score": 0.024000000059604645,
					"median": 0.02399999976158142,
					"min": 0.02,
					"mean": 0.025600000083446504,
					"p95": 0.07200000047683716,
					"sd": 0.011343442435545414,
					"rme": 20.737630654766697,
					"scoreRme": 12.902132599989116,
					"warmupRatio": 0.9791666679601703,
					"samples": 20
				},
				"unmount": {
					"score": 0.11250000074505806,
					"median": 0.20000000298023224,
					"min": 0,
					"mean": 0.15500000044703482,
					"p95": 0.30000001192092896,
					"sd": 0.11459310225241182,
					"rme": 34.60039110357233,
					"scoreRme": 83.68907866870286,
					"warmupRatio": 1.5555555518762565,
					"samples": 20
				}
			}
		},
		{
			"name": "solid",
			"ops": {
				"mount": {
					"score": 1.762499999254942,
					"median": 1.7999999970197678,
					"min": 1.699999988079071,
					"mean": 1.7899999998509883,
					"p95": 1.9000000059604645,
					"sd": 0.06407232899608767,
					"rme": 1.6752194635661615,
					"scoreRme": 2.4553231056966722,
					"warmupRatio": 1.0141843984373007,
					"samples": 20
				},
				"bump_shallow": {
					"score": 0.000999999977648258,
					"median": 0.0019999998807907105,
					"min": 0,
					"mean": 0.0015999999791383745,
					"p95": 0.004000000059604645,
					"sd": 0.001391704732548824,
					"rme": 40.70814920031942,
					"scoreRme": 89.38859786668263,
					"warmupRatio": 2.0000000000000004,
					"samples": 20
				},
				"bump_middle": {
					"score": 0.001249999962747097,
					"median": 0.0019999998807907105,
					"min": 0,
					"mean": 0.0017999999821186065,
					"p95": 0.004000000059604645,
					"sd": 0.0014363696859302974,
					"rme": 37.34633259970488,
					"scoreRme": 99.53893222573001,
					"warmupRatio": 1.5999999821186062,
					"samples": 20
				},
				"bump_deep": {
					"score": 0.0014999999850988386,
					"median": 0.002000000178813934,
					"min": 0,
					"mean": 0.002200000002980232,
					"p95": 0.004000000059604645,
					"sd": 0.0012814465505447655,
					"rme": 27.260388788438267,
					"scoreRme": 78.83333109579424,
					"warmupRatio": 1.500000024835269,
					"samples": 20
				},
				"bump_sweep": {
					"score": 0.014500000104308127,
					"median": 0.01600000023841858,
					"min": 0.01199999988079071,
					"mean": 0.01540000006556511,
					"p95": 0.02400000035762787,
					"sd": 0.0035003759243220074,
					"rme": 10.637711207268,
					"scoreRme": 11.937950063008218,
					"warmupRatio": 0.9310344719504066,
					"samples": 20
				},
				"bump_sweep_batched": {
					"score": 0.010500000044703485,
					"median": 0.01199999988079071,
					"min": 0.007999999523162842,
					"mean": 0.012599999934434891,
					"p95": 0.02799999952316284,
					"sd": 0.005072111480283641,
					"rme": 18.839634718878102,
					"scoreRme": 23.699744960822425,
					"warmupRatio": 0.9999999929042089,
					"samples": 20
				},
				"bump_sweep_reverse": {
					"score": 0.008999999910593033,
					"median": 0.01199999988079071,
					"min": 0.004000000357627868,