{
	"suite": "signal-favoring",
	"iterations": 20,
	"targets": [
		{
			"name": "octane-tsrx",
			"ops": {
				"mount": {
					"median": 1.5,
					"min": 1.3999999910593033,
					"p95": 1.5999999940395355,
					"sd": 0.05894912975330611,
					"samples": 20
				},
				"bump_shallow": {
					"median": 0.004000000059604645,
					"min": 0.0019999998807907105,
					"p95": 0.01199999988079071,
					"sd": 0.002190890208256129,
					"samples": 20
				},
				"bump_middle": {
					"median": 0.0019999998807907105,
					"min": 0,
					"p95": 0.007999999821186066,
					"sd": 0.0018193405166052393,
					"samples": 20
				},
				"bump_deep": {
					"median": 0,
					"min": 0,
					"p95": 0.003999999761581421,
					"sd": 0.0011661903401250365,
					"samples": 20
				},
				"bump_sweep": {
					"median": 0.01600000023841858,
					"min": 0.01199999988079071,
					"p95": 0.02,
					"sd": 0.0027129319457936964,
					"samples": 20
				},
				"bump_sweep_batched": {
					"median": 0.00800000011920929,
					"min": 0.003999999761581421,
					"p95": 0.02399999976158142,
					"sd": 0.004079215572299104,
					"samples": 20
				},
				"bump_sweep_reverse": {
					"median": 0.00800000011920929,
					"min": 0.004000000357627868,
					"p95": 0.02400000035762787,
					"sd": 0.004054626990364771,
					"samples": 20
				},
				"unmount": {
					"median": 0.09999999403953552,
					"min": 0,
					"p95": 0.20000000298023224,
					"sd": 0.06782330062219316,
					"samples": 20
				}
			}
		},
		{
			"name": "octane-jsx",
			"ops": {
				"mount": {
					"median": 2.1000000089406967,
					"min": 2,
					"p95": 2.2999999970197678,
					"sd": 0.10234744681168069,
					"samples": 20
				},
				"bump_shallow": {
					"median": 0.01,
					"min": 0.007999999821186066,
					"p95": 0.027999999821186065,
					"sd": 0.0044676615385790645,
					"samples": 20
				},
				"bump_middle": {
					"median": 0.005999999940395355,
					"min": 0.0019999998807907105,
					"p95": 0.01399999976158142,
					"sd": 0.0026438608129422934,
					"samples": 20
				},
				"bump_deep": {
					"median": 0.0019999998807907105,
					"min": 0,
					"p95": 0.004000000059604645,
					"sd": 0.0012806248223531341,
					"samples": 20
				},
				"bump_sweep": {
					"median": 0.05600000023841858,
					"min": 0.04800000011920929,
					"p95": 0.06400000035762787,
					"sd": 0.00497594216904544,
					"samples": 20
				},
				"bump_sweep_batched": {
					"median": 0.02,
					"min": 0.01199999988079071,
					"p95": 0.04800000011920929,
					"sd": 0.007208328531590741,
					"samples": 20
				},
				"bump_sweep_reverse": {
					"median": 0.02,
					"min": 0.012000000476837159,
					"p95": 0.04400000035762787,
					"sd": 0.0059966658002613546,
					"samples": 20
				},
				"unmount": {
					"median": 0.09999999403953552,
					"min": 0,
					"p95": 0.20000000298023224,
					"sd": 0.06324555296775985,
					"samples": 20
				}
			}
		},
		{
			"name": "solid",
			"ops": {
				"mount": {
					"median": 1.7999999970197678,
					"min": 1.699999988079071,
					"p95": 2.1000000089406967,
					"sd": 0.09949874714021911,
					"samples": 20
				},
				"bump_shallow": {
					"median": 0.0019999998807907105,
					"min": 0,
					"p95": 0.003999999761581421,
					"sd": 0.001144552309799437,
					"samples": 20
				},
				"bump_middle": {
					"median": 0.0019999998807907105,
					"min": 0,
					"p95": 0.004000000059604645,
					"sd": 0.0013564660124438632,
					"samples": 20
				},
				"bump_deep": {
					"median": 0.0019999998807907105,
					"min": 0,
					"p95": 0.004000000059604645,
					"sd": 0.001280624845624837,
					"samples": 20
				},
				"bump_sweep": {
					"median": 0.00800000011920929,
					"min": 0.004000000357627868,
					"p95": 0.012000000476837159,
					"sd": 0.0024000000059604823,
					"samples": 20
				},
				"bump_sweep_batched": {
					"median": 0.007999999523162842,
					"min": 0,
					"p95": 0.00800000011920929,
					"sd": 0.002675817563889523,
					"samples": 20
				},
				"bump_sweep_reverse": {
					"median": 0.004000000357627868,
					"min": 0.003999999761581421,
					"p95": 0.01199999988079071,
					"sd": 0.0023664319485024424,
					"samples": 20
				},
				"unmount": {
					"median": 0,
					"min": 0,
					"p95": 0.20000000298023224,
					"sd": 0.07348469297294445,
					"samples": 20
				}
			}
		},
		{
			"name": "react",
			"ops": {
				"mount": {
					"median": 6.600000008940697,
					"min": 6.4000000059604645,
					"p95": 6.799999997019768,
					"sd": 0.09937303239745865,
					"samples": 20
				},
				"bump_shallow": {
					"median": 0.22400000005960463,
					"min": 0.22199999988079072,
					"p95": 0.24400000005960465,
					"sd": 0.0069935684768600926,
					"samples": 20
				},
				"bump_middle": {
					"median": 0.17400000005960464,
					"min": 0.1719999998807907,
					"p95": 0.19799999982118607,
					"sd": 0.007022107909252622,
					"samples": 20
				},
				"bump_deep": {
					"median": 0.13,
					"min": 0.12599999994039535,
					"p95": 0.23200000017881395,
					"sd": 0.042981275024943456,
					"samples": 20
				},
				"bump_sweep": {
					"median": 1.7480000001192093,
					"min": 1.735999999642372,
					"p95": 2.9680000001192095,
					"sd": 0.27591440702500936,
					"samples": 20
				},
				"bump_sweep_batched": {
					"median": 0.24,
					"min": 0.2280000001192093,
					"p95": 0.27200000047683714,
					"sd": 0.011620671280973036,
					"samples": 20
				},
				"bump_sweep_reverse": {
					"median": 0.23600000023841858,
					"min": 0.22799999952316286,
					"p95": 0.2640000003576279,
					"sd": 0.009572878387147727,
					"samples": 20
				},
				"unmount": {
					"median": 0.20000000298023224,
					"min": 0.09999999403953552,
					"p95": 0.29999999701976776,
					"sd": 0.06999999944652846,
					"samples": 20
				}
			}
		},
		{
			"name": "ripple",
			"ops": {
				"mount": {
					"median": 2.2999999970197678,
					"min": 2.199999988079071,
					"p95": 2.4000000059604645,
					"sd": 0.059999999900659094,
					"samples": 20
				},
				"bump_shallow": {
					"median": 0.002000000178813934,
					"min": 0,
					"p95": 0.004000000059604645,
					"sd": 0.001609347699868956,
					"samples": 20
				},
				"bump_middle": {
					"median": 0.002000000178813934,
					"min": 0,
					"p95": 0.005999999940395355,
					"sd": 0.0015329709677874156,
					"samples": 20
				},
				"bump_deep": {
					"median": 0.0019999998807907105,
					"min": 0,
					"p95": 0.004000000059604645,
					"sd": 0.0009539391476818806,
					"samples": 20
				},
				"bump_sweep": {
					"median": 0.02,
					"min": 0.015999999642372132,
					"p95": 0.03199999988079071,
					"sd": 0.004358898977726286,
					"samples": 20
				},
				"bump_sweep_batched": {
					"median": 0.003999999761581421,
					"min": 0,
					"p95": 0.00800000011920929,
					"sd": 0.00203960787089795,
					"samples": 20
				},
				"bump_sweep_reverse": {
					"median": 0.004000000357627868,
					"min": 0,
					"p95": 0.01199999988079071,
					"sd": 0.0033226494906330147,
					"samples": 20
				},
				"unmount": {
					"median": 0,
					"min": 0,
					"p95": 0.20000000298023224,
					"sd": 0.05830951905067426,
					"samples": 20
				}
			}
		}
	],
	"harnessExit": 0
}
