{
  "suite": "signal-favoring",
  "iterations": 20,
  "targets": [
    {
      "name": "octane-tsrx",
      "ops": {
        "mount": {
          "median": 1.5,
          "min": 1.399999976158142,
          "p95": 1.600000023841858,
          "sd": 0.05385164596836929,
          "samples": 20
        },
        "bump_shallow": {
          "median": 0.004000000953674317,
          "min": 0.0020000004768371583,
          "p95": 0.01600000023841858,
          "sd": 0.002958039931849946,
          "samples": 20
        },
        "bump_middle": {
          "median": 0.003999999761581421,
          "min": 0.0019999992847442626,
          "p95": 0.006000000238418579,
          "sd": 0.0014525837421407437,
          "samples": 20
        },
        "bump_deep": {
          "median": 0.0019999992847442626,
          "min": 0,
          "p95": 0.003999999761581421,
          "sd": 0.0010198038653124928,
          "samples": 20
        },
        "bump_sweep": {
          "median": 0.024000000953674317,
          "min": 0.02,
          "p95": 0.03200000047683716,
          "sd": 0.0026153392968417404,
          "samples": 20
        },
        "bump_sweep_batched": {
          "median": 0.012000000476837159,
          "min": 0.004000000953674317,
          "p95": 0.03200000047683716,
          "sd": 0.005695612427567791,
          "samples": 20
        },
        "bump_sweep_reverse": {
          "median": 0.012000000476837159,
          "min": 0.007999999523162842,
          "p95": 0.035999999046325684,
          "sd": 0.00572712825046591,
          "samples": 20
        },
        "unmount": {
          "median": 0.19999998807907104,
          "min": 0,
          "p95": 0.30000001192092896,
          "sd": 0.08645807674477445,
          "samples": 20
        }
      }
    },
    {
      "name": "octane-jsx",
      "ops": {
        "mount": {
          "median": 2,
          "min": 1.899999976158142,
          "p95": 2.100000023841858,
          "sd": 0.08529360991722806,
          "samples": 20
        },
        "bump_shallow": {
          "median": 0.01600000023841858,
          "min": 0.011999999284744262,
          "p95": 0.03399999976158142,
          "sd": 0.004493328336794079,
          "samples": 20
        },
        "bump_middle": {
          "median": 0.01,
          "min": 0.006000000238418579,
          "p95": 0.02200000047683716,
          "sd": 0.003498571200965765,
          "samples": 20
        },
        "bump_deep": {
          "median": 0.003999999761581421,
          "min": 0.0019999992847442626,
          "p95": 0.007999999523162842,
          "sd": 0.0014696936607354022,
          "samples": 20
        },
        "bump_sweep": {
          "median": 0.08399999856948853,
          "min": 0.07200000047683716,
          "p95": 0.09199999809265137,
          "sd": 0.0049436831531274586,
          "samples": 20
        },
        "bump_sweep_batched": {
          "median": 0.023999998569488524,
          "min": 0.02,
          "p95": 0.06399999856948853,
          "sd": 0.009539391701756281,
          "samples": 20
        },
        "bump_sweep_reverse": {
          "median": 0.02799999952316284,
          "min": 0.02,
          "p95": 0.06399999856948853,
          "sd": 0.008854377189975823,
          "samples": 20
        },
        "unmount": {
          "median": 0.19999998807907104,
          "min": 0,
          "p95": 0.30000001192092896,
          "sd": 0.12409673818901891,
          "samples": 20
        }
      }
    },
    {
      "name": "solid",
      "ops": {
        "mount": {
          "median": 1.800000011920929,
          "min": 1.5999999642372131,
          "p95": 1.899999976158142,
          "sd": 0.07399324889575613,
          "samples": 20
        },
        "bump_shallow": {
          "median": 0.0019999992847442626,
          "min": 0,
          "p95": 0.004000000953674317,
          "sd": 0.001337908823154158,
          "samples": 20
        },
        "bump_middle": {
          "median": 0.0020000004768371583,
          "min": 0,
          "p95": 0.004000000953674317,
          "sd": 0.0011135528811303762,
          "samples": 20
        },
        "bump_deep": {
          "median": 0.0020000004768371583,
          "min": 0,
          "p95": 0.006000000238418579,
          "sd": 0.0014696938391810517,
          "samples": 20
        },
        "bump_sweep": {
          "median": 0.015999999046325684,
          "min": 0.012000000476837159,
          "p95": 0.02,
          "sd": 0.0023579647654619175,
          "samples": 20
        },
        "bump_sweep_batched": {
          "median": 0.008000001907348633,
          "min": 0.003999998569488525,
          "p95": 0.023999998569488524,
          "sd": 0.006462197486688651,
          "samples": 20
        },
        "bump_sweep_reverse": {
          "median": 0.012000000476837159,
          "min": 0.007999999523162842,
          "p95": 0.02,
          "sd": 0.0034871191384235555,
          "samples": 20
        },
        "unmount": {
          "median": 0.19999998807907104,
          "min": 0,
          "p95": 0.3999999761581421,
          "sd": 0.10618379664909726,
          "samples": 20
        }
      }
    },
    {
      "name": "react",
      "ops": {
        "mount": {
          "median": 6.5,
          "min": 6.399999976158142,
          "p95": 6.699999988079071,
          "sd": 0.09486832729190207,
          "samples": 20
        },
        "bump_shallow": {
          "median": 0.2240000009536743,
          "min": 0.22200000047683716,
          "p95": 0.24399999976158143,
          "sd": 0.005271622067293097,
          "samples": 20
        },
        "bump_middle": {
          "median": 0.18199999928474425,
          "min": 0.17599999904632568,
          "p95": 0.1860000002384186,
          "sd": 0.0036000001033147455,
          "samples": 20
        },
        "bump_deep": {
          "median": 0.14400000095367432,
          "min": 0.13600000023841857,
          "p95": 0.24,
          "sd": 0.03889408689135688,
          "samples": 20
        },
        "bump_sweep": {
          "median": 1.7239999985694885,
          "min": 1.7120000004768372,
          "p95": 3.02,
          "sd": 0.2848502063210108,
          "samples": 20
        },
        "bump_sweep_batched": {
          "median": 0.2519999980926514,
          "min": 0.24399999856948854,
          "p95": 0.27599999904632566,
          "sd": 0.007375635643414732,
          "samples": 20
        },
        "bump_sweep_reverse": {
          "median": 0.2520000004768372,
          "min": 0.24400000095367433,
          "p95": 0.27599999904632566,
          "sd": 0.0067498146413148795,
          "samples": 20
        },
        "unmount": {
          "median": 0.30000001192092896,
          "min": 0.09999996423721313,
          "p95": 0.40000003576278687,
          "sd": 0.08306624264749404,
          "samples": 20
        }
      }
    },
    {
      "name": "ripple",
      "ops": {
        "mount": {
          "median": 2.199999988079071,
          "min": 2.099999964237213,
          "p95": 2.300000011920929,
          "sd": 0.06538349267672486,
          "samples": 20
        },
        "bump_shallow": {
          "median": 0.003999999761581421,
          "min": 0.0019999992847442626,
          "p95": 0.006000000238418579,
          "sd": 0.0011789825040653928,
          "samples": 20
        },
        "bump_middle": {
          "median": 0.003999999761581421,
          "min": 0.0019999992847442626,
          "p95": 0.004000000953674317,
          "sd": 0.0008660254726100741,
          "samples": 20
        },
        "bump_deep": {
          "median": 0.003999999761581421,
          "min": 0.0019999992847442626,
          "p95": 0.006000000238418579,
          "sd": 0.0011445522173631562,
          "samples": 20
        },
        "bump_sweep": {
          "median": 0.028000001907348634,
          "min": 0.02799999952316284,
          "p95": 0.04400000095367432,