{
  "suite": "ssr-throughput",
  "iterations": 10,
  "targets": [
    {
      "name": "news-50/octane-tsrx",
      "ops": {
        "render": {
          "score": 0.04267301891249917,
          "median": 0.042042,
          "min": 0.03975,
          "mean": 0.04277192346499918,
          "p95": 0.046459,
          "sd": 0.004885447637595082,
          "rme": 0.05005951704077753,
          "scoreRme": 0.07050237277425682,
          "warmupRatio": 1.0042394920633775,
          "samples": 200000,
          "p99": 0.058083,
          "opsPerSec": 23434.01112657381
        }
      },
      "meta": {
        "bodyBytes": 42398,
        "hydrationMarkerPairs": 2,
        "memRenders": 5000,
        "rssGrowthBytes": 983040,
        "heapUsedGrowthBytes": 52363912
      }
    },
    {
      "name": "news-50/react",
      "ops": {
        "render": {
          "score": 0.040075806487498394,
          "median": 0.039291,
          "min": 0.035166,
          "mean": 0.03988449183500272,
          "p95": 0.042,
          "sd": 0.00643551327424187,
          "rme": 0.07071640930826448,
          "scoreRme": 0.11162534766629864,
          "warmupRatio": 0.9915279718050045,
          "samples": 200000,
          "p99": 0.05125,
          "opsPerSec": 24952.710566459817
        }
      },
      "meta": {
        "bodyBytes": 42364,
        "hydrationMarkerPairs": 0,
        "memRenders": 5000,
        "rssGrowthBytes": 966656,
        "heapUsedGrowthBytes": 13372104
      }
    },
    {
      "name": "news-50/preact",
      "ops": {
        "render": {
          "score": 0.04310022257500019,
          "median": 0.040458,
          "min": 0.036125,
          "mean": 0.042960559820002006,
          "p95": 0.049292,
          "sd": 0.04408793172367843,
          "rme": 0.4497703962884702,
          "scoreRme": 0.7082169482537302,
          "warmupRatio": 0.9934927885345954,
          "samples": 200000,
          "p99": 0.078083,
          "opsPerSec": 23201.73633117243
        }
      },
      "meta": {
        "bodyBytes": 42364,
        "hydrationMarkerPairs": 0,
        "memRenders": 5000,
        "rssGrowthBytes": -10665984,
        "heapUsedGrowthBytes": 38113872
      }
    },
    {
      "name": "news-50/solid",
      "ops": {
        "render": {
          "score": 0.03574603928749917,
          "median": 0.032584,
          "min": 0.029708,
          "mean": 0.034559988259997565,
          "p95": 0.037875,
          "sd": 0.19306043124183644,
          "rme": 2.44827816421114,
          "scoreRme": 5.894787066003256,
          "warmupRatio": 0.9463056676834993,
          "samples": 200000,
          "p99": 0.042917,
          "opsPerSec": 27975.127312907985
        }
      },
      "meta": {
        "bodyBytes": 42820,
        "hydrationMarkerPairs": 0,
        "memRenders": 5000,
        "rssGrowthBytes": 9453568,
        "heapUsedGrowthBytes": 46896784
      }
    },
    {
      "name": "news-50/svelte",
      "ops": {
        "render": {
          "score": 0.01069766416250272,
          "median": 0.005791,
          "min": 0.005416,
          "mean": 0.011293254844996013,
          "p95": 0.010708,
          "sd": 0.20824906334018325,
          "rme": 8.081742365779121,
          "scoreRme": 12.179877857792224,
          "warmupRatio": 1.0154173796724446,
          "samples": 200000,
          "p99": 0.024833,
          "opsPerSec": 93478.35048936981
        }
      },
      "meta": {
        "bodyBytes": 42656,
        "hydrationMarkerPairs": 2,
        "memRenders": 5000,
        "rssGrowthBytes": -2473984,
        "heapUsedGrowthBytes": 91098160
      }
    },
    {
      "name": "news-50/ripple",
      "ops": {
        "render": {
          "score": 0.011159562249999967,
          "median": 0.009709,
          "min": 0.008417,
          "mean": 0.011154200844999846,
          "p95": 0.010917,
          "sd": 0.027986409119339164,
          "rme": 1.0996381331920333,
          "scoreRme": 1.7270569917314305,
          "warmupRatio": 0.9973768191489578,
          "samples": 200000,
          "p99": 0.016375,
          "opsPerSec": 89609.24968181463
        }
      },
      "meta": {
        "bodyBytes": 42396,
        "hydrationMarkerPairs": 2,
        "memRenders": 5000,
        "rssGrowthBytes": -311296,
        "heapUsedGrowthBytes": 52395304
      }
    },
    {
      "name": "news-50/vue-vapor",
      "ops": {
        "render": {
          "score": 0.009274627025000651,
          "median": 0.007542,
          "min": 0.00675,
          "mean": 0.009270276089997753,
          "p95": 0.008375,
          "sd": 0.06696270365436749,
          "rme": 3.1657847675129607,
          "scoreRme": 5.132169699465763,
          "warmupRatio": 0.9948825758844589,
          "samples": 200000,
          "p99": 0.013083,
          "opsPerSec": 107821.04739138336
        }
      },
      "meta": {
        "bodyBytes": 42380,
        "hydrationMarkerPairs": 1,
        "memRenders": 5000,
        "rssGrowthBytes": -4947968,
        "heapUsedGrowthBytes": 36485912
      }
    },
    {
      "name": "news-500/octane-tsrx",
      "ops": {
        "render": {
          "score": 0.6168456349401296,
          "median": 0.5775,
          "min": 0.506875,
          "mean": 0.6141054815451699,
          "p95": 0.631167,
          "sd": 0.30776247484956143,
          "rme": 0.769771010605174,
          "scoreRme": 1.2072909483747551,
          "warmupRatio": 0.9889097966836424,
          "samples": 16283,
          "p99": 3.198875,
          "opsPerSec": 1621.1511330497767
        }
      },
      "meta": {
        "bodyBytes": 418692,
        "hydrationMarkerPairs": 2,
        "memRenders": 5000,
        "rssGrowthBytes": 35454976,
        "heapUsedGrowthBytes": 28881904
      }
    },
    {
      "name": "news-500/react",
      "ops": {
        "render": {
          "score": 0.4926731468234117,
          "median": 0.436125,
          "min": 0.391292,
          "mean": 0.5002452930611824,
          "p95": 0.561542,
          "sd": 0.3407924778705561,
          "rme": 0.9444251127561852,
          "scoreRme": 1.2921713086672484,
          "warmupRatio": 1.028697284968753,
          "samples": 19989,
          "p99": 2.099041,
          "opsPerSec": 2029.7432617297263
        }
      },
      "meta": {
        "bodyBytes": 418658,
        "hydrationMarkerPairs": 0,
        "memRenders": 5000,
        "rssGrowthBytes": 21266432,
        "heapUsedGrowthBytes": -11582568
      }
    },
    {
      "name": "news-500/preact",
      "ops": {
        "render": {
          "score": 0.5073840013955855,
          "median": 0.407625,
          "min": 0.366417,
          "mean": 0.5074458746003534,
          "p95": 0.44575,
          "sd": 3.068003831614654,
          "rme": 8.441779871338358,
          "scoreRme": 13.895118300322334,
          "warmupRatio": 1.0063729477258696,
          "samples": 19705,
          "p99": 1.914958,
          "opsPerSec": 1970.8938343531706
        }
      },
      "meta": {
        "bodyBytes": 418658,
        "hydrationMarkerPairs": 0,
        "memRenders": 5000,
        "rssGrowthBytes": -720896,
        "heapUsedGrowthBytes": -35324456
      }
    },
    {
      "name": "news-500/solid",
      "ops": {
        "render": {
          "score": 0.34631497846683756,
          "median": 0.339416,
          "min": 0.292625,
          "mean": 0.34450501305815795,
          "p95": 0.362917,
          "sd": 0.10054034505746152,
          "rme": 0.33575482631046616,
          "scoreRme": 0.5289203130884069,
          "warmupRatio": 0.9923172954554491,
          "samples": 29024,
          "p99": 0.390458,
          "opsPerSec": 2887.54475601106
        }
      },
      "meta": {
        "bodyBytes": 423614,
        "hydrationMarkerPairs": 0,
        "memRenders": 5000,
        "rssGrowthBytes": -2129920,
        "heapUsedGrowthBytes": 12783576
      }
    },
    {
      "name": "news-500/svelte",