{
  "suite": "ssr-throughput",
  "iterations": 10,
  "targets": [
    {
      "name": "news-50/octane-tsrx",
      "ops": {
        "render": {
          "score": 0.04368941427500245,
          "median": 0.042916,
          "min": 0.038625,
          "mean": 0.04361640100999973,
          "p95": 0.047625,
          "sd": 0.007468539293497084,
          "rme": 0.07504589073306522,
          "scoreRme": 0.1286496245601494,
          "warmupRatio": 0.9997628524513199,
          "samples": 200000,
          "p99": 0.055583,
          "opsPerSec": 22888.83970166121
        }
      },
      "meta": {
        "bodyBytes": 43196,
        "hydrationMarkerPairs": 52,
        "memRenders": 5000,
        "rssGrowthBytes": 1916928,
        "heapUsedGrowthBytes": 3336704
      }
    },
    {
      "name": "news-50/react",
      "ops": {
        "render": {
          "score": 0.04095570654999871,
          "median": 0.039792,
          "min": 0.036583,
          "mean": 0.0409960799950049,
          "p95": 0.04425,
          "sd": 0.010841194815273942,
          "rme": 0.11589798632396076,
          "scoreRme": 0.18390225725088108,
          "warmupRatio": 1.0007443776476743,
          "samples": 200000,
          "p99": 0.052875,
          "opsPerSec": 24416.621863895827
        }
      },
      "meta": {
        "bodyBytes": 42364,
        "hydrationMarkerPairs": 0,
        "memRenders": 5000,
        "rssGrowthBytes": -2490368,
        "heapUsedGrowthBytes": -56825216
      }
    },
    {
      "name": "news-50/preact",
      "ops": {
        "render": {
          "score": 0.044917596500000045,
          "median": 0.041958,
          "min": 0.037167,
          "mean": 0.04510949020000037,
          "p95": 0.051333,
          "sd": 0.05025772003659944,
          "rme": 0.48828787175284394,
          "scoreRme": 0.7607870843918817,
          "warmupRatio": 1.0057635285539033,
          "samples": 200000,
          "p99": 0.083,
          "opsPerSec": 22262.989962074196
        }
      },
      "meta": {
        "bodyBytes": 42364,
        "hydrationMarkerPairs": 0,
        "memRenders": 5000,
        "rssGrowthBytes": -12681216,
        "heapUsedGrowthBytes": 45991432
      }
    },
    {
      "name": "news-50/solid",
      "ops": {
        "render": {
          "score": 0.03704648302499979,
          "median": 0.033042,
          "min": 0.030041,
          "mean": 0.03576784573000325,
          "p95": 0.037958,
          "sd": 0.3957215621135083,
          "rme": 4.848841684976518,
          "scoreRme": 11.54140009139602,
          "warmupRatio": 0.9465656811155952,
          "samples": 200000,
          "p99": 0.043875,
          "opsPerSec": 26993.11563057626
        }
      },
      "meta": {
        "bodyBytes": 42820,
        "hydrationMarkerPairs": 0,
        "memRenders": 5000,
        "rssGrowthBytes": 4210688,
        "heapUsedGrowthBytes": -22360616
      }
    },
    {
      "name": "news-50/svelte",
      "ops": {
        "render": {
          "score": 0.010227143725000264,
          "median": 0.006209,
          "min": 0.005375,
          "mean": 0.011029979519998788,
          "p95": 0.009792,
          "sd": 0.2188400352669274,
          "rme": 8.695471651324475,
          "scoreRme": 13.060937155559312,
          "warmupRatio": 1.1091596434469062,
          "samples": 200000,
          "p99": 0.0235,
          "opsPerSec": 97779.01111876417
        }
      },
      "meta": {
        "bodyBytes": 42656,
        "hydrationMarkerPairs": 2,
        "memRenders": 5000,
        "rssGrowthBytes": -6340608,
        "heapUsedGrowthBytes": 60615792
      }
    },
    {
      "name": "news-50/ripple",
      "ops": {
        "render": {
          "score": 0.010137069362499997,
          "median": 0.009208,
          "min": 0.008625,
          "mean": 0.010118493480000995,
          "p95": 0.00975,
          "sd": 0.018592675749683787,
          "rme": 0.8053174556713302,
          "scoreRme": 1.2584956046599947,
          "warmupRatio": 1.0030950735245447,
          "samples": 200000,
          "p99": 0.0145,
          "opsPerSec": 98647.84034124244
        }
      },
      "meta": {
        "bodyBytes": 42396,
        "hydrationMarkerPairs": 2,
        "memRenders": 5000,
        "rssGrowthBytes": -6373376,
        "heapUsedGrowthBytes": -18429552
      }
    },
    {
      "name": "news-50/vue-vapor",
      "ops": {
        "render": {
          "score": 0.009295915449999394,
          "median": 0.007583,
          "min": 0.007,
          "mean": 0.00922304058499867,
          "p95": 0.008208,
          "sd": 0.06576261446945272,
          "rme": 3.1249712386512765,
          "scoreRme": 5.047940353410938,
          "warmupRatio": 0.9848535909932296,
          "samples": 200000,
          "p99": 0.01125,
          "opsPerSec": 107574.12816185471
        }
      },
      "meta": {
        "bodyBytes": 42380,
        "hydrationMarkerPairs": 1,
        "memRenders": 5000,
        "rssGrowthBytes": 0,
        "heapUsedGrowthBytes": 48485112
      }
    },
    {
      "name": "news-500/octane-tsrx",
      "ops": {
        "render": {
          "score": 0.6708501161098254,
          "median": 0.606459,
          "min": 0.514583,
          "mean": 0.6617413418023032,
          "p95": 0.668292,
          "sd": 0.37985171341228396,
          "rme": 0.9151497900861578,
          "scoreRme": 1.475464067409718,
          "warmupRatio": 0.9735773651042703,
          "samples": 15114,
          "p99": 3.287792,
          "opsPerSec": 1490.6459371265717
        }
      },
      "meta": {
        "bodyBytes": 426690,
        "hydrationMarkerPairs": 502,
        "memRenders": 5000,
        "rssGrowthBytes": -63209472,
        "heapUsedGrowthBytes": -1947629736
      }
    },
    {
      "name": "news-500/react",
      "ops": {
        "render": {
          "score": 0.48261284173871355,
          "median": 0.432375,
          "min": 0.405083,
          "mean": 0.48029650665257617,
          "p95": 0.474041,
          "sd": 0.24581313227464613,
          "rme": 0.695219254603676,
          "scoreRme": 1.1197343425230928,
          "warmupRatio": 0.9895196636987409,
          "samples": 20819,
          "p99": 1.821334,
          "opsPerSec": 2072.054271074286
        }
      },
      "meta": {
        "bodyBytes": 418658,
        "hydrationMarkerPairs": 0,
        "memRenders": 5000,
        "rssGrowthBytes": 22003712,
        "heapUsedGrowthBytes": -10336648
      }
    },
    {
      "name": "news-500/preact",
      "ops": {
        "render": {
          "score": 0.4899877141441641,
          "median": 0.406875,
          "min": 0.379292,
          "mean": 0.49537954119395705,
          "p95": 0.44175,
          "sd": 2.615816189259193,
          "rme": 7.284686244361447,
          "scoreRme": 10.735545980617818,
          "warmupRatio": 1.0046206289141593,
          "samples": 20185,
          "p99": 1.826042,
          "opsPerSec": 2040.867497558888
        }
      },
      "meta": {
        "bodyBytes": 418658,
        "hydrationMarkerPairs": 0,
        "memRenders": 5000,
        "rssGrowthBytes": -1409024,
        "heapUsedGrowthBytes": -50778584
      }
    },
    {
      "name": "news-500/solid",
      "ops": {
        "render": {
          "score": 0.37116188087341034,
          "median": 0.363416,
          "min": 0.30025,
          "mean": 0.36851877776140013,
          "p95": 0.391166,
          "sd": 0.10143074691620285,
          "rme": 0.32750441984484696,
          "scoreRme": 0.5209142940234958,
          "warmupRatio": 0.9888828063239592,
          "samples": 27133,
          "p99": 0.415042,
          "opsPerSec": 2694.2421933168916
        }
      },
      "meta": {
        "bodyBytes": 423614,
        "hydrationMarkerPairs": 0,
        "memRenders": 5000,
        "rssGrowthBytes": -2064384,
        "heapUsedGrowthBytes": 12875592
      }
    },
    {
      "name": "news-500/svelte",