{
  "suite": "ssr-http",
  "iterations": 10,
  "targets": [
    {
      "name": "octane-tsrx",
      "ops": {
        "import_renderer": {
          "score": 1.3947,
          "median": 1.342,
          "min": 1.286,
          "mean": 1.3947,
          "p95": 1.884,
          "sd": 0.1819969779968887,
          "rme": 9.334175805855855,
          "scoreRme": 9.334175805855855,
          "warmupRatio": 1,
          "samples": 10
        },
        "cold_spawn_to_listen": {
          "score": 35.50544159412384,
          "median": 35.547500014305115,
          "min": 34.59966695308685,
          "mean": 35.50544159412384,
          "p95": 36.887624979019165,
          "sd": 0.6067252333294755,
          "rme": 1.2223335703488163,
          "scoreRme": 1.2223335703488163,
          "warmupRatio": 1,
          "samples": 10
        },
        "cold_listen_to_first_byte": {
          "score": 4.556233489513398,
          "median": 4.500458002090454,
          "min": 4.2214590311050415,
          "mean": 4.556233489513398,
          "p95": 5.523458957672119,
          "sd": 0.3651972389744971,
          "rme": 5.733424714023747,
          "scoreRme": 5.733424714023747,
          "warmupRatio": 1,
          "samples": 10
        },
        "cold_spawn_to_first_byte": {
          "score": 40.06167508363724,
          "median": 39.969375014305115,
          "min": 39.03629195690155,
          "mean": 40.06167508363724,
          "p95": 42.411083936691284,
          "sd": 0.9156962938894667,
          "rme": 1.6349894427222715,
          "scoreRme": 1.6349894427222715,
          "warmupRatio": 1,
          "samples": 10
        },
        "http_shell_staggered": {
          "score": 0.7313296397527059,
          "median": 0.7563749551773071,
          "min": 0.36662495136260986,
          "mean": 0.8053818901379903,
          "p95": 1.539833903312683,
          "sd": 0.34581684096137666,
          "rme": 16.031603543931457,
          "scoreRme": 32.21561223982418,
          "warmupRatio": 1.0609480131313445,
          "samples": 30
        },
        "http_total_staggered": {
          "score": 51.44435073932012,
          "median": 51.49258303642273,
          "min": 50.28466594219208,
          "mean": 51.43236664930979,
          "p95": 52.23633396625519,
          "sd": 0.5844849850895085,
          "rme": 0.4242965839427116,
          "scoreRme": 0.7766359473485122,
          "warmupRatio": 0.9973134383640124,
          "samples": 30,
          "opsPerSec": 19.4384803312461
        },
        "http_shell_allfast": {
          "score": 0.2898091673851013,
          "median": 0.3370000123977661,
          "min": 0.22224998474121094,
          "mean": 0.3503305276234945,
          "p95": 0.6354160308837891,
          "sd": 0.10909087256711918,
          "rme": 11.626342623949954,
          "scoreRme": 17.38243970827926,
          "warmupRatio": 1.420582476775045,
          "samples": 30
        },
        "http_total_allfast": {
          "score": 1.6431180735429127,
          "median": 1.780542016029358,
          "min": 0.5377500057220459,
          "mean": 1.751170853773753,
          "p95": 2.111166000366211,
          "sd": 0.3512827214936988,
          "rme": 7.489640175656601,
          "scoreRme": 13.853950453418094,
          "warmupRatio": 1.1174764420925083,
          "samples": 30,
          "opsPerSec": 608.5989899945455
        }
      },
      "meta": {
        "chunks_staggered": 11,
        "bytes_staggered": 22796,
        "skeletons_staggered": 10,
        "chunks_allfast": 2,
        "bytes_allfast": 22796,
        "skeletons_allfast": 10,
        "serverEntryBytes": 119930,
        "nodeVersion": "v24.18.0"
      }
    },
    {
      "name": "react",
      "ops": {
        "import_renderer": {
          "score": 9.6341,
          "median": 9.214,
          "min": 8.574,
          "mean": 9.6341,
          "p95": 13.991,
          "sd": 1.574559652728343,
          "rme": 11.690701435764703,
          "scoreRme": 11.690701435764703,
          "warmupRatio": 1,
          "samples": 10
        },
        "cold_spawn_to_listen": {
          "score": 41.7889083981514,
          "median": 41.33299994468689,
          "min": 40.666082978248596,
          "mean": 41.7889083981514,
          "p95": 46.472665905952454,
          "sd": 1.6730906138749149,
          "rme": 2.863855074209437,
          "scoreRme": 2.863855074209437,
          "warmupRatio": 1,
          "samples": 10
        },
        "cold_listen_to_first_byte": {
          "score": 5.41422929763794,
          "median": 5.239791989326477,
          "min": 5.046499967575073,
          "mean": 5.41422929763794,
          "p95": 6.055999994277954,
          "sd": 0.377084442126428,
          "rme": 4.981895006118487,
          "scoreRme": 4.981895006118487,
          "warmupRatio": 1,
          "samples": 10
        },
        "cold_spawn_to_first_byte": {
          "score": 47.20313769578934,
          "median": 46.652125000953674,
          "min": 45.90587496757507,
          "mean": 47.20313769578934,
          "p95": 52.168749928474426,
          "sd": 1.7966178687702443,
          "rme": 2.7225599229308095,
          "scoreRme": 2.7225599229308095,
          "warmupRatio": 1,
          "samples": 10
        },
        "http_shell_staggered": {
          "score": 0.4931459426879883,
          "median": 0.5746250152587891,
          "min": 0.3371250629425049,
          "mean": 0.6004291772842407,
          "p95": 1.0757920742034912,
          "sd": 0.20424331710835375,
          "rme": 12.700439557506133,
          "scoreRme": 17.874923950998824,
          "warmupRatio": 1.2925233658414894,
          "samples": 30
        },
        "http_total_staggered": {
          "score": 51.195871671040855,
          "median": 50.98591697216034,
          "min": 50.39174997806549,
          "mean": 51.04496947924296,
          "p95": 51.71429204940796,
          "sd": 0.4256775461462526,
          "rme": 0.31135832260645696,
          "scoreRme": 0.5169677758304686,
          "warmupRatio": 0.9945405040616793,
          "samples": 30,
          "opsPerSec": 19.532824959510435
        },
        "http_shell_allfast": {
          "score": 0.25682981808980304,
          "median": 0.2928340435028076,
          "min": 0.2023329734802246,
          "mean": 0.30678335428237913,
          "p95": 0.5394999980926514,
          "sd": 0.08788603067680562,
          "rme": 10.695983976480973,
          "scoreRme": 9.731246962024041,
          "warmupRatio": 1.4391419737862845,
          "samples": 30
        },
        "http_total_allfast": {
          "score": 1.5540868242581685,
          "median": 1.667917013168335,
          "min": 0.4591250419616699,
          "mean": 1.539968156814575,
          "p95": 1.9921250343322754,
          "sd": 0.4070233465871906,
          "rme": 9.868252768143806,
          "scoreRme": 13.774301505151614,
          "warmupRatio": 0.997935604525256,
          "samples": 30,
          "opsPerSec": 643.4646921849701
        }
      },
      "meta": {
        "chunks_staggered": 12,
        "bytes_staggered": 11758,
        "skeletons_staggered": 10,
        "chunks_allfast": 7,
        "bytes_allfast": 11758,
        "skeletons_allfast": 10,
        "serverEntryBytes": 8328,
        "nodeVersion": "v24.18.0"
      }
    }
  ],
  "harnessExit": 0
}
