{
  "suite": "ssr-throughput",
  "iterations": 10,
  "targets": [
    {
      "name": "news-50/octane-tsrx",
      "ops": {
        "render": {
          "score": 0.0307172389625011,
          "median": 0.029709,
          "min": 0.028791,
          "mean": 0.03071802722499944,
          "p95": 0.033375,
          "sd": 0.005245508003937739,
          "rme": 0.07484026327382583,
          "scoreRme": 0.11513931147661192,
          "warmupRatio": 0.9999992703608507,
          "samples": 200000,
          "p99": 0.040375,
          "opsPerSec": 32555.009296922064
        }
      },
      "meta": {
        "bodyBytes": 42398,
        "hydrationMarkerPairs": 2,
        "memRenders": 5000,
        "rssGrowthBytes": 2244608,
        "heapUsedGrowthBytes": 53559032
      }
    },
    {
      "name": "news-50/react",
      "ops": {
        "render": {
          "score": 0.09709853952406254,
          "median": 0.096292,
          "min": 0.089583,
          "mean": 0.09688767510638628,
          "p95": 0.104541,
          "sd": 0.011766466083935815,
          "rme": 0.07410911079322667,
          "scoreRme": 0.11332073743087694,
          "warmupRatio": 0.9940834097765067,
          "samples": 103163,
          "p99": 0.123042,
          "opsPerSec": 10298.816077992444
        }
      },
      "meta": {
        "bodyBytes": 42364,
        "hydrationMarkerPairs": 0,
        "memRenders": 5000,
        "rssGrowthBytes": -3309568,
        "heapUsedGrowthBytes": -54138824
      }
    },
    {
      "name": "news-50/preact",
      "ops": {
        "render": {
          "score": 0.09242994861814759,
          "median": 0.089666,
          "min": 0.082583,
          "mean": 0.09207764126469496,
          "p95": 0.101,
          "sd": 0.03562284420982049,
          "rme": 0.23015454968276705,
          "scoreRme": 0.36750392299064977,
          "warmupRatio": 0.9948816168329658,
          "samples": 108548,
          "p99": 0.134167,
          "opsPerSec": 10819.004175056538
        }
      },
      "meta": {
        "bodyBytes": 42364,
        "hydrationMarkerPairs": 0,
        "memRenders": 5000,
        "rssGrowthBytes": -5242880,
        "heapUsedGrowthBytes": 129974984
      }
    },
    {
      "name": "news-50/solid",
      "ops": {
        "render": {
          "score": 0.06404700852572141,
          "median": 0.06175,
          "min": 0.055417,
          "mean": 0.06381754197400774,
          "p95": 0.069084,
          "sd": 0.07576500546729217,
          "rme": 0.5880436698409426,
          "scoreRme": 1.353220559079612,
          "warmupRatio": 1.0008059555311628,
          "samples": 156585,
          "p99": 0.080833,
          "opsPerSec": 15613.531732686592
        }
      },
      "meta": {
        "bodyBytes": 42820,
        "hydrationMarkerPairs": 0,
        "memRenders": 5000,
        "rssGrowthBytes": 57606144,
        "heapUsedGrowthBytes": 37767152
      }
    },
    {
      "name": "news-50/svelte",
      "ops": {
        "render": {
          "score": 0.04070339760000622,
          "median": 0.031792,
          "min": 0.029209,
          "mean": 0.0420473206450006,
          "p95": 0.034958,
          "sd": 0.7913690360316347,
          "rme": 8.248629563340808,
          "scoreRme": 11.673636865884333,
          "warmupRatio": 1.0445896588372074,
          "samples": 200000,
          "p99": 0.043042,
          "opsPerSec": 24567.973657310788
        }
      },
      "meta": {
        "bodyBytes": 42656,
        "hydrationMarkerPairs": 2,
        "memRenders": 5000,
        "rssGrowthBytes": -17121280,
        "heapUsedGrowthBytes": -1524039608
      }
    },
    {
      "name": "news-50/ripple",
      "ops": {
        "render": {
          "score": 0.03124749357499782,
          "median": 0.030291,
          "min": 0.028,
          "mean": 0.031248163344995836,
          "p95": 0.033208,
          "sd": 0.012925209236800213,
          "rme": 0.18128178116997332,
          "scoreRme": 0.28833216965472425,
          "warmupRatio": 1.0019474449959667,
          "samples": 200000,
          "p99": 0.042708,
          "opsPerSec": 32002.56678507277
        }
      },
      "meta": {
        "bodyBytes": 42396,
        "hydrationMarkerPairs": 2,
        "memRenders": 5000,
        "rssGrowthBytes": -4931584,
        "heapUsedGrowthBytes": -36258096
      }
    },
    {
      "name": "news-50/vue-vapor",
      "ops": {
        "render": {
          "score": 0.03571197330000447,
          "median": 0.033625,
          "min": 0.031,
          "mean": 0.03563062256499408,
          "p95": 0.036666,
          "sd": 0.04301202192201044,
          "rme": 0.5290631596349465,
          "scoreRme": 0.8878401027409376,
          "warmupRatio": 0.9957636242548183,
          "samples": 200000,
          "p99": 0.045083,
          "opsPerSec": 28001.813050187146
        }
      },
      "meta": {
        "bodyBytes": 42380,
        "hydrationMarkerPairs": 1,
        "memRenders": 5000,
        "rssGrowthBytes": -5734400,
        "heapUsedGrowthBytes": 9994184
      }
    },
    {
      "name": "news-500/octane-tsrx",
      "ops": {
        "render": {
          "score": 0.3724594862962942,
          "median": 0.343083,
          "min": 0.308458,
          "mean": 0.3703383518648824,
          "p95": 0.373584,
          "sd": 0.2274600385467562,
          "rme": 0.7326366676857133,
          "scoreRme": 1.192128585155054,
          "warmupRatio": 0.9792213838821973,
          "samples": 26999,
          "p99": 2.1865,
          "opsPerSec": 2684.8557676538617
        }
      },
      "meta": {
        "bodyBytes": 418692,
        "hydrationMarkerPairs": 2,
        "memRenders": 5000,
        "rssGrowthBytes": 35422208,
        "heapUsedGrowthBytes": 20701056
      }
    },
    {
      "name": "news-500/react",
      "ops": {
        "render": {
          "score": 1.1092629905555538,
          "median": 1.04425,
          "min": 0.955125,
          "mean": 1.1113489523227396,
          "p95": 1.146584,
          "sd": 0.3612315278372149,
          "rme": 0.6716117420815928,
          "scoreRme": 1.0587631972847484,
          "warmupRatio": 1.002917379001294,
          "samples": 8998,
          "p99": 3.046709,
          "opsPerSec": 901.4994717340822
        }
      },
      "meta": {
        "bodyBytes": 418658,
        "hydrationMarkerPairs": 0,
        "memRenders": 5000,
        "rssGrowthBytes": 134938624,
        "heapUsedGrowthBytes": 110009240
      }
    },
    {
      "name": "news-500/preact",
      "ops": {
        "render": {
          "score": 1.0019537415844109,
          "median": 0.938709,
          "min": 0.8555,
          "mean": 1.0125060957877672,
          "p95": 1.015541,
          "sd": 1.9726009409210785,
          "rme": 3.8424402249550025,
          "scoreRme": 4.281227153496081,
          "warmupRatio": 0.9977625495826605,
          "samples": 9876,
          "p99": 2.560541,
          "opsPerSec": 998.0500680786706
        }
      },
      "meta": {
        "bodyBytes": 418658,
        "hydrationMarkerPairs": 0,
        "memRenders": 5000,
        "rssGrowthBytes": 901120,
        "heapUsedGrowthBytes": -96407032
      }
    },
    {
      "name": "news-500/solid",
      "ops": {
        "render": {
          "score": 0.67249541783802,
          "median": 0.635875,
          "min": 0.580042,
          "mean": 0.6693696770198828,
          "p95": 0.673,
          "sd": 0.2858948974213839,
          "rme": 0.6849134226143492,
          "scoreRme": 1.081489641273639,
          "warmupRatio": 0.9923793992139748,
          "samples": 14939,
          "p99": 3.093958,
          "opsPerSec": 1486.9989794352236
        }
      },
      "meta": {
        "bodyBytes": 423614,
        "hydrationMarkerPairs": 0,
        "memRenders": 5000,
        "rssGrowthBytes": 20299776,
        "heapUsedGrowthBytes": 33930272
      }
    },
    {
      "name": "news-500/svelte",
      "ops": {
        "render": {
          "score": 0.4160092338513575,