{
  "suite": "ssr-throughput",
  "iterations": 10,
  "targets": [
    {
      "name": "news-50/octane-tsrx",
      "ops": {
        "render": {
          "score": 0.046164970437501125,
          "median": 0.045,
          "min": 0.040375,
          "mean": 0.046118515684999445,
          "p95": 0.051708,
          "sd": 0.00996165467056865,
          "rme": 0.09466669925213851,
          "scoreRme": 0.15013824549060692,
          "warmupRatio": 0.9984584158329557,
          "samples": 200000,
          "p99": 0.060709,
          "opsPerSec": 21661.445691897843
        }
      },
      "meta": {
        "bodyBytes": 43196,
        "hydrationMarkerPairs": 52,
        "memRenders": 5000,
        "rssGrowthBytes": -2424832,
        "heapUsedGrowthBytes": 336056
      }
    },
    {
      "name": "news-50/react",
      "ops": {
        "render": {
          "score": 0.04148209546249954,
          "median": 0.039875,
          "min": 0.036875,
          "mean": 0.041347601230004645,
          "p95": 0.044125,
          "sd": 0.011589418531805347,
          "rme": 0.12284356213267786,
          "scoreRme": 0.19092537230576842,
          "warmupRatio": 0.9916062409910028,
          "samples": 200000,
          "p99": 0.063833,
          "opsPerSec": 24106.786044692835
        }
      },
      "meta": {
        "bodyBytes": 42364,
        "hydrationMarkerPairs": 0,
        "memRenders": 5000,
        "rssGrowthBytes": 2326528,
        "heapUsedGrowthBytes": 14743672
      }
    },
    {
      "name": "news-50/preact",
      "ops": {
        "render": {
          "score": 0.044963187437501,
          "median": 0.04125,
          "min": 0.036917,
          "mean": 0.04485676412500061,
          "p95": 0.0515,
          "sd": 0.05127555749976605,
          "rme": 0.5009836161943658,
          "scoreRme": 0.7810858955863953,
          "warmupRatio": 0.9962459801090618,
          "samples": 200000,
          "p99": 0.082375,
          "opsPerSec": 22240.416149099834
        }
      },
      "meta": {
        "bodyBytes": 42364,
        "hydrationMarkerPairs": 0,
        "memRenders": 5000,
        "rssGrowthBytes": -9519104,
        "heapUsedGrowthBytes": 107365104
      }
    },
    {
      "name": "news-50/solid",
      "ops": {
        "render": {
          "score": 0.0373085589625002,
          "median": 0.035792,
          "min": 0.0305,
          "mean": 0.037185220830000955,
          "p95": 0.041583,
          "sd": 0.06152951384708135,
          "rme": 0.7251939833263766,
          "scoreRme": 0.5801369727365137,
          "warmupRatio": 0.9938068383254044,
          "samples": 200000,
          "p99": 0.048333,
          "opsPerSec": 26803.501068082685
        }
      },
      "meta": {
        "bodyBytes": 42820,
        "hydrationMarkerPairs": 0,
        "memRenders": 5000,
        "rssGrowthBytes": 9420800,
        "heapUsedGrowthBytes": -21507456
      }
    },
    {
      "name": "news-50/svelte",
      "ops": {
        "render": {
          "score": 0.010224947650003351,
          "median": 0.005708,
          "min": 0.005375,
          "mean": 0.011005371139994292,
          "p95": 0.0095,
          "sd": 0.23246480103944683,
          "rme": 9.257497072478152,
          "scoreRme": 11.596881124805222,
          "warmupRatio": 1.1423493755000105,
          "samples": 200000,
          "p99": 0.021708,
          "opsPerSec": 97800.01171934335
        }
      },
      "meta": {
        "bodyBytes": 42656,
        "hydrationMarkerPairs": 2,
        "memRenders": 5000,
        "rssGrowthBytes": -2801664,
        "heapUsedGrowthBytes": 88263552
      }
    },
    {
      "name": "news-50/ripple",
      "ops": {
        "render": {
          "score": 0.010402308674998865,
          "median": 0.009417,
          "min": 0.008459,
          "mean": 0.01041564416499962,
          "p95": 0.010459,
          "sd": 0.018089014370669274,
          "rme": 0.7611492834291307,
          "scoreRme": 1.192911469850495,
          "warmupRatio": 1.00119197818365,
          "samples": 200000,
          "p99": 0.01625,
          "opsPerSec": 96132.50589298717
        }
      },
      "meta": {
        "bodyBytes": 42396,
        "hydrationMarkerPairs": 2,
        "memRenders": 5000,
        "rssGrowthBytes": -6373376,
        "heapUsedGrowthBytes": -18552008
      }
    },
    {
      "name": "news-50/vue-vapor",
      "ops": {
        "render": {
          "score": 0.00935813758750002,
          "median": 0.007584,
          "min": 0.007084,
          "mean": 0.009292173254998459,
          "p95": 0.008541,
          "sd": 0.06366920387203767,
          "rme": 3.002985216563718,
          "scoreRme": 4.889814590736774,
          "warmupRatio": 0.9829629748965196,
          "samples": 200000,
          "p99": 0.013625,
          "opsPerSec": 106858.86915530433
        }
      },
      "meta": {
        "bodyBytes": 42380,
        "hydrationMarkerPairs": 1,
        "memRenders": 5000,
        "rssGrowthBytes": -4915200,
        "heapUsedGrowthBytes": -16843976
      }
    },
    {
      "name": "news-500/octane-tsrx",
      "ops": {
        "render": {
          "score": 0.6679079979926391,
          "median": 0.614125,
          "min": 0.543041,
          "mean": 0.6691700758214517,
          "p95": 0.670875,
          "sd": 0.36993131964686743,
          "rme": 0.8863837040527826,
          "scoreRme": 1.3838726439030522,
          "warmupRatio": 1.0036710944265412,
          "samples": 14943,
          "p99": 3.283042,
          "opsPerSec": 1497.2121954003323
        }
      },
      "meta": {
        "bodyBytes": 426690,
        "hydrationMarkerPairs": 502,
        "memRenders": 5000,
        "rssGrowthBytes": 54263808,
        "heapUsedGrowthBytes": 41095912
      }
    },
    {
      "name": "news-500/react",
      "ops": {
        "render": {
          "score": 0.5242739265779864,
          "median": 0.443375,
          "min": 0.408583,
          "mean": 0.5216774185100137,
          "p95": 0.550333,
          "sd": 0.39367451280701277,
          "rme": 1.0683238686542795,
          "scoreRme": 1.704479604576421,
          "warmupRatio": 0.9911545141175792,
          "samples": 19168,
          "p99": 2.677541,
          "opsPerSec": 1907.3998329978913
        }
      },
      "meta": {
        "bodyBytes": 418658,
        "hydrationMarkerPairs": 0,
        "memRenders": 5000,
        "rssGrowthBytes": 39567360,
        "heapUsedGrowthBytes": 71010280
      }
    },
    {
      "name": "news-500/preact",
      "ops": {
        "render": {
          "score": 0.49556007866849516,
          "median": 0.409083,
          "min": 0.383333,
          "mean": 0.4986926980699205,
          "p95": 0.450666,
          "sd": 2.488784824344289,
          "rme": 6.907841967591286,
          "scoreRme": 10.575025609329662,
          "warmupRatio": 1.0076354359292607,
          "samples": 20051,
          "p99": 1.937666,
          "opsPerSec": 2017.918801463727
        }
      },
      "meta": {
        "bodyBytes": 418658,
        "hydrationMarkerPairs": 0,
        "memRenders": 5000,
        "rssGrowthBytes": -1392640,
        "heapUsedGrowthBytes": -63757624
      }
    },
    {
      "name": "news-500/solid",
      "ops": {
        "render": {
          "score": 0.37148785894717384,
          "median": 0.356292,
          "min": 0.303083,
          "mean": 0.3687367936349867,
          "p95": 0.399125,
          "sd": 0.10757225816150937,
          "rme": 0.34723145592529575,
          "scoreRme": 0.5495964762374297,
          "warmupRatio": 0.9781925254215412,
          "samples": 27117,
          "p99": 0.431375,
          "opsPerSec": 2691.8780140865965
        }
      },
      "meta": {
        "bodyBytes": 423614,
        "hydrationMarkerPairs": 0,
        "memRenders": 5000,
        "rssGrowthBytes": -2064384,
        "heapUsedGrowthBytes": 12366664
      }
    },
    {
      "name": "news-500/svelte",