{
  "suite": "ssr-workerd",
  "iterations": 10,
  "targets": [
    {
      "name": "octane-tsrx",
      "ops": {
        "worker_script_bytes": {
          "score": 113258,
          "median": 113258,
          "min": 113258,
          "mean": 113258,
          "p95": 113258,
          "sd": 0,
          "rme": 0,
          "samples": 1
        },
        "worker_script_gzip_bytes": {
          "score": 31870,
          "median": 31870,
          "min": 31870,
          "mean": 31870,
          "p95": 31870,
          "sd": 0,
          "rme": 0,
          "samples": 1
        },
        "cold_spawn_to_ready": {
          "score": 31.622750067710875,
          "median": 28.34391701221466,
          "min": 27.388332962989807,
          "mean": 31.622750067710875,
          "p95": 57.35449993610382,
          "sd": 9.134244197882106,
          "rme": 20.661677712366426,
          "scoreRme": 20.661677712366426,
          "warmupRatio": 1,
          "samples": 10
        },
        "cold_ready_to_first_byte": {
          "score": 4.521183109283447,
          "median": 3.7454580068588257,
          "min": 3.4349160194396973,
          "mean": 4.521183109283447,
          "p95": 11.661291003227234,
          "sd": 2.5191550383313563,
          "rme": 39.85615513091704,
          "scoreRme": 39.85615513091704,
          "warmupRatio": 1,
          "samples": 10
        },
        "cold_spawn_to_first_byte": {
          "score": 36.143933176994324,
          "median": 32.25004196166992,
          "min": 30.935040950775146,
          "mean": 36.143933176994324,
          "p95": 69.01579093933105,
          "sd": 11.635714209535102,
          "rme": 23.02768265084613,
          "scoreRme": 23.02768265084613,
          "warmupRatio": 1,
          "samples": 10
        },
        "workerd_shell_staggered": {
          "score": 2.412600666284561,
          "median": 2.457874894142151,
          "min": 1.3949999809265137,
          "mean": 2.512866727511088,
          "p95": 3.9350839853286743,
          "sd": 0.6770842172367589,
          "rme": 10.060183897798378,
          "scoreRme": 14.513116309637319,
          "warmupRatio": 1.0788553923389754,
          "samples": 30
        },
        "workerd_total_staggered": {
          "score": 53.115989615519844,
          "median": 53.129083037376404,
          "min": 52.120582938194275,
          "mean": 53.24830844402313,
          "p95": 54.648207902908325,
          "sd": 0.9012953037918779,
          "rme": 0.6319663834207639,
          "scoreRme": 0.6283376762763919,
          "warmupRatio": 1.0067684712325704,
          "samples": 30
        },
        "workerd_shell_allfast": {
          "score": 0.7177048325538635,
          "median": 0.8205419778823853,
          "min": 0.5899590253829956,
          "mean": 0.9962596972783406,
          "p95": 2.0408339500427246,
          "sd": 0.44667045393349014,
          "rme": 16.73968761693533,
          "scoreRme": 6.681058083630877,
          "warmupRatio": 1.855413049987976,
          "samples": 30
        },
        "workerd_total_allfast": {
          "score": 2.149503250916799,
          "median": 2.2724170684814453,
          "min": 1.9807919263839722,
          "mean": 2.409848427772522,
          "p95": 3.1407090425491333,
          "sd": 0.46244862944618653,
          "rme": 7.1648392996015104,
          "scoreRme": 3.6926357749969463,
          "warmupRatio": 1.283058027642815,
          "samples": 30,
          "opsPerSec": 465.22376719992553
        }
      },
      "meta": {
        "chunks_staggered": 11,
        "bytes_staggered": 22796,
        "skeletons_staggered": 10,
        "chunks_allfast": 2,
        "bytes_allfast": 22826,
        "skeletons_allfast": 10,
        "nodeVersion": "v24.18.0"
      }
    },
    {
      "name": "react",
      "ops": {
        "worker_script_bytes": {
          "score": 461019,
          "median": 461019,
          "min": 461019,
          "mean": 461019,
          "p95": 461019,
          "sd": 0,
          "rme": 0,
          "samples": 1
        },
        "worker_script_gzip_bytes": {
          "score": 89381,
          "median": 89381,
          "min": 89381,
          "mean": 89381,
          "p95": 89381,
          "sd": 0,
          "rme": 0,
          "samples": 1
        },
        "cold_spawn_to_ready": {
          "score": 45.94101691246033,
          "median": 44.13604199886322,
          "min": 41.18679201602936,
          "mean": 45.94101691246033,
          "p95": 59.853042006492615,
          "sd": 6.176307303581749,
          "rme": 9.616585400471273,
          "scoreRme": 9.616585400471273,
          "warmupRatio": 1,
          "samples": 10
        },
        "cold_ready_to_first_byte": {
          "score": 4.112704110145569,
          "median": 4.050166964530945,
          "min": 3.925165891647339,
          "mean": 4.112704110145569,
          "p95": 4.361292004585266,
          "sd": 0.14443425245606684,
          "rme": 2.512090802390367,
          "scoreRme": 2.512090802390367,
          "warmupRatio": 1,
          "samples": 10
        },
        "cold_spawn_to_first_byte": {
          "score": 50.0537210226059,
          "median": 48.06120789051056,
          "min": 45.21691703796387,
          "mean": 50.0537210226059,
          "p95": 64.03408408164978,
          "sd": 6.2403095481539665,
          "rme": 8.917895215033338,
          "scoreRme": 8.917895215033338,
          "warmupRatio": 1,
          "samples": 10
        },
        "workerd_shell_staggered": {
          "score": 1.7488855123519897,
          "median": 2.0477919578552246,
          "min": 1.0372090339660645,
          "mean": 1.9444944103558859,
          "p95": 2.832624912261963,
          "sd": 0.5471611816281121,
          "rme": 10.506093576362742,
          "scoreRme": 19.79481394570647,
          "warmupRatio": 1.1984694849569364,
          "samples": 30
        },
        "workerd_total_staggered": {
          "score": 52.40595157941183,
          "median": 52.48579204082489,
          "min": 51.187833070755005,
          "mean": 52.3240639368693,
          "p95": 53.181833028793335,
          "sd": 0.5542070180314864,
          "rme": 0.395460615848866,
          "scoreRme": 0.4807459932720586,
          "warmupRatio": 1.0033518984532512,
          "samples": 30
        },
        "workerd_shell_allfast": {
          "score": 0.6909374097983042,
          "median": 0.7446249723434448,
          "min": 0.5177500247955322,
          "mean": 0.7362013300259908,
          "p95": 0.8980419635772705,
          "sd": 0.13935796004365236,
          "rme": 7.0675333691163384,
          "scoreRme": 7.76967902367684,
          "warmupRatio": 1.1866176112138886,
          "samples": 30
        },
        "workerd_total_allfast": {
          "score": 2.127781172593435,
          "median": 2.095667004585266,
          "min": 1.9194579124450684,
          "mean": 2.2097971280415853,
          "p95": 2.783874988555908,
          "sd": 0.26275255187427987,
          "rme": 4.439430105131681,
          "scoreRme": 5.808683792991947,
          "warmupRatio": 1.097282828092022,
          "samples": 30,
          "opsPerSec": 469.9731405091602
        }
      },
      "meta": {
        "chunks_staggered": 12,
        "bytes_staggered": 11758,
        "skeletons_staggered": 10,
        "chunks_allfast": 2,
        "bytes_allfast": 11758,
        "skeletons_allfast": 10,
        "nodeVersion": "v24.18.0"
      }
    },
    {
      "name": "octane-app",
      "ops": {
        "worker_script_bytes": {
          "score": 204873,
          "median": 204873,
          "min": 204873,
          "mean": 204873,
          "p95": 204873,
          "sd": 0,
          "rme": 0,
          "samples": 1
        },
        "worker_script_gzip_bytes": {
          "score": 56324,
          "median": 56324,
          "min": 56324,
          "mean": 56324,
          "p95": 56324,
          "sd": 0,
          "rme": 0,