{
  "suite": "ssr-throughput",
  "iterations": 10,
  "targets": [
    {
      "name": "news-50/octane-tsrx",
      "ops": {
        "render": {
          "score": 0.04509325916249633,
          "median": 0.044167,
          "min": 0.041542,
          "mean": 0.04507395848500711,
          "p95": 0.047417,
          "sd": 0.007328818685887053,
          "rme": 0.07126057963703301,
          "scoreRme": 0.11103572638883441,
          "warmupRatio": 1.001627343285059,
          "samples": 200000,
          "p99": 0.06075,
          "opsPerSec": 22176.263560733954
        }
      },
      "meta": {
        "bodyBytes": 43196,
        "hydrationMarkerPairs": 52,
        "memRenders": 5000,
        "rssGrowthBytes": -2473984,
        "heapUsedGrowthBytes": -786472
      }
    },
    {
      "name": "news-50/react",
      "ops": {
        "render": {
          "score": 0.045044413275,
          "median": 0.043833,
          "min": 0.038791,
          "mean": 0.04496268244000035,
          "p95": 0.049333,
          "sd": 0.010635255743682933,
          "rme": 0.10366610904965629,
          "scoreRme": 0.16592077863823512,
          "warmupRatio": 1.0043698548984974,
          "samples": 200000,
          "p99": 0.069458,
          "opsPerSec": 22200.311365915997
        }
      },
      "meta": {
        "bodyBytes": 42364,
        "hydrationMarkerPairs": 0,
        "memRenders": 5000,
        "rssGrowthBytes": -2457600,
        "heapUsedGrowthBytes": 9969776
      }
    },
    {
      "name": "news-50/solid",
      "ops": {
        "render": {
          "score": 0.04313121758749963,
          "median": 0.039416,
          "min": 0.032333,
          "mean": 0.04179822855000013,
          "p95": 0.045583,
          "sd": 0.3839135295025747,
          "rme": 4.025470186872945,
          "scoreRme": 9.677534200612357,
          "warmupRatio": 0.9490401996409815,
          "samples": 200000,
          "p99": 0.058333,
          "opsPerSec": 23185.063068792704
        }
      },
      "meta": {
        "bodyBytes": 42820,
        "hydrationMarkerPairs": 0,
        "memRenders": 5000,
        "rssGrowthBytes": 5029888,
        "heapUsedGrowthBytes": -19368392
      }
    },
    {
      "name": "news-50/ripple",
      "ops": {
        "render": {
          "score": 0.011429886699999234,
          "median": 0.010375,
          "min": 0.008916,
          "mean": 0.011250459069999006,
          "p95": 0.012833,
          "sd": 0.0123030885478801,
          "rme": 0.47927522445066373,
          "scoreRme": 0.761790029155654,
          "warmupRatio": 0.9949416099637193,
          "samples": 200000,
          "p99": 0.018542,
          "opsPerSec": 87489.93111192144
        }
      },
      "meta": {
        "bodyBytes": 42396,
        "hydrationMarkerPairs": 2,
        "memRenders": 5000,
        "rssGrowthBytes": -6176768,
        "heapUsedGrowthBytes": -18604592
      }
    },
    {
      "name": "news-50/vue-vapor",
      "ops": {
        "render": {
          "score": 0.010727262800000859,
          "median": 0.008375,
          "min": 0.007417,
          "mean": 0.010540540004997993,
          "p95": 0.01125,
          "sd": 0.07213992436617615,
          "rme": 2.999534733590799,
          "scoreRme": 4.763874840586897,
          "warmupRatio": 0.9879099622225282,
          "samples": 200000,
          "p99": 0.020083,
          "opsPerSec": 93220.42525143693
        }
      },
      "meta": {
        "bodyBytes": 42380,
        "hydrationMarkerPairs": 1,
        "memRenders": 5000,
        "rssGrowthBytes": 7356416,
        "heapUsedGrowthBytes": -18306504
      }
    },
    {
      "name": "news-500/octane-tsrx",
      "ops": {
        "render": {
          "score": 0.6024791427872058,
          "median": 0.606292,
          "min": 0.526042,
          "mean": 0.6527240947189736,
          "p95": 0.76925,
          "sd": 0.27757988113780535,
          "rme": 0.6734404586032054,
          "scoreRme": 0.7613078094599033,
          "warmupRatio": 1.1920529627599648,
          "samples": 15319,
          "p99": 2.21725,
          "opsPerSec": 1659.8084962307112
        }
      },
      "meta": {
        "bodyBytes": 426690,
        "hydrationMarkerPairs": 502,
        "memRenders": 5000,
        "rssGrowthBytes": 54034432,
        "heapUsedGrowthBytes": 39383376
      }
    },
    {
      "name": "news-500/react",
      "ops": {
        "render": {
          "score": 0.46876133581384316,
          "median": 0.431875,
          "min": 0.408916,
          "mean": 0.47246144951571034,
          "p95": 0.465584,
          "sd": 0.211188065824415,
          "rme": 0.6022127271082515,
          "scoreRme": 0.9041824018704138,
          "warmupRatio": 1.0192716711594936,
          "samples": 21165,
          "p99": 1.621834,
          "opsPerSec": 2133.2817440325857
        }
      },
      "meta": {
        "bodyBytes": 418658,
        "hydrationMarkerPairs": 0,
        "memRenders": 5000,
        "rssGrowthBytes": 41041920,
        "heapUsedGrowthBytes": 70687744
      }
    },
    {
      "name": "news-500/solid",
      "ops": {
        "render": {
          "score": 0.35269405299055556,
          "median": 0.342125,
          "min": 0.306625,
          "mean": 0.3497256010493193,
          "p95": 0.38275,
          "sd": 0.08772187955280468,
          "rme": 0.2907565431730472,
          "scoreRme": 0.48188702062148825,
          "warmupRatio": 0.9650704413156778,
          "samples": 28590,
          "p99": 0.441417,
          "opsPerSec": 2835.3185757480805
        }
      },
      "meta": {
        "bodyBytes": 423614,
        "hydrationMarkerPairs": 0,
        "memRenders": 5000,
        "rssGrowthBytes": 14041088,
        "heapUsedGrowthBytes": 12718472
      }
    },
    {
      "name": "news-500/ripple",
      "ops": {
        "render": {
          "score": 0.16477478569007847,
          "median": 0.139666,
          "min": 0.116875,
          "mean": 0.16939917136321536,
          "p95": 0.162375,
          "sd": 0.24781612366999925,
          "rme": 1.1803020013051553,
          "scoreRme": 1.8256368529332168,
          "warmupRatio": 1.0584347392351716,
          "samples": 59015,
          "p99": 2.203708,
          "opsPerSec": 6068.889701855717
        }
      },
      "meta": {
        "bodyBytes": 418690,
        "hydrationMarkerPairs": 2,
        "memRenders": 5000,
        "rssGrowthBytes": 34848768,
        "heapUsedGrowthBytes": 1423272
      }
    },
    {
      "name": "news-500/vue-vapor",
      "ops": {
        "render": {
          "score": 0.06456083705559247,
          "median": 0.060334,
          "min": 0.054917,
          "mean": 0.06588805315242496,
          "p95": 0.068917,
          "sd": 0.13547780237061768,
          "rme": 1.0348029881937928,
          "scoreRme": 0.8047519763072214,
          "warmupRatio": 1.0501187557437235,
          "samples": 151677,
          "p99": 0.096958,
          "opsPerSec": 15489.26633554818
        }
      },
      "meta": {
        "bodyBytes": 418674,
        "hydrationMarkerPairs": 1,
        "memRenders": 5000,
        "rssGrowthBytes": -4521984,
        "heapUsedGrowthBytes": -7699288
      }
    },
    {
      "name": "parallel-k4",
      "ops": {
        "render": {
          "score": 4.71323780046948,
          "median": 4.747041,
          "min": 3.25825,
          "mean": 4.694279587323936,
          "p95": 4.933625,
          "sd": 0.2720934135015241,
          "rme": 0.24615878885526624,
          "scoreRme": 0.4055034543754516,
          "warmupRatio": 0.9961959224084381,
          "samples": 2130,
          "p99": 5.075333,
          "opsPerSec": 212.16837391493192
        }
      },
      "meta": {
        "bodyBytes": 26944,
        "hydrationMarkerPairs": 244,
        "memRenders": 5000,
        "rssGrowthBytes": 65536,
        "heapUsedGrowthBytes": -9640656
      }
    },
    {
      "name": "parallel-k8",
      "ops": {
        "render": {
          "score": 4.705184921176477,