{
  "suite": "streaming-ssr",
  "iterations": 30,
  "targets": [
    {
      "name": "octane-tsrx",
      "ops": {
        "shell_staggered": {
          "score": 0.1642742499999391,
          "median": 0.18345799999997325,
          "min": 0.058250000000043656,
          "mean": 0.17683046666663435,
          "p95": 0.2703750000000582,
          "sd": 0.06242468257455302,
          "rme": 13.18050149125522,
          "scoreRme": 25.132665098342155,
          "warmupRatio": 0.9736203330712239,
          "samples": 30,
          "opsPerSec": 6087.381315089679
        },
        "total_staggered": {
          "score": 50.65763175000003,
          "median": 50.68900000000008,
          "min": 49.77283299999999,
          "mean": 50.69909433333334,
          "p95": 51.72283300000004,
          "sd": 0.5492529080753187,
          "rme": 0.4044872612189227,
          "scoreRme": 0.5971852660581008,
          "warmupRatio": 1.0000510650270042,
          "samples": 30,
          "opsPerSec": 19.740362220940174
        },
        "shell_allfast": {
          "score": 0.07850700000005872,
          "median": 0.07954100000006292,
          "min": 0.03837500000008731,
          "mean": 0.0835570000000492,
          "p95": 0.1463340000000244,
          "sd": 0.04023259732674459,
          "rme": 17.977442845547824,
          "scoreRme": 19.899330557843935,
          "warmupRatio": 1.0110584618779612,
          "samples": 30,
          "opsPerSec": 12737.717655740915
        },
        "total_allfast": {
          "score": 1.508795083333439,
          "median": 1.495792000000165,
          "min": 0.5637499999997999,
          "mean": 1.47463336666677,
          "p95": 1.737500000000182,
          "sd": 0.2016938241083383,
          "rme": 5.1067103870638775,
          "scoreRme": 5.548881737126383,
          "warmupRatio": 0.9976044350179887,
          "samples": 30,
          "opsPerSec": 662.7805266906502
        }
      },
      "meta": {
        "chunksStaggered": 11,
        "bytesStaggered": 17737,
        "skeletonsStaggered": 10,
        "chunksAllFast": 2,
        "bytesAllFast": 17737,
        "skeletonsAllFast": 10,
        "rendersPerSecAllFast": 662.7805266906502
      }
    },
    {
      "name": "react",
      "ops": {
        "shell_staggered": {
          "score": 0.332534583333351,
          "median": 0.37841600000001563,
          "min": 0.13716699999986304,
          "mean": 0.39014993333330494,
          "p95": 0.6255000000001019,
          "sd": 0.14206121568411306,
          "rme": 13.594920577589761,
          "scoreRme": 19.06522227025481,
          "warmupRatio": 1.4012119040247406,
          "samples": 30,
          "opsPerSec": 3007.206017419081
        },
        "total_staggered": {
          "score": 50.774190833333364,
          "median": 50.963958000000275,
          "min": 49.90174999999999,
          "mean": 50.884052766666706,
          "p95": 51.741457999999966,
          "sd": 0.55822260151404,
          "rme": 0.4095985467046256,
          "scoreRme": 0.7172064067725653,
          "warmupRatio": 1.0071256461349487,
          "samples": 30,
          "opsPerSec": 19.695045525836285
        },
        "shell_allfast": {
          "score": 0.1367603333333515,
          "median": 0.14512500000000728,
          "min": 0.09704199999987395,
          "mean": 0.1515498999999939,
          "p95": 0.20724999999993088,
          "sd": 0.036301038531136365,
          "rme": 8.943264610893475,
          "scoreRme": 13.684427172999177,
          "warmupRatio": 1.2625237337335387,
          "samples": 30,
          "opsPerSec": 7312.0617332988895
        },
        "total_allfast": {
          "score": 1.1740519999999606,
          "median": 1.6664590000000317,
          "min": 0.4335420000002159,
          "mean": 1.4981318333333244,
          "p95": 2.117374999999811,
          "sd": 0.5223663965141403,
          "rme": 13.018408169605353,
          "scoreRme": 31.860834926926145,
          "warmupRatio": 1.4701902755017642,
          "samples": 30,
          "opsPerSec": 851.7510297670236
        }
      },
      "meta": {
        "chunksStaggered": 12,
        "bytesStaggered": 11758,
        "skeletonsStaggered": 10,
        "chunksAllFast": 7,
        "bytesAllFast": 11758,
        "skeletonsAllFast": 10,
        "rendersPerSecAllFast": 851.7510297670236
      }
    },
    {
      "name": "solid",
      "ops": {
        "shell_staggered": {
          "score": 1.8989410833335114,
          "median": 2.052249999999731,
          "min": 1.5016670000004524,
          "mean": 2.0084235999999995,
          "p95": 2.4771670000000086,
          "sd": 0.30803816429076747,
          "rme": 5.726402830077372,
          "scoreRme": 11.95800862580829,
          "warmupRatio": 1.146373507375138,
          "samples": 30,
          "opsPerSec": 526.6092817606232
        },
        "total_staggered": {
          "score": 50.6653228333333,
          "median": 50.583832999999686,
          "min": 49.685333000000355,
          "mean": 50.62015683333326,
          "p95": 51.44504099999995,
          "sd": 0.5246537079472213,
          "rme": 0.38697414125640145,
          "scoreRme": 0.632185641444179,
          "warmupRatio": 1.000032413688654,
          "samples": 30,
          "opsPerSec": 19.73736559993038
        },
        "shell_allfast": {
          "score": 1.5141388333330876,
          "median": 1.606832999999824,
          "min": 1.4674159999995027,
          "mean": 1.613074999999905,
          "p95": 1.8317080000006172,
          "sd": 0.1184058332550935,
          "rme": 2.740635146943124,
          "scoreRme": 1.5590437311074774,
          "warmupRatio": 1.1390665629187804,
          "samples": 30,
          "opsPerSec": 660.4414192314788
        },
        "total_allfast": {
          "score": 1.554982666666395,
          "median": 1.6485419999999067,
          "min": 1.498874999999316,
          "mean": 1.6577763999998751,
          "p95": 1.8838750000004438,
          "sd": 0.12599172750759896,
          "rme": 2.83758423702569,
          "scoreRme": 1.8343523205949923,
          "warmupRatio": 1.1421193226593438,
          "samples": 30,
          "opsPerSec": 643.0939851849419
        }
      },
      "meta": {
        "chunksStaggered": 21,
        "bytesStaggered": 18028,
        "skeletonsStaggered": 10,
        "chunksAllFast": 1,
        "bytesAllFast": 14788,
        "skeletonsAllFast": 0,
        "rendersPerSecAllFast": 643.0939851849419
      }
    },
    {
      "name": "ripple",
      "ops": {
        "shell_staggered": {
          "score": 0.3685001666666115,
          "median": 0.3742499999998472,
          "min": 0.23191700000006676,
          "mean": 0.3981528333332183,
          "p95": 0.6540420000001177,
          "sd": 0.11825898851830086,
          "rme": 11.089629441478184,
          "scoreRme": 21.51775474600103,
          "warmupRatio": 0.9340606358838021,
          "samples": 30,
          "opsPerSec": 2713.7029788773943
        },
        "total_staggered": {
          "score": 50.87805216666652,
          "median": 50.86183299999993,
          "min": 49.91454199999953,
          "mean": 50.890675133333175,
          "p95": 51.506750000000466,
          "sd": 0.37925395277837504,
          "rme": 0.2782432186444411,
          "scoreRme": 0.31778358916094085,
          "warmupRatio": 1.002058367911902,
          "samples": 30,
          "opsPerSec": 19.654840494368695
        },
        "shell_allfast": {
          "score": 0.08907299999994696,
          "median": 0.10141699999985576,
          "min": 0.07016699999985576,
          "mean": 0.1147305999999844,
          "p95": 0.2189170000001468,
          "sd": 0.04654211051732856,
          "rme": 15.146053735061798,
          "scoreRme": 11.86180778640026,
          "warmupRatio": 1.6862732440424633,
          "samples": 30,
          "opsPerSec": 11226.746601109151
        },
        "total_allfast": {
          "score": 1.1993542499999421,