{
  "suite": "streaming-ssr",
  "iterations": 30,
  "targets": [
    {
      "name": "octane-tsrx",
      "ops": {
        "shell_staggered": {
          "score": 0.18900358333335512,
          "median": 0.20716700000002675,
          "min": 0.06916599999999562,
          "mean": 0.21706946666667287,
          "p95": 0.3745419999999058,
          "sd": 0.09187306672447182,
          "rme": 15.802367558923642,
          "scoreRme": 16.38482766755755,
          "warmupRatio": 1.2923582136667553,
          "samples": 30,
          "opsPerSec": 5290.904978432339
        },
        "total_staggered": {
          "score": 51.44198633333334,
          "median": 51.41066599999999,
          "min": 50.11191599999995,
          "mean": 51.28114733333333,
          "p95": 52.15012499999989,
          "sd": 0.5497708087213404,
          "rme": 0.4002733058272489,
          "scoreRme": 0.7683941497561779,
          "warmupRatio": 0.9944846803122726,
          "samples": 30,
          "opsPerSec": 19.43937377379265
        },
        "shell_allfast": {
          "score": 0.08715616666662147,
          "median": 0.10579199999983757,
          "min": 0.049417000000175904,
          "mean": 0.1102568999999979,
          "p95": 0.1797919999999067,
          "sd": 0.045583729013603684,
          "rme": 15.436070643659125,
          "scoreRme": 16.057011299072858,
          "warmupRatio": 1.0630659142501964,
          "samples": 30,
          "opsPerSec": 11473.657438664908
        },
        "total_allfast": {
          "score": 1.1788924166666372,
          "median": 1.636667000000216,
          "min": 0.24495800000022427,
          "mean": 1.4413167333333452,
          "p95": 1.9727920000000267,
          "sd": 0.581411697490243,
          "rme": 15.06111142102472,
          "scoreRme": 34.828538506789045,
          "warmupRatio": 1.1950483324425991,
          "samples": 30,
          "opsPerSec": 848.2538235571467
        }
      },
      "meta": {
        "chunksStaggered": 11,
        "bytesStaggered": 18091,
        "skeletonsStaggered": 10,
        "chunksAllFast": 2,
        "bytesAllFast": 18121,
        "skeletonsAllFast": 10,
        "rendersPerSecAllFast": 848.2538235571467
      }
    },
    {
      "name": "react",
      "ops": {
        "shell_staggered": {
          "score": 0.42809741666674955,
          "median": 0.44233299999996234,
          "min": 0.23779200000035416,
          "mean": 0.4663376333333872,
          "p95": 0.7917080000001988,
          "sd": 0.16835997939401914,
          "rme": 13.479416245745918,
          "scoreRme": 25.898474147751806,
          "warmupRatio": 1.2443221159356639,
          "samples": 30,
          "opsPerSec": 2335.9169223355657
        },
        "total_staggered": {
          "score": 51.21241666666674,
          "median": 51.19591700000001,
          "min": 49.97062499999993,
          "mean": 51.2009555666667,
          "p95": 52.01745800000026,
          "sd": 0.5121511757664543,
          "rme": 0.37346748130193824,
          "scoreRme": 0.5744447248566936,
          "warmupRatio": 0.9977620450118698,
          "samples": 30,
          "opsPerSec": 19.526514565966234
        },
        "shell_allfast": {
          "score": 0.12590291666667022,
          "median": 0.129041999999572,
          "min": 0.09312500000032742,
          "mean": 0.1384320333333259,
          "p95": 0.2263329999996131,
          "sd": 0.03655916124203691,
          "rme": 9.860349536095944,
          "scoreRme": 19.172486112162986,
          "warmupRatio": 1.2121892860574552,
          "samples": 30,
          "opsPerSec": 7942.627752203028
        },
        "total_allfast": {
          "score": 1.4431318333333063,
          "median": 1.776625000000422,
          "min": 0.3916659999995318,
          "mean": 1.6140985666666288,
          "p95": 2.1880410000003394,
          "sd": 0.5088180167634839,
          "rme": 11.769692434063975,
          "scoreRme": 24.276179887921014,
          "warmupRatio": 1.1432432657168858,
          "samples": 30,
          "opsPerSec": 692.9373858313605
        }
      },
      "meta": {
        "chunksStaggered": 12,
        "bytesStaggered": 11758,
        "skeletonsStaggered": 10,
        "chunksAllFast": 7,
        "bytesAllFast": 11758,
        "skeletonsAllFast": 10,
        "rendersPerSecAllFast": 692.9373858313605
      }
    },
    {
      "name": "preact",
      "ops": {
        "shell_staggered": {
          "score": 0.5455382500001633,
          "median": 0.5642500000003565,
          "min": 0.33683300000029703,
          "mean": 0.557991666666688,
          "p95": 0.7579169999999067,
          "sd": 0.14367344418275188,
          "rme": 9.613498766104625,
          "scoreRme": 20.14895816335435,
          "warmupRatio": 1.0394231446339892,
          "samples": 30,
          "opsPerSec": 1833.0520362223926
        },
        "total_staggered": {
          "score": 51.646937583333205,
          "median": 51.78345799999988,
          "min": 50.589082999999846,
          "mean": 51.61656259999991,
          "p95": 52.27320899999995,
          "sd": 0.45944769118088136,
          "rme": 0.3323377529000595,
          "scoreRme": 0.6360158211671698,
          "warmupRatio": 0.9981788061841705,
          "samples": 30,
          "opsPerSec": 19.362232240517322
        },
        "shell_allfast": {
          "score": 0.08793391666661894,
          "median": 0.1060829999996713,
          "min": 0.07141700000011042,
          "mean": 0.11628869999998036,
          "p95": 0.19362500000079308,
          "sd": 0.03733910919300988,
          "rme": 11.98834195168987,
          "scoreRme": 8.986820878036864,
          "warmupRatio": 1.702349396850427,
          "samples": 30,
          "opsPerSec": 11372.176264947553
        },
        "total_allfast": {
          "score": 1.2402672499999123,
          "median": 1.5501249999997526,
          "min": 0.23325000000022555,
          "mean": 1.2987568333333306,
          "p95": 1.7295830000002752,
          "sd": 0.5454884169248024,
          "rme": 15.681600022414585,
          "scoreRme": 29.232905299162876,
          "warmupRatio": 1.0102716437392556,
          "samples": 30,
          "opsPerSec": 806.2778405219284
        }
      },
      "meta": {
        "chunksStaggered": 14,
        "bytesStaggered": 11319,
        "skeletonsStaggered": 10,
        "chunksAllFast": 14,
        "bytesAllFast": 11319,
        "skeletonsAllFast": 10,
        "rendersPerSecAllFast": 806.2778405219284
      }
    },
    {
      "name": "solid",
      "ops": {
        "shell_staggered": {
          "score": 2.349753666666478,
          "median": 2.411540999999488,
          "min": 1.2377910000004704,
          "mean": 2.316731966666642,
          "p95": 2.654791999999361,
          "sd": 0.34050058962063756,
          "rme": 5.487502891510235,
          "scoreRme": 6.3517551504842755,
          "warmupRatio": 0.9753489053676402,
          "samples": 30,
          "opsPerSec": 425.5765249719426
        },
        "total_staggered": {
          "score": 50.77575699999996,
          "median": 50.84187500000007,
          "min": 49.81129200000032,
          "mean": 50.80231113333339,
          "p95": 51.47200000000066,
          "sd": 0.43026869923243827,
          "rme": 0.3162197337225174,
          "scoreRme": 0.6369781295150327,
          "warmupRatio": 1.0005489808190704,
          "samples": 30,
          "opsPerSec": 19.694438036640218
        },
        "shell_allfast": {
          "score": 1.825191166666779,
          "median": 2.1625420000000304,
          "min": 0.9143340000000535,
          "mean": 2.1197583666667317,
          "p95": 3.4987920000003214,
          "sd": 0.621164284100121,
          "rme": 10.940893824528281,
          "scoreRme": 28.44785010392482,
          "warmupRatio": 1.3114912072680245,
          "samples": 30,
          "opsPerSec": 547.8878148562549
        },
        "total_allfast": {
          "score": 1.9036391666666077,