{
  "suite": "streaming-ssr",
  "iterations": 30,
  "targets": [
    {
      "name": "octane-tsrx",
      "ops": {
        "shell_staggered": {
          "score": 0.24536458333337427,
          "median": 0.26262499999984357,
          "min": 0.08595900000000256,
          "mean": 0.25065560000001974,
          "p95": 0.32591600000000653,
          "sd": 0.058523911738235936,
          "rme": 8.717433033280528,
          "scoreRme": 11.383553963564367,
          "warmupRatio": 0.9933065591169489,
          "samples": 30,
          "opsPerSec": 4075.567819995075
        },
        "total_staggered": {
          "score": 50.861034833333406,
          "median": 50.91737499999999,
          "min": 49.909000000000106,
          "mean": 50.81606106666672,
          "p95": 51.43479100000013,
          "sd": 0.4749098285390204,
          "rme": 0.3489336427249018,
          "scoreRme": 0.6404800611148533,
          "warmupRatio": 0.996084097895648,
          "samples": 30,
          "opsPerSec": 19.6614167068543
        },
        "shell_allfast": {
          "score": 0.124117999999991,
          "median": 0.11754100000007384,
          "min": 0.08500000000003638,
          "mean": 0.12956803333340758,
          "p95": 0.18191699999988487,
          "sd": 0.03152816957677291,
          "rme": 9.085180831230007,
          "scoreRme": 18.324257712137047,
          "warmupRatio": 1.0920380874124147,
          "samples": 30,
          "opsPerSec": 8056.849127443824
        },
        "total_allfast": {
          "score": 1.4081147499999436,
          "median": 1.5839169999999285,
          "min": 0.37933399999974426,
          "mean": 1.4699168000000251,
          "p95": 1.7969170000001213,
          "sd": 0.40354492421701804,
          "rme": 10.250187755047456,
          "scoreRme": 20.49655126202876,
          "warmupRatio": 1.0826902897415367,
          "samples": 30,
          "opsPerSec": 710.1693949303777
        }
      },
      "meta": {
        "chunksStaggered": 11,
        "bytesStaggered": 18995,
        "skeletonsStaggered": 10,
        "chunksAllFast": 2,
        "bytesAllFast": 19025,
        "skeletonsAllFast": 10,
        "rendersPerSecAllFast": 710.1693949303777
      }
    },
    {
      "name": "react",
      "ops": {
        "shell_staggered": {
          "score": 0.39718408333324834,
          "median": 0.4258330000002388,
          "min": 0.15754199999992125,
          "mean": 0.4176736333333338,
          "p95": 0.5828750000000582,
          "sd": 0.10093513580052968,
          "rme": 9.022730724453238,
          "scoreRme": 12.81444190238778,
          "warmupRatio": 1.1559763745152123,
          "samples": 30,
          "opsPerSec": 2517.7242542243885
        },
        "total_staggered": {
          "score": 50.88941675000009,
          "median": 50.96279199999981,
          "min": 50.24670900000001,
          "mean": 50.96305830000006,
          "p95": 51.84066699999994,
          "sd": 0.4389565602960788,
          "rme": 0.32158719441217554,
          "scoreRme": 0.6402809739968806,
          "warmupRatio": 1.0005738161003117,
          "samples": 30,
          "opsPerSec": 19.650451191307834
        },
        "shell_allfast": {
          "score": 0.07419808333330973,
          "median": 0.07199999999920692,
          "min": 0.061000000000603904,
          "mean": 0.07670976666659043,
          "p95": 0.10595800000010058,
          "sd": 0.013688188562310445,
          "rme": 6.6623585645338474,
          "scoreRme": 9.485229077836191,
          "warmupRatio": 1.0742168766682345,
          "samples": 30,
          "opsPerSec": 13477.437085643292
        },
        "total_allfast": {
          "score": 1.2507189166666801,
          "median": 1.4456669999999576,
          "min": 0.2609999999995125,
          "mean": 1.340777833333262,
          "p95": 1.5276249999997162,
          "sd": 0.3505187297078349,
          "rme": 9.760837729071998,
          "scoreRme": 22.547463170890154,
          "warmupRatio": 1.095370082819564,
          "samples": 30,
          "opsPerSec": 799.5401578038998
        }
      },
      "meta": {
        "chunksStaggered": 12,
        "bytesStaggered": 11758,
        "skeletonsStaggered": 10,
        "chunksAllFast": 7,
        "bytesAllFast": 11758,
        "skeletonsAllFast": 10,
        "rendersPerSecAllFast": 799.5401578038998
      }
    },
    {
      "name": "preact",
      "ops": {
        "shell_staggered": {
          "score": 0.29630558333330254,
          "median": 0.47616699999980483,
          "min": 0.1805420000000595,
          "mean": 0.46155700000002375,
          "p95": 0.8196670000006634,
          "sd": 0.2873128191895258,
          "rme": 23.241403286908522,
          "scoreRme": 22.64733617540944,
          "warmupRatio": 1.7837252476120986,
          "samples": 30,
          "opsPerSec": 3374.8942181597004
        },
        "total_staggered": {
          "score": 51.0057882500001,
          "median": 50.899500000000444,
          "min": 50.35658400000011,
          "mean": 50.9016250333334,
          "p95": 51.51804100000027,
          "sd": 0.32241013220256637,
          "rme": 0.23648833261711422,
          "scoreRme": 0.428847885069998,
          "warmupRatio": 0.9950162927505247,
          "samples": 30,
          "opsPerSec": 19.60561799571832
        },
        "shell_allfast": {
          "score": 0.08589566666652597,
          "median": 0.10020799999983865,
          "min": 0.06925000000046566,
          "mean": 0.12501929999995506,
          "p95": 0.2161660000001575,
          "sd": 0.057463377383982786,
          "rme": 17.161165118336676,
          "scoreRme": 17.216471369603408,
          "warmupRatio": 1.9870666739148832,
          "samples": 30,
          "opsPerSec": 11642.030835878077
        },
        "total_allfast": {
          "score": 1.1979999999998654,
          "median": 1.4005420000003141,
          "min": 0.24024999999983265,
          "mean": 1.289509566666614,
          "p95": 1.7145000000000437,
          "sd": 0.44306065930804567,
          "rme": 12.828364933090755,
          "scoreRme": 23.74025313276316,
          "warmupRatio": 1.171124026154876,
          "samples": 30,
          "opsPerSec": 834.7245409015962
        }
      },
      "meta": {
        "chunksStaggered": 14,
        "bytesStaggered": 11319,
        "skeletonsStaggered": 10,
        "chunksAllFast": 14,
        "bytesAllFast": 11319,
        "skeletonsAllFast": 10,
        "rendersPerSecAllFast": 834.7245409015962
      }
    },
    {
      "name": "solid",
      "ops": {
        "shell_staggered": {
          "score": 1.7963853333331674,
          "median": 1.8896669999994629,
          "min": 1.1694170000000668,
          "mean": 1.9747679999999188,
          "p95": 2.657000000000153,
          "sd": 0.3777152628248489,
          "rme": 7.141363477729773,
          "scoreRme": 9.053376456683882,
          "warmupRatio": 1.1842686034697576,
          "samples": 30,
          "opsPerSec": 556.6734382898319
        },
        "total_staggered": {
          "score": 50.64451391666656,
          "median": 50.62066700000014,
          "min": 49.75866599999972,
          "mean": 50.61793749999997,
          "p95": 51.41083299999991,
          "sd": 0.4684824394313656,
          "rme": 0.3455584809485346,
          "scoreRme": 0.6615592099573542,
          "warmupRatio": 1.0007851590809131,
          "samples": 30,
          "opsPerSec": 19.74547532720836
        },
        "shell_allfast": {
          "score": 1.4658366666668219,
          "median": 1.5660830000006172,
          "min": 0.774583000000348,
          "mean": 1.6093111000000135,
          "p95": 2.2299169999996593,
          "sd": 0.40513494804052314,
          "rme": 9.399232369166088,
          "scoreRme": 24.595212412366436,
          "warmupRatio": 1.1216077962300306,
          "samples": 30,
          "opsPerSec": 682.2042474035721
        },
        "total_allfast": {
          "score": 1.5016527500002514,