{
  "suite": "streaming-ssr",
  "iterations": 30,
  "targets": [
    {
      "name": "octane-tsrx",
      "ops": {
        "shell_staggered": {
          "score": 0.2275487500000016,
          "median": 0.27975000000014916,
          "min": 0.06866700000000492,
          "mean": 0.2907251333333382,
          "p95": 0.47495900000012625,
          "sd": 0.11229173592578326,
          "rme": 14.421083858979031,
          "scoreRme": 23.600968386646933,
          "warmupRatio": 1.2937711149807067,
          "samples": 30,
          "opsPerSec": 4394.66268217247
        },
        "total_staggered": {
          "score": 50.93262491666667,
          "median": 50.99695799999995,
          "min": 49.95950000000016,
          "mean": 51.04862086666667,
          "p95": 51.98237500000005,
          "sd": 0.5517866367999008,
          "rme": 0.40357090604559787,
          "scoreRme": 0.7865099360338856,
          "warmupRatio": 1.003140591783656,
          "samples": 30,
          "opsPerSec": 19.63378093385425
        },
        "shell_allfast": {
          "score": 0.10721874999997756,
          "median": 0.09620799999993324,
          "min": 0.07791699999961565,
          "mean": 0.11556663333331016,
          "p95": 0.20320799999990413,
          "sd": 0.04923633965531989,
          "rme": 15.906915802669678,
          "scoreRme": 15.505421346704132,
          "warmupRatio": 1.2419749344214104,
          "samples": 30,
          "opsPerSec": 9326.726901779859
        },
        "total_allfast": {
          "score": 1.2237464999999854,
          "median": 1.5099999999997635,
          "min": 0.31237499999997453,
          "mean": 1.3559179666666599,
          "p95": 1.6624590000001263,
          "sd": 0.43572692799343765,
          "rme": 11.998132944589447,
          "scoreRme": 25.368801968323307,
          "warmupRatio": 1.0615168936812522,
          "samples": 30,
          "opsPerSec": 817.1627048575925
        }
      },
      "meta": {
        "chunksStaggered": 11,
        "bytesStaggered": 18091,
        "skeletonsStaggered": 10,
        "chunksAllFast": 2,
        "bytesAllFast": 18121,
        "skeletonsAllFast": 10,
        "rendersPerSecAllFast": 817.1627048575925
      }
    },
    {
      "name": "react",
      "ops": {
        "shell_staggered": {
          "score": 0.42266666666667635,
          "median": 0.4648749999996653,
          "min": 0.20362500000010186,
          "mean": 0.4634500333333411,
          "p95": 0.7377089999999953,
          "sd": 0.13206443987489788,
          "rme": 10.639363840941904,
          "scoreRme": 12.227370511215966,
          "warmupRatio": 1.2423272870660726,
          "samples": 30,
          "opsPerSec": 2365.930599369031
        },
        "total_staggered": {
          "score": 51.02287841666661,
          "median": 51.0742909999999,
          "min": 50.11779200000001,
          "mean": 51.00161809999998,
          "p95": 51.62254100000018,
          "sd": 0.45717088241201553,
          "rme": 0.3346780979125626,
          "scoreRme": 0.5429625077073328,
          "warmupRatio": 1.0001970145611536,
          "samples": 30,
          "opsPerSec": 19.599051073397504
        },
        "shell_allfast": {
          "score": 0.14360416666674305,
          "median": 0.13545799999974406,
          "min": 0.09962500000074215,
          "mean": 0.15114023333344448,
          "p95": 0.30050000000028376,
          "sd": 0.05083926535969762,
          "rme": 12.558907533104522,
          "scoreRme": 24.241823547223067,
          "warmupRatio": 1.1117313216307816,
          "samples": 30,
          "opsPerSec": 6963.586246913458
        },
        "total_allfast": {
          "score": 1.406573000000056,
          "median": 1.6626249999999345,
          "min": 0.39012500000080763,
          "mean": 1.4995959333333304,
          "p95": 2.111499999999978,
          "sd": 0.5251373090538901,
          "rme": 13.074687133738408,
          "scoreRme": 26.66992314092798,
          "warmupRatio": 1.2000602409780712,
          "samples": 30,
          "opsPerSec": 710.9478142975588
        }
      },
      "meta": {
        "chunksStaggered": 12,
        "bytesStaggered": 11758,
        "skeletonsStaggered": 10,
        "chunksAllFast": 7,
        "bytesAllFast": 11758,
        "skeletonsAllFast": 10,
        "rendersPerSecAllFast": 710.9478142975588
      }
    },
    {
      "name": "preact",
      "ops": {
        "shell_staggered": {
          "score": 0.5144827499999943,
          "median": 0.6014999999997599,
          "min": 0.2900420000005397,
          "mean": 0.5874833999999889,
          "p95": 0.8763330000001588,
          "sd": 0.14954924443181422,
          "rme": 9.504325655545461,
          "scoreRme": 18.424848671392528,
          "warmupRatio": 1.2770849297990259,
          "samples": 30,
          "opsPerSec": 1943.6997644722026
        },
        "total_staggered": {
          "score": 50.91134391666666,
          "median": 50.910249999999905,
          "min": 50.07733300000018,
          "mean": 50.906884833333336,
          "p95": 51.84462499999972,
          "sd": 0.42534210641619424,
          "rme": 0.31195686020790714,
          "scoreRme": 0.4520689052606728,
          "warmupRatio": 1.0023734723417341,
          "samples": 30,
          "opsPerSec": 19.64198787674575
        },
        "shell_allfast": {
          "score": 0.09110416666680976,
          "median": 0.10558399999990797,
          "min": 0.07200000000011642,
          "mean": 0.12409853333347201,
          "p95": 0.21612499999991996,
          "sd": 0.05264323858851753,
          "rme": 15.838302565871484,
          "scoreRme": 11.996549402785702,
          "warmupRatio": 1.8914155042292526,
          "samples": 30,
          "opsPerSec": 10976.446375468697
        },
        "total_allfast": {
          "score": 1.3162985833333398,
          "median": 1.4322910000000775,
          "min": 0.25254099999983737,
          "mean": 1.3467902000000624,
          "p95": 1.912583000000268,
          "sd": 0.4338626619775073,
          "rme": 12.02776720916916,
          "scoreRme": 16.088913517910257,
          "warmupRatio": 1.0886930226001204,
          "samples": 30,
          "opsPerSec": 759.7060520020021
        }
      },
      "meta": {
        "chunksStaggered": 14,
        "bytesStaggered": 11319,
        "skeletonsStaggered": 10,
        "chunksAllFast": 14,
        "bytesAllFast": 11319,
        "skeletonsAllFast": 10,
        "rendersPerSecAllFast": 759.7060520020021
      }
    },
    {
      "name": "solid",
      "ops": {
        "shell_staggered": {
          "score": 1.926142166666826,
          "median": 2.2658330000003843,
          "min": 0.6754160000000411,
          "mean": 2.172777633333438,
          "p95": 2.6136249999999563,
          "sd": 0.4081471259378981,
          "rme": 7.013489411667273,
          "scoreRme": 16.51763621121162,
          "warmupRatio": 1.2019959499354234,
          "samples": 30,
          "opsPerSec": 519.1724771440378
        },
        "total_staggered": {
          "score": 50.50787133333347,
          "median": 50.77445799999987,
          "min": 49.78575000000001,
          "mean": 50.710713766666835,
          "p95": 51.380958000000646,
          "sd": 0.47805701782485194,
          "rme": 0.3519756823617876,
          "scoreRme": 0.6877763608306389,
          "warmupRatio": 1.0045548461509117,
          "samples": 30,
          "opsPerSec": 19.79889418424241
        },
        "shell_allfast": {
          "score": 1.410496500000363,
          "median": 1.9320830000006026,
          "min": 0.7766670000000886,
          "mean": 1.8524430333335051,
          "p95": 2.594000000000051,
          "sd": 0.5745305665806806,
          "rme": 11.579797449696223,
          "scoreRme": 23.355914100821483,
          "warmupRatio": 1.5661866229370245,
          "samples": 30,
          "opsPerSec": 708.970210135043
        },
        "total_allfast": {
          "score": 1.4727639166669633,