{
  "suite": "streaming-ssr",
  "iterations": 30,
  "targets": [
    {
      "name": "octane-tsrx",
      "ops": {
        "shell_staggered": {
          "score": 0.15469099999998548,
          "median": 0.1910410000000411,
          "min": 0.06987499999991087,
          "mean": 0.20173609999998235,
          "p95": 0.46795800000006693,
          "sd": 0.10382202760571416,
          "rme": 19.21491955133603,
          "scoreRme": 25.236402390235906,
          "warmupRatio": 1.3146956405564465,
          "samples": 30,
          "opsPerSec": 6464.500197167863
        },
        "total_staggered": {
          "score": 51.35581258333332,
          "median": 51.26299999999992,
          "min": 50.38537499999984,
          "mean": 51.29662643333332,
          "p95": 52.115291999999954,
          "sd": 0.5059078084898809,
          "rme": 0.36822668935485925,
          "scoreRme": 0.6254934753323883,
          "warmupRatio": 0.9980113546089006,
          "samples": 30,
          "opsPerSec": 19.471992549574292
        },
        "shell_allfast": {
          "score": 0.07484041666665082,
          "median": 0.08520899999984977,
          "min": 0.04316700000026685,
          "mean": 0.0873973000000054,
          "p95": 0.14108399999986432,
          "sd": 0.03161627128893989,
          "rme": 13.506577610490798,
          "scoreRme": 17.928887290789007,
          "warmupRatio": 1.3451766814947845,
          "samples": 30,
          "opsPerSec": 13361.76419826914
        },
        "total_allfast": {
          "score": 1.2567709166666343,
          "median": 1.6212909999999283,
          "min": 0.2199590000000171,
          "mean": 1.42605409999998,
          "p95": 1.8771669999996448,
          "sd": 0.5288155304371178,
          "rme": 13.845252629242763,
          "scoreRme": 30.321808687435407,
          "warmupRatio": 1.2704487180805133,
          "samples": 30,
          "opsPerSec": 795.689959672464
        }
      },
      "meta": {
        "chunksStaggered": 11,
        "bytesStaggered": 17737,
        "skeletonsStaggered": 10,
        "chunksAllFast": 2,
        "bytesAllFast": 17737,
        "skeletonsAllFast": 10,
        "rendersPerSecAllFast": 795.689959672464
      }
    },
    {
      "name": "react",
      "ops": {
        "shell_staggered": {
          "score": 0.3050277499999841,
          "median": 0.3278750000004038,
          "min": 0.15766600000006292,
          "mean": 0.3431651666666312,
          "p95": 0.5697919999997794,
          "sd": 0.13362083692142437,
          "rme": 14.537966864667041,
          "scoreRme": 21.25150339982327,
          "warmupRatio": 1.2148706142309944,
          "samples": 30,
          "opsPerSec": 3278.3902448221584
        },
        "total_staggered": {
          "score": 50.9366840833333,
          "median": 51.27695799999992,
          "min": 50.1240829999997,
          "mean": 54.820344366666646,
          "p95": 51.94787499999984,
          "sd": 20.140609291145484,
          "rme": 13.71713870907009,
          "scoreRme": 0.6080309735481694,
          "warmupRatio": 1.0044282181704454,
          "samples": 30,
          "opsPerSec": 19.63221630925136
        },
        "shell_allfast": {
          "score": 0.07363199999986136,
          "median": 0.08454100000017206,
          "min": 0.059917000000496046,
          "mean": 0.09472773333330527,
          "p95": 0.17050000000017462,
          "sd": 0.03923672735653261,
          "rme": 15.464942734557255,
          "scoreRme": 10.214376114826926,
          "warmupRatio": 1.7032891043778566,
          "samples": 30,
          "opsPerSec": 13581.051716670509
        },
        "total_allfast": {
          "score": 1.338909749999857,
          "median": 1.5776250000008076,
          "min": 0.27524999999968713,
          "mean": 1.4144235999999788,
          "p95": 1.8942079999997077,
          "sd": 0.47286034153290507,
          "rme": 12.482054730437394,
          "scoreRme": 23.54442187883407,
          "warmupRatio": 1.0452429672725692,
          "samples": 30,
          "opsPerSec": 746.876329790045
        }
      },
      "meta": {
        "chunksStaggered": 12,
        "bytesStaggered": 11758,
        "skeletonsStaggered": 10,
        "chunksAllFast": 7,
        "bytesAllFast": 11758,
        "skeletonsAllFast": 10,
        "rendersPerSecAllFast": 746.876329790045
      }
    },
    {
      "name": "preact",
      "ops": {
        "shell_staggered": {
          "score": 0.5221944166665556,
          "median": 0.531290999999328,
          "min": 0.364582999999584,
          "mean": 0.6222929333333317,
          "p95": 1.1127080000005662,
          "sd": 0.258692957423191,
          "rme": 15.521097302513123,
          "scoreRme": 17.25590023948275,
          "warmupRatio": 1.4606828267831429,
          "samples": 30,
          "opsPerSec": 1914.9955803501907
        },
        "total_staggered": {
          "score": 51.362256833333355,
          "median": 51.31512500000008,
          "min": 50.281332999999904,
          "mean": 51.30884566666673,
          "p95": 52.06741599999987,
          "sd": 0.44511719172184017,
          "rme": 0.3239028797078569,
          "scoreRme": 0.5176123120446409,
          "warmupRatio": 0.9999691066923916,
          "samples": 30,
          "opsPerSec": 19.46954946401449
        },
        "shell_allfast": {
          "score": 0.18146891666682072,
          "median": 0.17925000000013824,
          "min": 0.11895800000002055,
          "mean": 0.2031945333334382,
          "p95": 0.33758400000078836,
          "sd": 0.06298844244542914,
          "rme": 11.573948210621952,
          "scoreRme": 17.66761368337957,
          "warmupRatio": 1.2025897915473998,
          "samples": 30,
          "opsPerSec": 5510.585605335446
        },
        "total_allfast": {
          "score": 1.4836945000001833,
          "median": 1.8708329999999478,
          "min": 0.39100000000053114,
          "mean": 1.663206933333519,
          "p95": 2.114958000000115,
          "sd": 0.517686647436842,
          "rme": 11.621263854241532,
          "scoreRme": 27.56988633156947,
          "warmupRatio": 1.1581190849373315,
          "samples": 30,
          "opsPerSec": 673.9931973865755
        }
      },
      "meta": {
        "chunksStaggered": 14,
        "bytesStaggered": 11319,
        "skeletonsStaggered": 10,
        "chunksAllFast": 14,
        "bytesAllFast": 11319,
        "skeletonsAllFast": 10,
        "rendersPerSecAllFast": 673.9931973865755
      }
    },
    {
      "name": "solid",
      "ops": {
        "shell_staggered": {
          "score": 2.2580555833333924,
          "median": 2.3229160000000775,
          "min": 1.019666000000143,
          "mean": 2.284641700000096,
          "p95": 2.955832999999984,
          "sd": 0.46566067041293036,
          "rme": 7.6099910262518815,
          "scoreRme": 6.159269923171546,
          "warmupRatio": 1.068538540182844,
          "samples": 30,
          "opsPerSec": 442.8588947858305
        },
        "total_staggered": {
          "score": 50.906965333333346,
          "median": 51.01645800000006,
          "min": 50.26750000000084,
          "mean": 51.047800033333324,
          "p95": 51.6812089999994,
          "sd": 0.4005530650824024,
          "rme": 0.29296498306099017,
          "scoreRme": 0.49206324700106185,
          "warmupRatio": 1.0039640678902246,
          "samples": 30,
          "opsPerSec": 19.64367731315562
        },
        "shell_allfast": {
          "score": 1.7502325000000383,
          "median": 1.99737499999992,
          "min": 0.9152079999994385,
          "mean": 2.004899933333218,
          "p95": 3.4210830000001806,
          "sd": 0.6836295218539516,
          "rme": 12.73094941739435,
          "scoreRme": 23.1547907845131,
          "warmupRatio": 1.268779862103845,
          "samples": 30,
          "opsPerSec": 571.3526631461696
        },
        "total_allfast": {
          "score": 1.8000067500001176,