{
  "suite": "tanstack-start",
  "iterations": 7,
  "targets": [
    {
      "name": "react",
      "ops": {
        "cold_spawn_to_listen": {
          "score": 67.15500584670475,
          "median": 65.18266594409943,
          "min": 64.62899994850159,
          "mean": 67.15500584670475,
          "p95": 70.74083304405212,
          "sd": 2.8775060662910876,
          "rme": 3.9629884442321064,
          "scoreRme": 3.9629884442321064,
          "warmupRatio": 1,
          "samples": 7
        },
        "cold_listen_to_first_byte": {
          "score": 16.751149007252284,
          "median": 16.353750109672546,
          "min": 15.940124988555908,
          "mean": 16.751149007252284,
          "p95": 18.28045892715454,
          "sd": 0.8762731641864865,
          "rme": 4.838155906940899,
          "scoreRme": 4.838155906940899,
          "warmupRatio": 1,
          "samples": 7
        },
        "cold_spawn_to_first_byte": {
          "score": 83.90615485395703,
          "median": 83.36645901203156,
          "min": 80.64604198932648,
          "mean": 83.90615485395703,
          "p95": 88.12975001335144,
          "sd": 3.238657136206648,
          "rme": 3.5699004330170507,
          "scoreRme": 3.5699004330170507,
          "warmupRatio": 1,
          "samples": 7
        },
        "warm_ttfb_posts": {
          "score": 0.7349548240502676,
          "median": 0.830875039100647,
          "min": 0.5480829477310181,
          "mean": 0.8859330671174186,
          "p95": 1.3920420408248901,
          "sd": 0.27652025021669596,
          "rme": 12.10387333157402,
          "scoreRme": 16.036548252017095,
          "warmupRatio": 1.4427618110788325,
          "samples": 28
        },
        "warm_total_posts": {
          "score": 0.7469409207503,
          "median": 0.8430830240249634,
          "min": 0.5559580326080322,
          "mean": 0.9004390111991337,
          "p95": 1.4079591035842896,
          "sd": 0.27921443821288594,
          "rme": 12.024912096977486,
          "scoreRme": 15.898173460892759,
          "warmupRatio": 1.440203161251097,
          "samples": 28
        },
        "warm_ttfb_deferred": {
          "score": 2.233249992132187,
          "median": 2.58412504196167,
          "min": 0.6458339691162109,
          "mean": 2.4260892144271304,
          "p95": 3.7620409727096558,
          "sd": 0.7531997172060784,
          "rme": 12.03931345707997,
          "scoreRme": 15.025716281118362,
          "warmupRatio": 1.0254735693467316,
          "samples": 28
        },
        "warm_total_deferred": {
          "score": 82.33053132891655,
          "median": 82.76499998569489,
          "min": 80.9953750371933,
          "mean": 82.63501635619572,
          "p95": 83.95266592502594,
          "sd": 0.8196627502848278,
          "rme": 0.38465326426808516,
          "scoreRme": 0.48955076014230725,
          "warmupRatio": 1.003482363512638,
          "samples": 28
        },
        "warm_stream_tail_deferred": {
          "score": 80.09728133678436,
          "median": 80.47179198265076,
          "min": 78.93345808982849,
          "mean": 80.2089271417686,
          "p95": 81.10337495803833,
          "sd": 0.6242632456128168,
          "rme": 0.3018167924924624,
          "scoreRme": 0.5237788202532555,
          "warmupRatio": 1.0028692108633055,
          "samples": 28
        },
        "warm_seq_request_home": {
          "score": 0.8550069828828176,
          "median": 0.8757079839706421,
          "min": 0.543665885925293,
          "mean": 1.0287693440914154,
          "p95": 2.0243749618530273,
          "sd": 0.44489047288496825,
          "rme": 16.770014264428077,
          "scoreRme": 29.046178175292535,
          "warmupRatio": 1.4724214059050011,
          "samples": 28,
          "opsPerSec": 1169.5810911722745
        }
      },
      "meta": {
        "deferredChunks": 8,
        "deferredBytes": 5176,
        "serverBundleBytes": 193688,
        "nodeVersion": "v24.18.0"
      }
    },
    {
      "name": "octane-minimal",
      "ops": {
        "cold_spawn_to_listen": {
          "score": 38.73630954538073,
          "median": 39.01762497425079,
          "min": 34.9641250371933,
          "mean": 38.73630954538073,
          "p95": 45.909250020980835,
          "sd": 4.000458659081565,
          "rme": 9.551608063391912,
          "scoreRme": 9.551608063391912,
          "warmupRatio": 1,
          "samples": 7
        },
        "cold_listen_to_first_byte": {
          "score": 16.457374726022994,
          "median": 16.211583018302917,
          "min": 15.65862500667572,
          "mean": 16.457374726022994,
          "p95": 18.28920805454254,
          "sd": 0.8791312188811321,
          "rme": 4.940581797922849,
          "scoreRme": 4.940581797922849,
          "warmupRatio": 1,
          "samples": 7
        },
        "cold_spawn_to_first_byte": {
          "score": 55.19368427140372,
          "median": 55.303624987602234,
          "min": 50.62275004386902,
          "mean": 55.19368427140372,
          "p95": 62.36616599559784,
          "sd": 4.341355216873859,
          "rme": 7.274797123598861,
          "scoreRme": 7.274797123598861,
          "warmupRatio": 1,
          "samples": 7
        },
        "warm_ttfb_posts": {
          "score": 1.7024166584014893,
          "median": 1.8312499523162842,
          "min": 1.560791015625,
          "mean": 2.0820074549743106,
          "p95": 3.538166046142578,
          "sd": 0.6221976207412048,
          "rme": 11.588958471122709,
          "scoreRme": 4.468098383988582,
          "warmupRatio": 1.498517204253941,
          "samples": 28
        },
        "warm_total_posts": {
          "score": 1.717607746521632,
          "median": 1.8446249961853027,
          "min": 1.5680409669876099,
          "mean": 2.0946189888886044,
          "p95": 3.5538330078125,
          "sd": 0.6254831010087691,
          "rme": 11.580008683800257,
          "scoreRme": 4.676784767573645,
          "warmupRatio": 1.491979317276917,
          "samples": 28
        },
        "warm_ttfb_deferred": {
          "score": 1.837322900692622,
          "median": 1.840041995048523,
          "min": 1.2272920608520508,
          "mean": 2.023767816168921,
          "p95": 3.5707499980926514,
          "sd": 0.5991675677751386,
          "rme": 11.481164862190578,
          "scoreRme": 12.7198743057501,
          "warmupRatio": 1.2530004883077692,
          "samples": 28
        },
        "warm_total_deferred": {
          "score": 82.95030214389165,
          "median": 83.11058294773102,
          "min": 81.97970795631409,
          "mean": 83.14616961564336,
          "p95": 84.5205420255661,
          "sd": 0.7196496601462995,
          "rme": 0.3356427096483106,
          "scoreRme": 0.35622290708795173,
          "warmupRatio": 1.005860894510307,
          "samples": 28
        },
        "warm_stream_tail_deferred": {
          "score": 81.11297924319904,
          "median": 81.19987499713898,
          "min": 80.30641603469849,
          "mean": 81.12240179947445,
          "p95": 82.08479106426239,
          "sd": 0.541887936760614,
          "rme": 0.2590401145504381,
          "scoreRme": 0.4398361540082961,
          "warmupRatio": 1.0002628356103802,
          "samples": 28
        },
        "warm_seq_request_home": {
          "score": 1.237433910369873,
          "median": 1.2422080039978027,
          "min": 0.967290997505188,
          "mean": 1.3678243245397295,
          "p95": 2.0920000076293945,
          "sd": 0.3633856201659274,
          "rme": 10.302337084670459,
          "scoreRme": 15.974145963857097,
          "warmupRatio": 1.2452347936697306,
          "samples": 28,
          "opsPerSec": 808.1239665568053
        }
      },
      "meta": {
        "deferredChunks": 6,
        "deferredBytes": 14336,
        "serverBundleBytes": 522985,
        "nodeVersion": "v24.18.0"
      }
    },
    {
      "name": "octane-nitro",