{
  "suite": "todomvc",
  "iterations": 8,
  "targets": [
    {
      "name": "octane-tsrx",
      "ops": {
        "add100": {
          "score": 2.5599999964237212,
          "median": 2.7999999970197678,
          "min": 1.5999999940395355,
          "mean": 2.937499998137355,
          "p95": 4.100000008940697,
          "sd": 0.947081990298268,
          "rme": 26.958508119428693,
          "scoreRme": 45.31078849306264,
          "warmupRatio": 1,
          "samples": 8
        },
        "toggleAllOn": {
          "score": 0.24000000059604645,
          "median": 0.29999999701976776,
          "min": 0.19999998807907104,
          "mean": 0.24999999813735485,
          "p95": 0.30000001192092896,
          "sd": 0.053452251170237386,
          "rme": 17.877720638931752,
          "scoreRme": 28.33243311730125,
          "warmupRatio": 0.9999999875823656,
          "samples": 8
        },
        "toggleAllOff": {
          "score": 0.24000000059604645,
          "median": 0.29999999701976776,
          "min": 0.20000000298023224,
          "mean": 0.28750000335276127,
          "p95": 0.4000000059604645,
          "sd": 0.08345229712373657,
          "rme": 24.270939804302095,
          "scoreRme": 28.33242959908323,
          "warmupRatio": 1,
          "samples": 8
        },
        "complete25": {
          "score": 1.119999998807907,
          "median": 1,
          "min": 1,
          "mean": 1.099999999627471,
          "p95": 1.5,
          "sd": 0.17728105232573763,
          "rme": 13.47583818917101,
          "scoreRme": 24.030641619721756,
          "warmupRatio": 0.9464285719037361,
          "samples": 8
        },
        "filterCycle": {
          "score": 0.8799999952316284,
          "median": 0.9000000059604645,
          "min": 0.7999999970197678,
          "mean": 0.9124999977648258,
          "p95": 1,
          "sd": 0.08345229744259197,
          "rme": 7.647008568619321,
          "scoreRme": 11.803228416123138,
          "warmupRatio": 1.09090909614297,
          "samples": 8
        },
        "edit10": {
          "score": 1.2199999928474425,
          "median": 1.2000000029802322,
          "min": 1.0999999940395355,
          "mean": 1.2499999962747097,
          "p95": 1.5999999940395355,
          "sd": 0.1690308484269475,
          "rme": 11.306862509515065,
          "scoreRme": 11.147186062757012,
          "warmupRatio": 1.032786888369499,
          "samples": 8
        },
        "clearCompleted": {
          "score": 0.32000000178813937,
          "median": 0.30000001192092896,
          "min": 0.29999999701976776,
          "mean": 0.33750000037252903,
          "p95": 0.4000000059604645,
          "sd": 0.05175491746481592,
          "rme": 12.822242738353925,
          "scoreRme": 17.35000080792251,
          "warmupRatio": 1.062499986612238,
          "samples": 8
        },
        "destroy25": {
          "score": 0.8799999982118607,
          "median": 0.9000000059604645,
          "min": 0.7999999970197678,
          "mean": 0.8874999992549419,
          "p95": 1,
          "sd": 0.08345229744259197,
          "rme": 7.862417248034581,
          "scoreRme": 11.803228501779872,
          "warmupRatio": 1,
          "samples": 8
        },
        "comments_100": {
          "median": 310,
          "min": 310,
          "samples": 1
        }
      }
    },
    {
      "name": "react",
      "ops": {
        "add100": {
          "score": 14.060000002384186,
          "median": 14.299999997019768,
          "min": 12.700000002980232,
          "mean": 13.812500001862645,
          "p95": 15,
          "sd": 0.9046506815573054,
          "rme": 5.476395125337113,
          "scoreRme": 8.436931580899502,
          "warmupRatio": 0.955903271785009,
          "samples": 8
        },
        "toggleAllOn": {
          "score": 0.40000000298023225,
          "median": 0.4000000059604645,
          "min": 0.29999999701976776,
          "mean": 0.4250000026077032,
          "p95": 0.5,
          "sd": 0.07071067766708147,
          "rme": 13.911764531679474,
          "scoreRme": 21.946207125080566,
          "warmupRatio": 1,
          "samples": 8
        },
        "toggleAllOff": {
          "score": 0.3800000011920929,
          "median": 0.4000000059604645,
          "min": 0.29999999701976776,
          "mean": 0.3875000011175871,
          "p95": 0.4000000059604645,
          "sd": 0.035355340715097064,
          "rme": 7.6290325933463174,
          "scoreRme": 14.610527031953463,
          "warmupRatio": 1.0526315834878885,
          "samples": 8
        },
        "complete25": {
          "score": 6.400000002980232,
          "median": 6.4000000059604645,
          "min": 6.200000002980232,
          "mean": 6.387500001117587,
          "p95": 6.5,
          "sd": 0.11259916278775121,
          "rme": 1.4739759578387188,
          "scoreRme": 2.3757465684714427,
          "warmupRatio": 0.9999999995343387,
          "samples": 8
        },
        "filterCycle": {
          "score": 1.1599999964237213,
          "median": 1.2000000029802322,
          "min": 1.0999999940395355,
          "mean": 1.1874999981373549,
          "p95": 1.300000011920929,
          "sd": 0.0834523003122908,
          "rme": 5.876122570668476,
          "scoreRme": 9.572414054405327,
          "warmupRatio": 1.0344827618099988,
          "samples": 8
        },
        "edit10": {
          "score": 5.559999996423722,
          "median": 5.5999999940395355,
          "min": 5.200000002980232,
          "mean": 5.524999996647239,
          "p95": 5.799999997019768,
          "sd": 0.2052872535812894,
          "rme": 3.106818296165269,
          "scoreRme": 4.630137587557225,
          "warmupRatio": 1.000000000536013,
          "samples": 8
        },
        "clearCompleted": {
          "score": 0.39999999701976774,
          "median": 0.4000000059604645,
          "min": 0.3999999910593033,
          "mean": 0.4124999977648258,
          "p95": 0.5,
          "sd": 0.0353553399624749,
          "rme": 7.166666888571561,
          "scoreRme": 0.000002533116778965457,
          "warmupRatio": 1.0499999973922969,
          "samples": 8
        },
        "destroy25": {
          "score": 6.060000002384186,
          "median": 6,
          "min": 5.5,
          "mean": 5.9375,
          "p95": 6.100000008940697,
          "sd": 0.20658792848304786,
          "rme": 2.9092930522946494,
          "scoreRme": 1.1220765335792122,
          "warmupRatio": 0.9669966991911639,
          "samples": 8
        },
        "comments_100": {
          "median": 0,
          "min": 0,
          "samples": 1
        }
      }
    },
    {
      "name": "solid",
      "ops": {
        "add100": {
          "score": 2.4200000017881393,
          "median": 2.9000000059604645,
          "min": 1.6000000089406967,
          "mean": 2.6375000029802322,
          "p95": 3.5,
          "sd": 0.6864765102050874,
          "rme": 21.763030161890644,
          "scoreRme": 41.423127935272866,
          "warmupRatio": 1,
          "samples": 8
        },
        "toggleAllOn": {
          "score": 1.1,
          "median": 1.0999999940395355,
          "min": 1,
          "mean": 1.087500000372529,
          "p95": 1.2000000029802322,
          "sd": 0.0640869951935342,
          "rme": 4.927501842830212,
          "scoreRme": 7.980439014033672,
          "warmupRatio": 0.9636363630945031,
          "samples": 8
        },
        "toggleAllOff": {
          "score": 0.9799999982118607,
          "median": 1,
          "min": 0.8999999910593033,
          "mean": 1.012499999254942,
          "p95": 1.1000000089406967,
          "sd": 0.08345229616717041,
          "rme": 6.891748345938402,
          "scoreRme": 10.598817089540612,
          "warmupRatio": 1.0204081651271755,
          "samples": 8
        },
        "complete25": {
          "score": 1.1000000029802321,
          "median": 1.2000000029802322,
          "min": 0.7000000029802322,