{
  "suite": "todomvc",
  "iterations": 8,
  "targets": [
    {
      "name": "octane-tsrx",
      "ops": {
        "add100": {
          "median": 2.699999988079071,
          "min": 2,
          "samples": 8
        },
        "toggleAllOn": {
          "median": 0.20000004768371582,
          "min": 0.10000002384185791,
          "samples": 8
        },
        "toggleAllOff": {
          "median": 0.20000004768371582,
          "min": 0.10000002384185791,
          "samples": 8
        },
        "complete25": {
          "median": 0.8999999761581421,
          "min": 0.699999988079071,
          "samples": 8
        },
        "filterCycle": {
          "median": 0.699999988079071,
          "min": 0.6000000238418579,
          "samples": 8
        },
        "edit10": {
          "median": 0.7999999523162842,
          "min": 0.6000000238418579,
          "samples": 8
        },
        "clearCompleted": {
          "median": 0.2999999523162842,
          "min": 0.10000002384185791,
          "samples": 8
        },
        "destroy25": {
          "median": 0.7000000476837158,
          "min": 0.6000000238418579,
          "samples": 8
        },
        "comments_100": {
          "median": 310,
          "min": 310,
          "samples": 1
        }
      }
    },
    {
      "name": "react",
      "ops": {
        "add100": {
          "median": 51.19999998807907,
          "min": 44.799999952316284,
          "samples": 8
        },
        "toggleAllOn": {
          "median": 1.300000011920929,
          "min": 1.199999988079071,
          "samples": 8
        },
        "toggleAllOff": {
          "median": 1.100000023841858,
          "min": 1,
          "samples": 8
        },
        "complete25": {
          "median": 20.80000001192093,
          "min": 19.399999976158142,
          "samples": 8
        },
        "filterCycle": {
          "median": 2.800000011920929,
          "min": 2.600000023841858,
          "samples": 8
        },
        "edit10": {
          "median": 17.19999998807907,
          "min": 16.30000001192093,
          "samples": 8
        },
        "clearCompleted": {
          "median": 1,
          "min": 0.8999999761581421,
          "samples": 8
        },
        "destroy25": {
          "median": 17.399999976158142,
          "min": 16.19999998807907,
          "samples": 8
        },
        "comments_100": {
          "median": 0,
          "min": 0,
          "samples": 1
        }
      }
    },
    {
      "name": "solid",
      "ops": {
        "add100": {
          "median": 2.300000011920929,
          "min": 1.5,
          "samples": 8
        },
        "toggleAllOn": {
          "median": 1.0999999642372131,
          "min": 0.5999999642372131,
          "samples": 8
        },
        "toggleAllOff": {
          "median": 0.9000000357627869,
          "min": 0.800000011920929,
          "samples": 8
        },
        "complete25": {
          "median": 1,
          "min": 0.699999988079071,
          "samples": 8
        },
        "filterCycle": {
          "median": 1.100000023841858,
          "min": 0.800000011920929,
          "samples": 8
        },
        "edit10": {
          "median": 1.800000011920929,
          "min": 1.300000011920929,
          "samples": 8
        },
        "clearCompleted": {
          "median": 0.30000001192092896,
          "min": 0.20000004768371582,
          "samples": 8
        },
        "destroy25": {
          "median": 0.9000000357627869,
          "min": 0.699999988079071,
          "samples": 8
        },
        "comments_100": {
          "median": 0,
          "min": 0,
          "samples": 1
        }
      }
    },
    {
      "name": "ripple",
      "ops": {
        "add100": {
          "median": 2.5,
          "min": 1.5999999642372131,
          "samples": 8
        },
        "toggleAllOn": {
          "median": 0.30000001192092896,
          "min": 0.19999998807907104,
          "samples": 8
        },
        "toggleAllOff": {
          "median": 0.30000001192092896,
          "min": 0.19999998807907104,
          "samples": 8
        },
        "complete25": {
          "median": 0.800000011920929,
          "min": 0.5999999642372131,
          "samples": 8
        },
        "filterCycle": {
          "median": 0.9000000357627869,
          "min": 0.699999988079071,
          "samples": 8
        },
        "edit10": {
          "median": 1.100000023841858,
          "min": 0.9000000357627869,
          "samples": 8
        },
        "clearCompleted": {
          "median": 0.19999998807907104,
          "min": 0.10000002384185791,
          "samples": 8
        },
        "destroy25": {
          "median": 0.30000001192092896,
          "min": 0.2999999523162842,
          "samples": 8
        },
        "comments_100": {
          "median": 104,
          "min": 104,
          "samples": 1
        }
      }
    },
    {
      "name": "vue-vapor",
      "ops": {
        "add100": {
          "median": 1.0999999642372131,
          "min": 1,
          "samples": 8
        },
        "toggleAllOn": {
          "median": 0.2999999523162842,
          "min": 0.10000002384185791,
          "samples": 8
        },
        "toggleAllOff": {
          "median": 0.19999998807907104,
          "min": 0.19999998807907104,
          "samples": 8
        },
        "complete25": {
          "median": 0.5999999642372131,
          "min": 0.3999999761581421,
          "samples": 8
        },
        "filterCycle": {
          "median": 0.7000000476837158,
          "min": 0.699999988079071,
          "samples": 8
        },
        "edit10": {
          "median": 2.099999964237213,
          "min": 1.800000011920929,
          "samples": 8
        },
        "clearCompleted": {
          "median": 0.20000004768371582,
          "min": 0.10000002384185791,
          "samples": 8
        },
        "destroy25": {
          "median": 0.6000000238418579,
          "min": 0.5,
          "samples": 8
        },
        "comments_100": {
          "median": 103,
          "min": 103,
          "samples": 1
        }
      }
    }
  ],
  "harnessExit": 0
}
