{
  "suite": "weather-app-lighthouse",
  "iterations": 5,
  "targets": [
    {
      "name": "octane-tsrx",
      "ops": {
        "first_contentful_paint": {
          "score": 362.51122,
          "median": 362.4013,
          "min": 362.0931,
          "mean": 362.51122,
          "p95": 362.8524,
          "sd": 0.32149416324406493,
          "rme": 0.11009969082841663,
          "scoreRme": 0.11009969082841663,
          "warmupRatio": 1,
          "samples": 5
        },
        "largest_contentful_paint": {
          "score": 403.7668299999999,
          "median": 403.60195,
          "min": 403.13964999999996,
          "mean": 403.7668299999999,
          "p95": 404.2786,
          "sd": 0.4822412448660998,
          "rme": 0.1482750820956454,
          "scoreRme": 0.1482750820956454,
          "warmupRatio": 1,
          "samples": 5
        },
        "speed_index": {
          "score": 362.51122,
          "median": 362.4013,
          "min": 362.0931,
          "mean": 362.51122,
          "p95": 362.8524,
          "sd": 0.32149416324406493,
          "rme": 0.11009969082841663,
          "scoreRme": 0.11009969082841663,
          "warmupRatio": 1,
          "samples": 5
        },
        "total_blocking_time": {
          "score": 0,
          "median": 0,
          "min": 0,
          "mean": 0,
          "p95": 0,
          "sd": 0,
          "rme": 0,
          "scoreRme": 0,
          "warmupRatio": 1,
          "samples": 5
        },
        "cumulative_layout_shift": {
          "score": 0,
          "median": 0,
          "min": 0,
          "mean": 0,
          "p95": 0,
          "sd": 0,
          "rme": 0,
          "scoreRme": 0,
          "warmupRatio": 1,
          "samples": 5
        }
      },
      "meta": {
        "gate": "passed",
        "categories": {
          "performance": {
            "threshold": 80,
            "score": 100,
            "median": 100,
            "min": 100,
            "samples": [100, 100, 100, 100, 100],
            "meetsThreshold": true
          },
          "accessibility": {
            "threshold": 90,
            "score": 100,
            "median": 100,
            "min": 100,
            "samples": [100, 100, 100, 100, 100],
            "meetsThreshold": true
          },
          "best-practices": {
            "threshold": 80,
            "score": 100,
            "median": 100,
            "min": 100,
            "samples": [100, 100, 100, 100, 100],
            "meetsThreshold": true
          },
          "seo": {
            "threshold": 90,
            "score": 100,
            "median": 100,
            "min": 100,
            "samples": [100, 100, 100, 100, 100],
            "meetsThreshold": true
          }
        },
        "suboptimalAudits": {
          "performance": [],
          "accessibility": [],
          "best-practices": [],
          "seo": []
        },
        "lighthouseVersion": "13.4.0",
        "chromeUserAgent": "Mozilla/5.0 (Macintosh; Intel Mac OS X 10_15_7) AppleWebKit/537.36 (KHTML, like Gecko) HeadlessChrome/149.0.0.0 Safari/537.36",
        "runWarnings": [],
        "networkRequestCount": 8,
        "formFactor": "desktop",
        "throttlingMethod": "simulate",
        "mockMode": true
      }
    },
    {
      "name": "react",
      "ops": {
        "first_contentful_paint": {
          "score": 362.5285400000001,
          "median": 362.4384,
          "min": 361.9825,
          "mean": 362.5285400000001,
          "p95": 363.2377,
          "sd": 0.5085847943067162,
          "rme": 0.17416289258560225,
          "scoreRme": 0.17416289258560225,
          "warmupRatio": 1,
          "samples": 5
        },
        "largest_contentful_paint": {
          "score": 403.79281000000003,
          "median": 403.6576,
          "min": 402.97375,
          "mean": 403.79281000000003,
          "p95": 404.85655,
          "sd": 0.7628771914600829,
          "rme": 0.23454733816794282,
          "scoreRme": 0.23454733816794282,
          "warmupRatio": 1,
          "samples": 5
        },
        "speed_index": {
          "score": 362.5285400000001,
          "median": 362.4384,
          "min": 361.9825,
          "mean": 362.5285400000001,
          "p95": 363.2377,
          "sd": 0.5085847943067162,
          "rme": 0.17416289258560225,
          "scoreRme": 0.17416289258560225,
          "warmupRatio": 1,
          "samples": 5
        },
        "total_blocking_time": {
          "score": 0,
          "median": 0,
          "min": 0,
          "mean": 0,
          "p95": 0,
          "sd": 0,
          "rme": 0,
          "scoreRme": 0,
          "warmupRatio": 1,
          "samples": 5
        },
        "cumulative_layout_shift": {
          "score": 0,
          "median": 0,
          "min": 0,
          "mean": 0,
          "p95": 0,
          "sd": 0,
          "rme": 0,
          "scoreRme": 0,
          "warmupRatio": 1,
          "samples": 5
        }
      },
      "meta": {
        "gate": "passed",
        "categories": {
          "performance": {
            "threshold": 80,
            "score": 100,
            "median": 100,
            "min": 100,
            "samples": [100, 100, 100, 100, 100],
            "meetsThreshold": true
          },
          "accessibility": {
            "threshold": 90,
            "score": 100,
            "median": 100,
            "min": 100,
            "samples": [100, 100, 100, 100, 100],
            "meetsThreshold": true
          },
          "best-practices": {
            "threshold": 80,
            "score": 100,
            "median": 100,
            "min": 100,
            "samples": [100, 100, 100, 100, 100],
            "meetsThreshold": true
          },
          "seo": {
            "threshold": 90,
            "score": 100,
            "median": 100,
            "min": 100,
            "samples": [100, 100, 100, 100, 100],
            "meetsThreshold": true
          }
        },
        "suboptimalAudits": {
          "performance": [],
          "accessibility": [],
          "best-practices": [],
          "seo": []
        },
        "lighthouseVersion": "13.4.0",
        "chromeUserAgent": "Mozilla/5.0 (Macintosh; Intel Mac OS X 10_15_7) AppleWebKit/537.36 (KHTML, like Gecko) HeadlessChrome/149.0.0.0 Safari/537.36",
        "runWarnings": [],
        "networkRequestCount": 8,
        "formFactor": "desktop",
        "throttlingMethod": "simulate",
        "mockMode": true
      }
    }
  ],
  "harnessExit": 0
}
