{
  "suite": "weather-app-lighthouse",
  "iterations": 5,
  "targets": [
    {
      "name": "octane-tsrx",
      "ops": {
        "first_contentful_paint": {
          "score": 362.47356,
          "median": 362.3885,
          "min": 362.134,
          "mean": 362.47356,
          "p95": 362.9241,
          "sd": 0.35486085019342634,
          "rme": 0.12153915570748812,
          "scoreRme": 0.12153915570748812,
          "warmupRatio": 1,
          "samples": 5
        },
        "largest_contentful_paint": {
          "score": 403.71034000000003,
          "median": 403.58275000000003,
          "min": 403.201,
          "mean": 403.71034000000003,
          "p95": 404.38615000000004,
          "sd": 0.5322912752901365,
          "rme": 0.16368690401397923,
          "scoreRme": 0.16368690401397923,
          "warmupRatio": 1,
          "samples": 5
        },
        "speed_index": {
          "score": 362.47356,
          "median": 362.3885,
          "min": 362.134,
          "mean": 362.47356,
          "p95": 362.9241,
          "sd": 0.35486085019342634,
          "rme": 0.12153915570748812,
          "scoreRme": 0.12153915570748812,
          "warmupRatio": 1,
          "samples": 5
        },
        "total_blocking_time": {
          "score": 0,
          "median": 0,
          "min": 0,
          "mean": 0,
          "p95": 0,
          "sd": 0,
          "rme": 0,
          "scoreRme": 0,
          "warmupRatio": 1,
          "samples": 5
        },
        "cumulative_layout_shift": {
          "score": 0,
          "median": 0,
          "min": 0,
          "mean": 0,
          "p95": 0,
          "sd": 0,
          "rme": 0,
          "scoreRme": 0,
          "warmupRatio": 1,
          "samples": 5
        }
      },
      "meta": {
        "gate": "passed",
        "categories": {
          "performance": {
            "threshold": 80,
            "score": 100,
            "median": 100,
            "min": 100,
            "samples": [100, 100, 100, 100, 100],
            "meetsThreshold": true
          },
          "accessibility": {
            "threshold": 90,
            "score": 100,
            "median": 100,
            "min": 100,
            "samples": [100, 100, 100, 100, 100],
            "meetsThreshold": true
          },
          "best-practices": {
            "threshold": 80,
            "score": 100,
            "median": 100,
            "min": 100,
            "samples": [100, 100, 100, 100, 100],
            "meetsThreshold": true
          },
          "seo": {
            "threshold": 90,
            "score": 100,
            "median": 100,
            "min": 100,
            "samples": [100, 100, 100, 100, 100],
            "meetsThreshold": true
          }
        },
        "suboptimalAudits": {
          "performance": [],
          "accessibility": [],
          "best-practices": [],
          "seo": []
        },
        "lighthouseVersion": "13.4.0",
        "chromeUserAgent": "Mozilla/5.0 (Macintosh; Intel Mac OS X 10_15_7) AppleWebKit/537.36 (KHTML, like Gecko) HeadlessChrome/149.0.0.0 Safari/537.36",
        "runWarnings": [],
        "networkRequestCount": 8,
        "formFactor": "desktop",
        "throttlingMethod": "simulate",
        "mockMode": true
      }
    },
    {
      "name": "react",
      "ops": {
        "first_contentful_paint": {
          "score": 362.36742,
          "median": 362.282,
          "min": 361.7719,
          "mean": 362.36742,
          "p95": 362.8386,
          "sd": 0.41678056216670617,
          "rme": 0.14278834892640194,
          "scoreRme": 0.14278834892640194,
          "warmupRatio": 1,
          "samples": 5
        },
        "largest_contentful_paint": {
          "score": 403.55113,
          "median": 403.423,
          "min": 402.65785,
          "mean": 403.55113,
          "p95": 404.2579,
          "sd": 0.6251708432500724,
          "rme": 0.1923244977898629,
          "scoreRme": 0.1923244977898629,
          "warmupRatio": 1,
          "samples": 5
        },
        "speed_index": {
          "score": 362.36742,
          "median": 362.282,
          "min": 361.7719,
          "mean": 362.36742,
          "p95": 362.8386,
          "sd": 0.41678056216670617,
          "rme": 0.14278834892640194,
          "scoreRme": 0.14278834892640194,
          "warmupRatio": 1,
          "samples": 5
        },
        "total_blocking_time": {
          "score": 0,
          "median": 0,
          "min": 0,
          "mean": 0,
          "p95": 0,
          "sd": 0,
          "rme": 0,
          "scoreRme": 0,
          "warmupRatio": 1,
          "samples": 5
        },
        "cumulative_layout_shift": {
          "score": 0.000039631073159506855,
          "median": 0,
          "min": 0,
          "mean": 0.000039631073159506855,
          "p95": 0.0001981553657975343,
          "sd": 0.00008861777360592469,
          "rme": 277.59999999999997,
          "scoreRme": 277.59999999999997,
          "warmupRatio": 1,
          "samples": 5
        }
      },
      "meta": {
        "gate": "passed",
        "categories": {
          "performance": {
            "threshold": 80,
            "score": 100,
            "median": 100,
            "min": 100,
            "samples": [100, 100, 100, 100, 100],
            "meetsThreshold": true
          },
          "accessibility": {
            "threshold": 90,
            "score": 100,
            "median": 100,
            "min": 100,
            "samples": [100, 100, 100, 100, 100],
            "meetsThreshold": true
          },
          "best-practices": {
            "threshold": 80,
            "score": 100,
            "median": 100,
            "min": 100,
            "samples": [100, 100, 100, 100, 100],
            "meetsThreshold": true
          },
          "seo": {
            "threshold": 90,
            "score": 100,
            "median": 100,
            "min": 100,
            "samples": [100, 100, 100, 100, 100],
            "meetsThreshold": true
          }
        },
        "suboptimalAudits": {
          "performance": [],
          "accessibility": [],
          "best-practices": [],
          "seo": []
        },
        "lighthouseVersion": "13.4.0",
        "chromeUserAgent": "Mozilla/5.0 (Macintosh; Intel Mac OS X 10_15_7) AppleWebKit/537.36 (KHTML, like Gecko) HeadlessChrome/149.0.0.0 Safari/537.36",
        "runWarnings": [],
        "networkRequestCount": 8,
        "formFactor": "desktop",
        "throttlingMethod": "simulate",
        "mockMode": true
      }
    },
    {
      "name": "preact",
      "ops": {
        "first_contentful_paint": {
          "score": 286.46180000000004,
          "median": 288.4697,
          "min": 282.5269,
          "mean": 286.46180000000004,
          "p95": 288.9701,
          "sd": 3.1373408230538153,
          "rme": 1.3596572527743183,
          "scoreRme": 1.3596572527743183,
          "warmupRatio": 1,
          "samples": 5
        },
        "largest_contentful_paint": {
          "score": 327.8927,
          "median": 329.70455,
          "min": 323.79035,
          "mean": 327.8927,
          "p95": 330.45515,
          "sd": 3.08479200919609,
          "rme": 1.1679616929644034,
          "scoreRme": 1.1679616929644034,
          "warmupRatio": 1,
          "samples": 5
        },
        "speed_index": {
          "score": 286.46180000000004,
          "median": 288.4697,
          "min": 282.5269,
          "mean": 286.46180000000004,
          "p95": 288.9701,
          "sd": 3.1373408230538153,
          "rme": 1.3596572527743183,
          "scoreRme": 1.3596572527743183,
          "warmupRatio": 1,
          "samples": 5
        },
        "total_blocking_time": {
          "score": 0,
          "median": 0,
          "min": 0,
          "mean": 0,
          "p95": 0,
          "sd": 0,
          "rme": 0,
          "scoreRme": 0,
          "warmupRatio": 1,
          "samples": 5
        },